-- Full database dump
-- Generated automatically

-- ENUM TYPES
-- CREATE TYPE auth.factor_type AS ENUM ('totp', 'webauthn', 'phone');
-- CREATE TYPE auth.factor_status AS ENUM ('unverified', 'verified');
-- CREATE TYPE auth.aal_level AS ENUM ('aal1', 'aal2', 'aal3');
-- CREATE TYPE auth.code_challenge_method AS ENUM ('s256', 'plain');
-- CREATE TYPE auth.one_time_token_type AS ENUM ('confirmation_token', 'reauthentication_token', 'recovery_token', 'email_change_token_new', 'email_change_token_current', 'phone_change_token');
-- CREATE TYPE auth.oauth_registration_type AS ENUM ('dynamic', 'manual');
-- CREATE TYPE auth.oauth_authorization_status AS ENUM ('pending', 'approved', 'denied', 'expired');
-- CREATE TYPE auth.oauth_response_type AS ENUM ('code');
-- CREATE TYPE auth.oauth_client_type AS ENUM ('public', 'confidential');
-- CREATE TYPE realtime.equality_op AS ENUM ('eq', 'neq', 'lt', 'lte', 'gt', 'gte', 'in');
-- CREATE TYPE realtime.action AS ENUM ('INSERT', 'UPDATE', 'DELETE', 'TRUNCATE', 'ERROR');
-- CREATE TYPE storage.buckettype AS ENUM ('STANDARD', 'ANALYTICS', 'VECTOR');
-- CREATE TYPE app_role AS ENUM ('super_admin', 'admin_config', 'warehouse', 'store_manager', 'finance', 'readonly');
-- CREATE TYPE identifier_type AS ENUM ('imei', 'serial', 'iccid', 'mac');
-- CREATE TYPE unit_status AS ENUM ('in_stock', 'sold', 'returned');
-- CREATE TYPE movement_type AS ENUM ('in', 'out', 'transfer');
-- CREATE TYPE reference_type AS ENUM ('purchase', 'sale', 'return', 'manual');
-- CREATE TYPE document_type AS ENUM ('order', 'ddt', 'invoice', 'cash_order');
-- CREATE TYPE document_status AS ENUM ('draft', 'registered', 'completed');
-- CREATE TYPE cash_flow_status AS ENUM ('pending', 'partial', 'settled', 'cancelled');
-- CREATE TYPE cash_flow_direction AS ENUM ('in', 'out');

-- DATABASE FUNCTIONS (see supabase migrations for full definitions)

-- TABLE: companies
-- Columns: id, name, created_at, updated_at
-- 4 row(s)

INSERT INTO public.companies (id, name, created_at, updated_at) VALUES ('a22afc8c-e2a8-46d1-9e1b-1be08ae273f3', 'EasyDigital Group Srl', '2026-02-14T12:07:44.061244+00:00', '2026-02-14T12:07:44.061244+00:00');
INSERT INTO public.companies (id, name, created_at, updated_at) VALUES ('e7a9ed0b-926d-4d4f-b941-3fa48c3960ab', 'CMS Srl', '2026-02-14T12:08:01.142876+00:00', '2026-02-14T12:08:01.142876+00:00');
INSERT INTO public.companies (id, name, created_at, updated_at) VALUES ('85156dd8-f244-48b1-9b05-bafca365d375', 'CMS Evolution Srl', '2026-02-24T15:20:39.497749+00:00', '2026-02-24T15:20:39.497749+00:00');
INSERT INTO public.companies (id, name, created_at, updated_at) VALUES ('999a407e-8864-4530-a781-6c264e4f652e', 'Phone&Phone Srl', '2026-02-24T15:20:55.451067+00:00', '2026-02-24T15:20:55.451067+00:00');

-- TABLE: stores
-- Columns: id, name, company_id, created_at, updated_at
-- 16 row(s)

INSERT INTO public.stores (id, name, company_id, created_at, updated_at) VALUES ('6261582a-d13f-4ac6-bad5-b19b57a02bfc', 'WindTre Fiumicino', 'e7a9ed0b-926d-4d4f-b941-3fa48c3960ab', '2026-02-14T12:08:12.495552+00:00', '2026-02-14T12:08:12.495552+00:00');
INSERT INTO public.stores (id, name, company_id, created_at, updated_at) VALUES ('ef4934b4-db06-4def-98e4-3a63110c2b4e', 'WindTre Porta di Roma', 'e7a9ed0b-926d-4d4f-b941-3fa48c3960ab', '2026-02-23T16:57:28.043957+00:00', '2026-02-23T16:58:32.526424+00:00');
INSERT INTO public.stores (id, name, company_id, created_at, updated_at) VALUES ('b9c2a011-0a7e-4f96-8b1a-7419c62c8aa0', 'WindTre Parco Leonardo', 'e7a9ed0b-926d-4d4f-b941-3fa48c3960ab', '2026-02-24T15:22:14.452083+00:00', '2026-02-24T15:22:14.452083+00:00');
INSERT INTO public.stores (id, name, company_id, created_at, updated_at) VALUES ('7c578038-9b77-460c-b496-ed9e3578c714', 'WindTre Pomezia', 'e7a9ed0b-926d-4d4f-b941-3fa48c3960ab', '2026-02-24T15:22:38.257319+00:00', '2026-02-24T15:22:38.257319+00:00');
INSERT INTO public.stores (id, name, company_id, created_at, updated_at) VALUES ('b8260136-88a7-4bb5-bdcf-395575f4a692', 'WindTre Civitavecchia', 'e7a9ed0b-926d-4d4f-b941-3fa48c3960ab', '2026-02-24T15:22:54.432569+00:00', '2026-02-24T15:22:54.432569+00:00');
INSERT INTO public.stores (id, name, company_id, created_at, updated_at) VALUES ('809a6812-ed42-4f82-959b-864325fe8236', 'WindTre Tiburtina', 'e7a9ed0b-926d-4d4f-b941-3fa48c3960ab', '2026-02-24T15:23:12.074901+00:00', '2026-02-24T15:23:12.074901+00:00');
INSERT INTO public.stores (id, name, company_id, created_at, updated_at) VALUES ('53ed850e-df30-4665-8385-d4896151a590', 'WindTre Candia', 'e7a9ed0b-926d-4d4f-b941-3fa48c3960ab', '2026-02-24T15:23:46.752542+00:00', '2026-02-24T15:23:46.752542+00:00');
INSERT INTO public.stores (id, name, company_id, created_at, updated_at) VALUES ('378aa798-6e24-4482-a5d5-2011b2716d2e', 'WindTre San Cesareo', 'e7a9ed0b-926d-4d4f-b941-3fa48c3960ab', '2026-02-24T15:23:57.423505+00:00', '2026-02-24T15:23:57.423505+00:00');
INSERT INTO public.stores (id, name, company_id, created_at, updated_at) VALUES ('f85b99d9-982d-4e06-96f6-0cb6a29d976b', 'WindTre Jesi', 'e7a9ed0b-926d-4d4f-b941-3fa48c3960ab', '2026-02-24T15:24:09.617968+00:00', '2026-02-24T15:24:09.617968+00:00');
INSERT INTO public.stores (id, name, company_id, created_at, updated_at) VALUES ('a0bc1be0-f615-4334-99fa-612b812babe9', 'WindTre Prenestina', 'e7a9ed0b-926d-4d4f-b941-3fa48c3960ab', '2026-02-24T15:24:24.03708+00:00', '2026-02-24T15:24:24.03708+00:00');
INSERT INTO public.stores (id, name, company_id, created_at, updated_at) VALUES ('f20ee7a6-2d76-43ec-ba50-a0fa3d2cd44d', 'WindTre Pesaro Rossini', 'e7a9ed0b-926d-4d4f-b941-3fa48c3960ab', '2026-02-24T15:24:39.202674+00:00', '2026-02-24T15:24:39.202674+00:00');
INSERT INTO public.stores (id, name, company_id, created_at, updated_at) VALUES ('9802adbd-f5a8-4b7c-a3cc-8d984cb05aec', 'WindTre Pesaro Branca', 'e7a9ed0b-926d-4d4f-b941-3fa48c3960ab', '2026-02-24T15:25:00.11576+00:00', '2026-02-24T15:25:00.11576+00:00');
INSERT INTO public.stores (id, name, company_id, created_at, updated_at) VALUES ('620d6c30-b680-4743-ba82-a3150da3beca', 'WindTre Tuscolana ', '85156dd8-f244-48b1-9b05-bafca365d375', '2026-02-24T15:23:24.966611+00:00', '2026-02-24T15:25:09.139512+00:00');
INSERT INTO public.stores (id, name, company_id, created_at, updated_at) VALUES ('2d1eeef5-2710-4c4b-9174-a17b6056a471', 'WindTre Miralfiore', 'e7a9ed0b-926d-4d4f-b941-3fa48c3960ab', '2026-02-24T15:25:26.858062+00:00', '2026-02-24T15:25:26.858062+00:00');
INSERT INTO public.stores (id, name, company_id, created_at, updated_at) VALUES ('e06d2355-dabe-4e80-9fa4-64ffc9f39152', 'WindTre Senigallia', 'e7a9ed0b-926d-4d4f-b941-3fa48c3960ab', '2026-02-24T15:25:51.284262+00:00', '2026-02-24T15:25:51.284262+00:00');
INSERT INTO public.stores (id, name, company_id, created_at, updated_at) VALUES ('12b4da23-aa94-4a34-98bf-116d702b22de', 'WindTre Cinecittà', 'e7a9ed0b-926d-4d4f-b941-3fa48c3960ab', '2026-02-24T15:31:11.435445+00:00', '2026-02-24T15:31:11.435445+00:00');

-- TABLE: warehouses
-- Columns: id, name, store_id, created_at, updated_at
-- 16 row(s)

INSERT INTO public.warehouses (id, name, store_id, created_at, updated_at) VALUES ('ad73083e-460a-4563-a5a1-672a4766c749', 'MAGAZZINO W3 Porta di Roma ', 'ef4934b4-db06-4def-98e4-3a63110c2b4e', '2026-02-23T16:58:04.069345+00:00', '2026-02-23T16:58:14.091123+00:00');
INSERT INTO public.warehouses (id, name, store_id, created_at, updated_at) VALUES ('f33dcf9e-12be-40b5-8c5a-845251248fba', 'MAGAZZINO W3 FIumicino', '6261582a-d13f-4ac6-bad5-b19b57a02bfc', '2026-02-14T12:08:29.930247+00:00', '2026-02-24T15:26:13.000426+00:00');
INSERT INTO public.warehouses (id, name, store_id, created_at, updated_at) VALUES ('bdc77d3b-6f92-403b-9d0a-4bd7071a3a84', 'MAGAZZINO W3 Parco Leonardo', 'b9c2a011-0a7e-4f96-8b1a-7419c62c8aa0', '2026-02-24T15:26:27.783833+00:00', '2026-02-24T15:26:27.783833+00:00');
INSERT INTO public.warehouses (id, name, store_id, created_at, updated_at) VALUES ('e5825784-1fa5-4ee0-8d64-4c7574eea781', 'MAGAZZINO W3 Pomezia', '7c578038-9b77-460c-b496-ed9e3578c714', '2026-02-24T15:26:40.937943+00:00', '2026-02-24T15:26:40.937943+00:00');
INSERT INTO public.warehouses (id, name, store_id, created_at, updated_at) VALUES ('4346a651-e623-4fc5-81dd-87823053dc94', 'MAGAZZINO W3 Civitavecchia', 'b8260136-88a7-4bb5-bdcf-395575f4a692', '2026-02-24T15:27:13.059299+00:00', '2026-02-24T15:27:13.059299+00:00');
INSERT INTO public.warehouses (id, name, store_id, created_at, updated_at) VALUES ('01b74063-7f7e-421a-8414-1786c46db569', 'MAGAZZINO W3 Tiburtina', '809a6812-ed42-4f82-959b-864325fe8236', '2026-02-24T15:27:29.74979+00:00', '2026-02-24T15:27:29.74979+00:00');
INSERT INTO public.warehouses (id, name, store_id, created_at, updated_at) VALUES ('7cb548d0-1e5c-4b1f-9dc0-f082c4d31673', 'MAGAZZINO W3 Tuscolana', '620d6c30-b680-4743-ba82-a3150da3beca', '2026-02-24T15:27:42.584578+00:00', '2026-02-24T15:27:42.584578+00:00');
INSERT INTO public.warehouses (id, name, store_id, created_at, updated_at) VALUES ('25d7a3e5-ca76-4c6f-991e-742e3549315a', 'MAGAZZINO W3 Candia', '53ed850e-df30-4665-8385-d4896151a590', '2026-02-24T15:27:51.834694+00:00', '2026-02-24T15:27:51.834694+00:00');
INSERT INTO public.warehouses (id, name, store_id, created_at, updated_at) VALUES ('ce483efe-b036-421e-b584-3eedd36f1c56', 'MAGAZZINO W3 San Cesareo', '378aa798-6e24-4482-a5d5-2011b2716d2e', '2026-02-24T15:28:04.83457+00:00', '2026-02-24T15:28:04.83457+00:00');
INSERT INTO public.warehouses (id, name, store_id, created_at, updated_at) VALUES ('4e582c6f-b387-4920-9c18-5d06602e32cd', 'MAGAZZINO W3 Jesi', 'f85b99d9-982d-4e06-96f6-0cb6a29d976b', '2026-02-24T15:29:46.633618+00:00', '2026-02-24T15:29:46.633618+00:00');
INSERT INTO public.warehouses (id, name, store_id, created_at, updated_at) VALUES ('bedcc8f7-6b87-4740-bebf-416dd5f25361', 'MAGAZZINO W3 Prenestina', 'a0bc1be0-f615-4334-99fa-612b812babe9', '2026-02-24T15:29:56.794611+00:00', '2026-02-24T15:29:56.794611+00:00');
INSERT INTO public.warehouses (id, name, store_id, created_at, updated_at) VALUES ('738c600f-6ba2-41f4-865f-0295a2cec0c2', 'MAGAZZINO W3 Pesaro Rossini', 'f20ee7a6-2d76-43ec-ba50-a0fa3d2cd44d', '2026-02-24T15:30:11.675428+00:00', '2026-02-24T15:30:11.675428+00:00');
INSERT INTO public.warehouses (id, name, store_id, created_at, updated_at) VALUES ('40185676-6b0d-4c19-a1c5-dfdb793afdd4', 'MAGAZZINO W3 Pesaro Branca', '9802adbd-f5a8-4b7c-a3cc-8d984cb05aec', '2026-02-24T15:30:22.092408+00:00', '2026-02-24T15:30:22.092408+00:00');
INSERT INTO public.warehouses (id, name, store_id, created_at, updated_at) VALUES ('a52d2062-efdc-4b91-848b-402d298ea685', 'MAGAZZINO W3 Miralfiore', '2d1eeef5-2710-4c4b-9174-a17b6056a471', '2026-02-24T15:30:30.625504+00:00', '2026-02-24T15:30:30.625504+00:00');
INSERT INTO public.warehouses (id, name, store_id, created_at, updated_at) VALUES ('fa84c868-2b3d-4d27-9f89-f9e891cb4849', 'MAGAZZINO W3 Senigallia', 'e06d2355-dabe-4e80-9fa4-64ffc9f39152', '2026-02-24T15:30:40.810715+00:00', '2026-02-24T15:30:40.810715+00:00');
INSERT INTO public.warehouses (id, name, store_id, created_at, updated_at) VALUES ('cd10571e-1cd3-4ece-a25c-3bc1f699e98e', 'MAGAZZINO W3 Cinecittà', '12b4da23-aa94-4a34-98bf-116d702b22de', '2026-02-24T15:31:27.515605+00:00', '2026-02-24T15:31:27.515605+00:00');

-- TABLE: suppliers
-- Columns: id, name, created_at, updated_at
-- 1 row(s)

INSERT INTO public.suppliers (id, name, created_at, updated_at) VALUES ('60b997f0-e605-413f-9c9f-f6418bd35834', 'WindTre Spa', '2026-02-14T12:08:39.000151+00:00', '2026-02-14T12:08:39.000151+00:00');

-- TABLE: product_skus
-- Columns: id, code, brand, description, is_serialized, created_at, updated_at
-- 84 row(s)

INSERT INTO public.product_skus (id, code, brand, description, is_serialized, created_at, updated_at) VALUES ('08d1b1bb-4eef-407d-a475-af68c7e08a06', '0TAL25700U0001', 'Apple', 'iPhone 17', true, '2026-02-14T12:17:01.289138+00:00', '2026-02-23T17:09:04.10172+00:00');
INSERT INTO public.product_skus (id, code, brand, description, is_serialized, created_at, updated_at) VALUES ('660cfd6c-9899-491e-a9a8-bb097570d930', '0TVIVOX3OU7003', 'VIVO X300', 'Terminale VIVO X300 512GB Phantom Black', false, '2026-02-24T16:56:42.404809+00:00', '2026-02-24T16:56:42.404809+00:00');
INSERT INTO public.product_skus (id, code, brand, description, is_serialized, created_at, updated_at) VALUES ('cc85f1c9-1a90-47e7-b36a-a5aefbbf63a1', '0TZTBLA3OU7017', 'ZTE BLADE A35e', 'Terminale ZTE BLADE A35e 2GB+64GB SILVER GRAY', false, '2026-02-23T17:33:16.534585+00:00', '2026-02-23T17:35:09.316573+00:00');
INSERT INTO public.product_skus (id, code, brand, description, is_serialized, created_at, updated_at) VALUES ('7ab7757e-ef7d-443d-b6e4-5ec00cc09696', '0TZTBLA7OU7035', 'ZTE BLADE A76 5G', 'Terminale ZTE BLADE A76 5G 4GB+128GB Stardust Black', false, '2026-02-23T17:36:16.187872+00:00', '2026-02-23T17:36:16.187872+00:00');
INSERT INTO public.product_skus (id, code, brand, description, is_serialized, created_at, updated_at) VALUES ('aa875050-e917-43d9-a8ee-68b3d6d84a5f', '0TZTNU51OU7003', 'ZTE NUBIA AIR 5G', 'Terminale ZTE NUBIA AIR 5G 8GB+512GB BLACK', false, '2026-02-23T17:36:55.584623+00:00', '2026-02-23T17:36:55.584623+00:00');
INSERT INTO public.product_skus (id, code, brand, description, is_serialized, created_at, updated_at) VALUES ('5d8e16d7-74e4-4d46-a186-deb7db108507', '0TZTNU51OU7004', 'ZTE NUBIA AIR 5G', 'Terminale ZTE NUBIA AIR 5G 8GB+512GB GOLD', false, '2026-02-23T17:37:38.15951+00:00', '2026-02-23T17:37:38.15951+00:00');
INSERT INTO public.product_skus (id, code, brand, description, is_serialized, created_at, updated_at) VALUES ('dedf18b5-7c67-49c9-9866-239ca751cfa7', '0TMOED60OU7003', 'MOTOROLA EDGE 60', 'Terminale MOTOROLA EDGE 60 8GB+256GB GIBRALTAR SEA', false, '2026-02-24T15:50:24.558932+00:00', '2026-02-24T15:50:51.45149+00:00');
INSERT INTO public.product_skus (id, code, brand, description, is_serialized, created_at, updated_at) VALUES ('69a55ef6-530c-4364-85a9-a3a978d6bafc', '0TMOMOG8OU7012', 'MOTOROLA MOTO G86', 'Terminale MOTOROLA MOTO G86 5G 8GB+256GB SPELLBOUND', false, '2026-02-24T15:52:08.795057+00:00', '2026-02-24T15:52:08.795057+00:00');
INSERT INTO public.product_skus (id, code, brand, description, is_serialized, created_at, updated_at) VALUES ('8400d576-0957-4a3e-a0c5-877bd16705b9', '0TXIRE15OU7004', 'XIAOMI REDMI 15', 'Terminale XIAOMI REDMI 15 5G 8GB+256GB MIDNIGHT BLACK', false, '2026-02-24T15:52:30.193548+00:00', '2026-02-24T15:52:30.193548+00:00');
INSERT INTO public.product_skus (id, code, brand, description, is_serialized, created_at, updated_at) VALUES ('d9cacdb4-ecec-4169-8aec-d160a5513016', '0TXIREN5OU7011', 'XIAOMI REDMI NOTE 15 PRO', 'Terminale XIAOMI REDMI NOTE 15 PRO 5G 8GB+256GB Black', false, '2026-02-24T15:54:13.996671+00:00', '2026-02-24T15:54:41.479587+00:00');
INSERT INTO public.product_skus (id, code, brand, description, is_serialized, created_at, updated_at) VALUES ('1cd5a71b-a48e-4ddb-887c-2ad4c557b666', '0TMOMOG3OU7010', 'MOTOROLA MOTO G35', 'Terminale MOTOROLA MOTO G35 5G 4GB+128GB MIDNIGHT BLACK', false, '2026-02-24T15:54:29.15758+00:00', '2026-02-24T15:54:46.433586+00:00');
INSERT INTO public.product_skus (id, code, brand, description, is_serialized, created_at, updated_at) VALUES ('690e892f-3f9f-4ca3-b3fa-5a9f7423d978', '0TSAGAA1OU7205', 'SAMSUNG GALAXY A17', 'Terminale SAMSUNG GALAXY A17 5G 128GB BLACK', false, '2026-02-24T15:53:35.322267+00:00', '2026-02-24T15:54:50.862092+00:00');
INSERT INTO public.product_skus (id, code, brand, description, is_serialized, created_at, updated_at) VALUES ('27f2a920-da58-447a-9999-f0dfca36cfa0', '0TVIVOV6OU7003', ' VIVO V60 LITE', 'Terminale VIVO V60 LITE 5G CON ACCESSORI 8GB+256GB ELEGANT BLACK', false, '2026-02-24T15:52:59.134822+00:00', '2026-02-24T15:54:55.620507+00:00');
INSERT INTO public.product_skus (id, code, brand, description, is_serialized, created_at, updated_at) VALUES ('fcce65d0-d0d6-40d0-92e8-159fa6813c6d', '0TXIRE15OU7034', 'XIAOMI REDMI 15C', 'Terminale XIAOMI REDMI 15C 5G 4GB+128GB Midnight Black', false, '2026-02-24T15:53:16.864849+00:00', '2026-02-24T15:55:01.37289+00:00');
INSERT INTO public.product_skus (id, code, brand, description, is_serialized, created_at, updated_at) VALUES ('a6d38dbd-e1b5-42a3-99a5-d3dfa1bfa229', '0TXIREN5OU7004', 'XIAOMI REDMI NOTE 15', 'Terminale XIAOMI REDMI NOTE 15 5G 8GB+256GB Black', false, '2026-02-24T15:53:59.683852+00:00', '2026-02-24T15:55:07.027984+00:00');
INSERT INTO public.product_skus (id, code, brand, description, is_serialized, created_at, updated_at) VALUES ('a9de06c8-bd9a-4163-9d0e-a34391cccd44', '0TZTNUFOOU7007', 'ZTE NUBIA FOCUS 2', 'Terminale ZTE NUBIA FOCUS 2 5G 8GB+256GB OBSIDIAN BLACK', false, '2026-02-23T17:35:47.679299+00:00', '2026-02-24T15:55:15.675407+00:00');
INSERT INTO public.product_skus (id, code, brand, description, is_serialized, created_at, updated_at) VALUES ('423888ae-aaf6-406d-bf42-b7af689ac47c', '0TTC5032OU7008', 'TCL 501', 'Terminale TCL 501 2GB + 64GB Prime Black', false, '2026-02-24T15:55:59.117944+00:00', '2026-02-24T15:55:59.117944+00:00');
INSERT INTO public.product_skus (id, code, brand, description, is_serialized, created_at, updated_at) VALUES ('8f491fee-d67c-456c-bbaa-054552b289e3', '0TTC60R5OU7003', 'TCL 60R ', 'Terminale TCL 60R 5G 4GB+128GB Space Gray', false, '2026-02-24T15:56:14.033705+00:00', '2026-02-24T15:56:14.033705+00:00');
INSERT INTO public.product_skus (id, code, brand, description, is_serialized, created_at, updated_at) VALUES ('c090f105-3e19-4980-b90e-a27305512f23', '0TSAGAA5OU7106', 'SAMSUNG GALAXY A56', 'Terminale SAMSUNG GALAXY A56 5G 256GB Awesome Graphite', false, '2026-02-24T15:56:32.921506+00:00', '2026-02-24T15:56:32.921506+00:00');
INSERT INTO public.product_skus (id, code, brand, description, is_serialized, created_at, updated_at) VALUES ('0993899f-96ef-4cfd-b7cd-1635c6318fdc', '0TSAGAA3OU7061', 'SAMSUNG GALAXY A36', 'Terminale SAMSUNG GALAXY A36 5G 6+128GB Awesome Black', false, '2026-02-24T15:56:45.682702+00:00', '2026-02-24T15:56:45.682702+00:00');
INSERT INTO public.product_skus (id, code, brand, description, is_serialized, created_at, updated_at) VALUES ('2b7bd8b0-08dd-4b5c-968a-45224330c916', '0TSAGAA2OU7060', 'SAMSUNG GALAXY A26', 'Terminale SAMSUNG GALAXY A26 5G 6+128GB Black', false, '2026-02-24T15:57:00.431201+00:00', '2026-02-24T15:57:00.431201+00:00');
INSERT INTO public.product_skus (id, code, brand, description, is_serialized, created_at, updated_at) VALUES ('25b1f76b-44aa-4a4f-a81d-9a5a90632084', '0ASBAV7092', 'SBS', 'Lampadina decorativa da tavolo', false, '2026-02-14T12:18:44.608531+00:00', '2026-02-24T15:58:28.954481+00:00');
INSERT INTO public.product_skus (id, code, brand, description, is_serialized, created_at, updated_at) VALUES ('ab0a852d-a067-4012-b368-cb4671ebc3f7', '0THO40LTOU7003', 'HONOR 400 Lite', 'Terminale HONOR 400 Lite 8GB+256GB VELVET BLACK_TM', false, '2026-02-24T16:15:57.379612+00:00', '2026-02-24T16:15:57.379612+00:00');
INSERT INTO public.product_skus (id, code, brand, description, is_serialized, created_at, updated_at) VALUES ('99ae33d2-576f-425c-a9c8-866926a43dc6', '0THO4080OU7003', 'HONOR 400', 'Terminale HONOR 400 8GB+512GB MIDNIGHT BLACK_TM', false, '2026-02-24T16:16:13.557808+00:00', '2026-02-24T16:16:13.557808+00:00');
INSERT INTO public.product_skus (id, code, brand, description, is_serialized, created_at, updated_at) VALUES ('1780c515-95fb-46ed-bfa8-32f920a22ac5', '0THO40SMOU7003', 'HONOR 400 SMART', 'Terminale HONOR 400 SMART 4GB+128GB BLACK_TM', false, '2026-02-24T16:16:29.087113+00:00', '2026-02-24T16:16:29.087113+00:00');
INSERT INTO public.product_skus (id, code, brand, description, is_serialized, created_at, updated_at) VALUES ('c19ca39b-10bd-4c2b-a072-11ede3b47c9e', '0THOMA8POU7002', 'HONOR MAGIC 8 PRO', 'Terminale HONOR MAGIC 8 PRO 12GB+512GB BLACK', false, '2026-02-24T16:17:37.233269+00:00', '2026-02-24T16:17:37.233269+00:00');
INSERT INTO public.product_skus (id, code, brand, description, is_serialized, created_at, updated_at) VALUES ('8331d416-99df-4c31-a222-06231a28e3de', '0TXI1551OU7011', 'XIAOMI 15T', 'Terminale XIAOMI 15T 12GB+512GB ROSE GOLD', false, '2026-02-24T16:29:33.101148+00:00', '2026-02-24T16:29:33.101148+00:00');
INSERT INTO public.product_skus (id, code, brand, description, is_serialized, created_at, updated_at) VALUES ('05e222c9-3531-4005-acee-18973b1b09c7', '0TXIRE15OU7006', 'XIAOMI REDMI 15', 'Terminale XIAOMI REDMI 15 5G 8GB+256GB RIPPLE GREEN', false, '2026-02-24T16:29:54.704859+00:00', '2026-02-24T16:29:54.704859+00:00');
INSERT INTO public.product_skus (id, code, brand, description, is_serialized, created_at, updated_at) VALUES ('b912ee0e-c58e-465c-8415-acab3db374c6', '0TXIRE15OU7035', 'XIAOMI REDMI 15C', 'Terminale XIAOMI REDMI 15C 5G 4GB+128GB Mint Green', false, '2026-02-24T16:30:25.495103+00:00', '2026-02-24T16:30:25.495103+00:00');
INSERT INTO public.product_skus (id, code, brand, description, is_serialized, created_at, updated_at) VALUES ('6f513e02-f690-4ba0-b9b5-457bd4e33568', '0TXIREN5OU7006', 'XIAOMI REDMI NOTE 15', 'Terminale XIAOMI REDMI NOTE 15 5G 8GB+256GB Glacier Blue', false, '2026-02-24T16:30:40.736873+00:00', '2026-02-24T16:30:40.736873+00:00');
INSERT INTO public.product_skus (id, code, brand, description, is_serialized, created_at, updated_at) VALUES ('1b7e0467-3bd5-430f-8043-c4bdb1e2f247', '0TXIREN5OU7019', 'XIAOMI REDMI NOTE 15 PRO+', 'Terminale XIAOMI REDMI NOTE 15 PRO+ 5G 8GB+256GB Mocha Brown', false, '2026-02-24T16:31:02.560266+00:00', '2026-02-24T16:31:02.560266+00:00');
INSERT INTO public.product_skus (id, code, brand, description, is_serialized, created_at, updated_at) VALUES ('fbe2362c-c373-4747-a36a-b67ae10e74b0', '0TVIVOV5OU7002', 'VIVO V50', 'Terminale VIVO V50 5G 12GB+512GB Satin Black', false, '2026-02-24T16:55:42.489949+00:00', '2026-02-24T16:55:42.489949+00:00');
INSERT INTO public.product_skus (id, code, brand, description, is_serialized, created_at, updated_at) VALUES ('e7db44e3-1e2d-457e-b240-943a2082ba03', '0TVIY29SOU7003', 'VIVO Y29s', 'Terminale VIVO Y29s 5G 6GB+128GB Jade Black', false, '2026-02-24T16:55:56.31068+00:00', '2026-02-24T16:55:56.31068+00:00');
INSERT INTO public.product_skus (id, code, brand, description, is_serialized, created_at, updated_at) VALUES ('a338016b-9048-4596-a26b-637980258b77', '0TSAGAA1OU7206', 'SAMSUNG GALAXY A17', 'Terminale SAMSUNG GALAXY A17 5G 128GB GRAY', false, '2026-02-24T17:32:33.793282+00:00', '2026-02-24T17:32:33.793282+00:00');
INSERT INTO public.product_skus (id, code, brand, description, is_serialized, created_at, updated_at) VALUES ('69987cce-959f-4448-9fa9-ef2c22faca2f', '0TSAGA25OU7125', 'SAMSUNG GALAXY S25 FE', 'Terminale SAMSUNG GALAXY S25 FE 256GB JETBLACK', false, '2026-02-24T17:35:33.806931+00:00', '2026-02-24T17:35:33.806931+00:00');
INSERT INTO public.product_skus (id, code, brand, description, is_serialized, created_at, updated_at) VALUES ('c98997a3-af8b-4946-ab17-821abd88697c', '0TXIRE15OU7005', 'XIAOMI REDMI 15', 'Terminale XIAOMI REDMI 15 5G 8GB+256GB TITAN GRAY', false, '2026-02-24T17:36:07.217509+00:00', '2026-02-24T17:36:07.217509+00:00');
INSERT INTO public.product_skus (id, code, brand, description, is_serialized, created_at, updated_at) VALUES ('67a132d9-76bc-4d4f-8a67-68d03fed33f5', '0TSAGA25OU7143', 'SAMSUNG GALAXY S25 ULTRA', 'Terminale SAMSUNG GALAXY S25 ULTRA 256GB TITANIUM JETBLACK', false, '2026-02-24T17:36:33.970878+00:00', '2026-02-24T17:36:33.970878+00:00');
INSERT INTO public.product_skus (id, code, brand, description, is_serialized, created_at, updated_at) VALUES ('88616397-77d4-4efc-89fb-0d466c167dda', '0TSAGAFPOU7085', 'SAMSUNG GALAXY Z FLIP 7', 'Terminale SAMSUNG GALAXY Z FLIP 7 256GB JETBLACK', false, '2026-02-24T17:38:44.116981+00:00', '2026-02-24T17:38:44.116981+00:00');
INSERT INTO public.product_skus (id, code, brand, description, is_serialized, created_at, updated_at) VALUES ('2f8c821e-bdbb-4f2b-9194-b17ef1ea7cad', '0TXI1551OU7012', 'XIAOMI 15T', 'Terminale XIAOMI 15T 12GB+512GB GREY', false, '2026-02-24T17:39:13.025247+00:00', '2026-02-24T17:39:13.025247+00:00');
INSERT INTO public.product_skus (id, code, brand, description, is_serialized, created_at, updated_at) VALUES ('ab1ba9fa-6797-4e2c-a3b2-9ba38d18f8a0', '0TXIREN5OU7018', 'XIAOMI REDMI NOTE 15 PRO+', 'Terminale XIAOMI REDMI NOTE 15 PRO+ 5G 8GB+256GB Black', false, '2026-02-24T17:39:33.861238+00:00', '2026-02-24T17:39:33.861238+00:00');
INSERT INTO public.product_skus (id, code, brand, description, is_serialized, created_at, updated_at) VALUES ('7c292049-a568-4d18-8d09-4c532a17723b', '0TXIREN5OU7020', 'XIAOMI REDMI NOTE 15 PRO+', 'Terminale XIAOMI REDMI NOTE 15 PRO+ 5G 8GB+256GB Glacier Blue', false, '2026-02-24T17:39:53.430743+00:00', '2026-02-24T17:39:53.430743+00:00');
INSERT INTO public.product_skus (id, code, brand, description, is_serialized, created_at, updated_at) VALUES ('5634d296-c35d-40f8-8593-0b579491cc18', '0TMOMOG5OU7034', 'MOTOROLA MOTO G57', 'MOTOROLA MOTO G57 5G 8GB+256GB CORSAIR GREEN', false, '2026-02-25T10:32:21.357558+00:00', '2026-02-25T10:32:21.357558+00:00');
INSERT INTO public.product_skus (id, code, brand, description, is_serialized, created_at, updated_at) VALUES ('f6e94d51-a9f4-45e2-8c50-ce9efdfac367', '0TMOMOG8OU7015', 'Motorola Moto G86 ', 'Motorola Moto G86 5G 8GB+256GB Cosimc Sky', false, '2026-02-25T10:33:12.483362+00:00', '2026-02-25T10:33:12.483362+00:00');
INSERT INTO public.product_skus (id, code, brand, description, is_serialized, created_at, updated_at) VALUES ('46b3f569-eb4a-4910-8294-3cb839781f22', '0TMOED70OU7003', 'Motorola Edge 70', '	Motorola Edge 70 Gadget Gray', false, '2026-02-25T10:34:02.112745+00:00', '2026-02-25T10:34:02.112745+00:00');
INSERT INTO public.product_skus (id, code, brand, description, is_serialized, created_at, updated_at) VALUES ('76914c02-0a75-4880-879c-384b82e364b5', '0BHOMA8LNS7001', 'HONOR', 'HONOR MAGIC 8 LITE 8GB+256GB MIDNIGHT BLACK_A', false, '2026-02-24T16:16:59.033267+00:00', '2026-03-02T13:55:28.0553+00:00');
INSERT INTO public.product_skus (id, code, brand, description, is_serialized, created_at, updated_at) VALUES ('38150ded-b34d-49b3-a132-133864679b11', '0TAL2570OU0001', 'Apple', 'iPhone 17 256GB Black', false, '2026-02-24T17:34:25.036298+00:00', '2026-03-02T13:55:55.622468+00:00');
INSERT INTO public.product_skus (id, code, brand, description, is_serialized, created_at, updated_at) VALUES ('03773853-33a4-479f-9faa-a988b450e661', '0TAL2570OU0002', 'Apple', 'iPhone 17 256GB White', false, '2026-02-24T17:34:41.29962+00:00', '2026-03-02T13:56:01.302512+00:00');
INSERT INTO public.product_skus (id, code, brand, description, is_serialized, created_at, updated_at) VALUES ('5085bda9-5683-4faf-9511-0e21e3123cc0', '0TAL2570OU0003', 'Apple', 'iPhone 17 256GB Mist Blue', false, '2026-02-24T17:40:13.374713+00:00', '2026-03-02T13:56:17.912962+00:00');
INSERT INTO public.product_skus (id, code, brand, description, is_serialized, created_at, updated_at) VALUES ('322ec2b6-0a7b-4981-b1c1-a4077ccb4804', '0TAL2570OU0004', 'Apple', 'iPhone 17 256GB Lavender', false, '2026-02-24T17:40:03.582386+00:00', '2026-03-02T13:56:22.000659+00:00');
INSERT INTO public.product_skus (id, code, brand, description, is_serialized, created_at, updated_at) VALUES ('1ae8dced-b81d-48b3-9ba9-f26826c34d80', '0TAL2570OU0005', 'Apple', 'iPhone 17 256GB Sage', false, '2026-02-24T17:37:32.258185+00:00', '2026-03-02T13:56:26.049729+00:00');
INSERT INTO public.product_skus (id, code, brand, description, is_serialized, created_at, updated_at) VALUES ('a1916c02-8ec2-4df5-83fb-126b663c5433', '0TAL257POU0003', 'Apple', 'iPhone 17 Pro 256GB Deep Blue', false, '2026-02-24T17:35:11.60297+00:00', '2026-03-02T13:57:10.51167+00:00');
INSERT INTO public.product_skus (id, code, brand, description, is_serialized, created_at, updated_at) VALUES ('4d12c3e8-7360-471f-bfe2-e03ed250acad', '0TAL257POU0001', 'Apple', 'iPhone 17 Pro 256GB Silver', false, '2026-02-24T17:34:57.023853+00:00', '2026-03-02T13:57:18.465969+00:00');
INSERT INTO public.product_skus (id, code, brand, description, is_serialized, created_at, updated_at) VALUES ('4174aeb3-4692-4095-b2bd-96b770d14b09', '0TMOED70OU7008', 'MOTOROLA EDGE 70 FUSION', 'MOTOROLA EDGE 70 FUSION 8GB+256GB SILHOUETTE', false, '2026-02-25T10:34:20.934955+00:00', '2026-02-25T10:34:20.934955+00:00');
INSERT INTO public.product_skus (id, code, brand, description, is_serialized, created_at, updated_at) VALUES ('624b257b-b152-4efb-8ccc-2b8a244aaf89', '0TSAGA26OU7005', 'SAMSUNG GALAXY S26', 'Terminale SAMSUNG GALAXY S26 256GB BLACK', false, '2026-02-25T13:43:11.384591+00:00', '2026-02-25T13:43:11.384591+00:00');
INSERT INTO public.product_skus (id, code, brand, description, is_serialized, created_at, updated_at) VALUES ('da2bc8a5-cb91-41f6-ac93-2857f723bdca', '0TSAGA26OU7006', 'SAMSUNG GALAXY S26', 'Terminale SAMSUNG GALAXY S26 256GB SKY BLUE', false, '2026-02-25T13:43:28.711669+00:00', '2026-02-25T13:43:28.711669+00:00');
INSERT INTO public.product_skus (id, code, brand, description, is_serialized, created_at, updated_at) VALUES ('ad93e5bd-4490-4909-9356-98821abd9688', '0TSAGA26OU7007', 'SAMSUNG GALAXY S26 ', 'Terminale SAMSUNG GALAXY S26 256GB COBAL VIOLET', false, '2026-02-25T13:45:22.106821+00:00', '2026-02-25T13:45:22.106821+00:00');
INSERT INTO public.product_skus (id, code, brand, description, is_serialized, created_at, updated_at) VALUES ('756a0b04-22c6-433a-b014-882011b0de82', '0TSAGA26OU7008', 'SAMSUNG GALAXY S26', 'Terminale SAMSUNG GALAXY S26 256GB WHITE', false, '2026-02-25T13:45:37.704594+00:00', '2026-02-25T13:45:37.704594+00:00');
INSERT INTO public.product_skus (id, code, brand, description, is_serialized, created_at, updated_at) VALUES ('bb94d851-4bd5-4dd5-956f-2aa6e47bca78', '0TTCNX70OU7002', 'TCL NXTPAPER 70 PRO', 'TCL NXTPAPER 70 PRO 8GB+256GB STELLAR BLUE', false, '2026-02-26T14:52:37.654338+00:00', '2026-02-26T14:52:37.654338+00:00');
INSERT INTO public.product_skus (id, code, brand, description, is_serialized, created_at, updated_at) VALUES ('f4ccf108-8ad3-4266-b6d8-a1d4ad847f69', '0BXI1751NS7001', 'BUNDLE XIAOMI 17 ULTRA + ACC PHOTOGRAPHY KIT', 'BUNDLE XIAOMI 17 ULTRA 16GB+512 GB BLACK + ACC PHOTOGRAPHY KIT', false, '2026-02-26T15:03:11.126163+00:00', '2026-02-26T15:03:11.126163+00:00');
INSERT INTO public.product_skus (id, code, brand, description, is_serialized, created_at, updated_at) VALUES ('53c6250d-1585-497e-874b-b67c32addfbe', '0tsaga26ou7013', 'SAMSUNG GALAXY S26', 'SAMSUNG GALAXY S26 512GB BLACK', false, '2026-02-26T15:10:17.341474+00:00', '2026-02-26T15:10:17.341474+00:00');
INSERT INTO public.product_skus (id, code, brand, description, is_serialized, created_at, updated_at) VALUES ('e4bd4106-01bb-4e8e-ba02-223ab1fcdfd1', '0tsaga26ou7014', 'SAMSUNG GALAXY S26', ' 512GB SKY BLUE', false, '2026-02-26T15:10:36.023086+00:00', '2026-02-26T15:10:36.023086+00:00');
INSERT INTO public.product_skus (id, code, brand, description, is_serialized, created_at, updated_at) VALUES ('0217a819-29ff-43de-a98d-af787b79adbd', '0tsaga26ou7030', 'SAMSUNG GALAXY S26+', 'SAMSUNG GALAXY S26+ 512GB SKY BLUE', false, '2026-02-26T15:10:51.667465+00:00', '2026-02-26T15:10:51.667465+00:00');
INSERT INTO public.product_skus (id, code, brand, description, is_serialized, created_at, updated_at) VALUES ('7ad5d79e-cee1-4f1f-a1fe-7f8f3989cf29', '0tsaga26ou7045', 'SAMSUNG GALAXY S26 ULTRA', 'SAMSUNG GALAXY S26 ULTRA 512GB BLACK', false, '2026-02-26T15:11:07.969399+00:00', '2026-02-26T15:11:07.969399+00:00');
INSERT INTO public.product_skus (id, code, brand, description, is_serialized, created_at, updated_at) VALUES ('80a2fe30-215e-47cd-b190-c006ee70cf6b', '0TSAGA25OU7014', 'SAMSUNG GALAXY S25', 'Terminale SAMSUNG GALAXY S25 256GB SILVER SHADOW', false, '2026-02-26T17:36:46.632648+00:00', '2026-02-26T17:36:46.632648+00:00');
INSERT INTO public.product_skus (id, code, brand, description, is_serialized, created_at, updated_at) VALUES ('bfc9f8d5-92ec-45be-8067-c20fa820d7fa', '0TSAGAFOOU7051', 'SAMSUNG GALAXY Z FOLD 7 ', 'Terminale SAMSUNG GALAXY Z FOLD 7 12+256GB JETBLACK', false, '2026-02-26T17:37:45.125809+00:00', '2026-02-26T17:37:45.125809+00:00');
INSERT INTO public.product_skus (id, code, brand, description, is_serialized, created_at, updated_at) VALUES ('eb9fd195-3a43-4033-9e4b-6a794dcc6e5e', '0TSAGAFOOU7057', 'SAMSUNG GALAXY Z FOLD 7', 'Terminale SAMSUNG GALAXY Z FOLD 7 12+512GB JETBLACK', false, '2026-02-26T17:37:57.113136+00:00', '2026-02-26T17:37:57.113136+00:00');
INSERT INTO public.product_skus (id, code, brand, description, is_serialized, created_at, updated_at) VALUES ('f23116bc-97fa-4fa2-9b6c-1a44de74d737', '0TSAGA25OU7030', 'SAMSUNG GALAXY S25+', 'Terminale SAMSUNG GALAXY S25+ 256GB SILVER SHADOW', false, '2026-02-26T17:40:11.318476+00:00', '2026-02-26T17:40:11.318476+00:00');
INSERT INTO public.product_skus (id, code, brand, description, is_serialized, created_at, updated_at) VALUES ('8e7129b7-d83b-4683-979c-44528565e289', '0TAL1T7MOU0001', 'Apple', 'iPhone 17 Pro Max 1TB Silver', false, '2026-02-26T18:12:08.619523+00:00', '2026-03-02T13:56:08.231404+00:00');
INSERT INTO public.product_skus (id, code, brand, description, is_serialized, created_at, updated_at) VALUES ('1806d623-77ef-4d12-9c16-0fc80b92dc9b', '0TAL257MOU0001', 'Apple', 'iPhone 17 Pro Max 256GB Silver', false, '2026-02-26T18:11:22.944783+00:00', '2026-03-02T13:56:31.712805+00:00');
INSERT INTO public.product_skus (id, code, brand, description, is_serialized, created_at, updated_at) VALUES ('51e7dced-faae-403e-b284-6610d9631df8', '0TAL517POU0003', 'Apple', 'iPhone 17 Pro 512GB Deep Blue', false, '2026-02-26T18:10:41.978784+00:00', '2026-03-02T13:56:42.619095+00:00');
INSERT INTO public.product_skus (id, code, brand, description, is_serialized, created_at, updated_at) VALUES ('9e89a2e7-eb39-43fd-8123-99d85cf909a7', '0TAL517POU0002', 'Apple', 'iPhone 17 Pro 512GB Cosmic Orange', false, '2026-02-26T18:10:32.185876+00:00', '2026-03-02T13:56:47.728295+00:00');
INSERT INTO public.product_skus (id, code, brand, description, is_serialized, created_at, updated_at) VALUES ('6ac84b20-eda9-48f2-94ee-c597adecc7cd', '0TAL517POU0001', 'Apple', 'iPhone 17 Pro 512GB Silver', false, '2026-02-26T18:10:53.19058+00:00', '2026-03-02T13:56:52.334501+00:00');
INSERT INTO public.product_skus (id, code, brand, description, is_serialized, created_at, updated_at) VALUES ('d6d0bd98-c549-4507-bcb9-82f6dc29c1e4', '0TAL517MOU0001', 'Apple', 'iPhone 17 Pro Max 512GB Silver', false, '2026-02-26T18:11:43.481178+00:00', '2026-03-02T13:56:57.046936+00:00');
INSERT INTO public.product_skus (id, code, brand, description, is_serialized, created_at, updated_at) VALUES ('e160638e-3cde-415f-9bb6-d9374e31b629', '0TAL5170OU0004', 'Apple', 'iPhone 17 512GB Lavender', false, '2026-02-26T18:09:47.61294+00:00', '2026-03-02T13:57:01.994275+00:00');
INSERT INTO public.product_skus (id, code, brand, description, is_serialized, created_at, updated_at) VALUES ('76743f78-b319-405f-af23-a8b2694b048c', '0TAL2T7MOU0001', 'Apple', 'iPhone 17 Pro Max 2TB Silver', false, '2026-02-26T18:11:34.773584+00:00', '2026-03-02T13:57:06.430476+00:00');
INSERT INTO public.product_skus (id, code, brand, description, is_serialized, created_at, updated_at) VALUES ('f026ec4b-3df5-4f1a-a2c5-8c0c7579e715', '0TAL257POU0002', 'Apple', 'iPhone 17 Pro 256GB Cosmic Orange', false, '2026-02-26T18:09:57.755832+00:00', '2026-03-02T13:57:14.451465+00:00');
INSERT INTO public.product_skus (id, code, brand, description, is_serialized, created_at, updated_at) VALUES ('9366c795-0606-40ce-89ec-6d31198ec470', '0TAL257MOU0003', 'Apple', 'iPhone 17 Pro Max 256GB Deep Blue', false, '2026-02-26T18:11:16.623239+00:00', '2026-03-02T13:57:24.570952+00:00');
INSERT INTO public.product_skus (id, code, brand, description, is_serialized, created_at, updated_at) VALUES ('2b0f4b89-78fe-4ddd-81f5-d9a426d41ba6', '0TAL257MOU0002', 'Apple', 'iPhone 17 Pro Max 256GB Cosmic Orange', false, '2026-02-26T18:11:02.541554+00:00', '2026-03-02T13:57:28.606859+00:00');
INSERT INTO public.product_skus (id, code, brand, description, is_serialized, created_at, updated_at) VALUES ('bc59eb97-77fd-4d13-af7f-748e83218bf8', '0TAL257EOU0001', 'Apple', 'iPhone 17e 256GB Black', false, '2026-03-17T11:31:52.343871+00:00', '2026-03-17T11:31:52.343871+00:00');
INSERT INTO public.product_skus (id, code, brand, description, is_serialized, created_at, updated_at) VALUES ('764bcbe1-77ca-4724-8acb-3478e8d2d965', '0TAL257EOU0003', 'Apple', 'iPhone 17e 256GB Soft Pink', false, '2026-03-17T11:32:06.150636+00:00', '2026-03-17T11:32:06.150636+00:00');
INSERT INTO public.product_skus (id, code, brand, description, is_serialized, created_at, updated_at) VALUES ('8c9b5319-1bc0-4311-bc6b-8953daec1767', '0TSAGAA3OU7092', 'SAMSUNG GALAXY A37 ', 'SAMSUNG GALAXY A37 5G 128GB AWESOME GRAYGREEN', false, '2026-03-18T18:08:44.648299+00:00', '2026-03-18T18:08:44.648299+00:00');
INSERT INTO public.product_skus (id, code, brand, description, is_serialized, created_at, updated_at) VALUES ('6cd8beaa-969f-4ac8-9269-1c8e2570c845', '0TSAGAA5OU7126', 'SAMSUNG GALAXY A57 ', ' SAMSUNG GALAXY A57 5G 256GB AWESOME NAVY', false, '2026-03-18T18:09:06.706947+00:00', '2026-03-18T18:09:06.706947+00:00');
INSERT INTO public.product_skus (id, code, brand, description, is_serialized, created_at, updated_at) VALUES ('acd35fbd-c6da-4af0-9c66-58198e0db241', '0BVIV75GNS7001', 'Bundle VIVO V70 5G 8GB+512GB ', 'Bundle VIVO V70 5G 8GB+512GB Authentic Black + ACC FLASHCHARGE 90W', false, '2026-03-18T18:12:11.293168+00:00', '2026-03-18T18:12:11.293168+00:00');
INSERT INTO public.product_skus (id, code, brand, description, is_serialized, created_at, updated_at) VALUES ('61fb29b9-90ff-4d64-9525-bca38165f882', '0TVIVO70OU7009', 'VIVO V70 FE CON ACCESSORI', 'VIVO V70 FE CON ACCESSORI 8GB+256GB Ocean Blue', false, '2026-03-18T18:12:58.382167+00:00', '2026-03-18T18:12:58.382167+00:00');

-- TABLE: product_units
-- Columns: id, sku_id, warehouse_id, identifier, identifier_type, status, created_at, updated_at
-- 2 row(s)

INSERT INTO public.product_units (id, sku_id, warehouse_id, identifier, identifier_type, status, created_at, updated_at) VALUES ('0c6653a2-fac4-40b1-9793-e71af60ca5f6', '08d1b1bb-4eef-407d-a475-af68c7e08a06', 'f33dcf9e-12be-40b5-8c5a-845251248fba', '1234567890', 'imei', 'in_stock', '2026-02-14T12:31:22.481329+00:00', '2026-02-14T12:31:22.481329+00:00');
INSERT INTO public.product_units (id, sku_id, warehouse_id, identifier, identifier_type, status, created_at, updated_at) VALUES ('314189a5-1000-4fd6-b395-ab559eda72a3', '08d1b1bb-4eef-407d-a475-af68c7e08a06', 'f33dcf9e-12be-40b5-8c5a-845251248fba', '1234567891', 'imei', 'returned', '2026-02-14T12:31:22.481329+00:00', '2026-02-19T18:57:28.581266+00:00');

-- TABLE: lot_stocks
-- Columns: id, sku_id, warehouse_id, quantity, created_at, updated_at
-- 203 row(s)

INSERT INTO public.lot_stocks (id, sku_id, warehouse_id, quantity, created_at, updated_at) VALUES ('07d1fcb9-4b1b-423a-980d-5265d314e56b', '08d1b1bb-4eef-407d-a475-af68c7e08a06', 'f33dcf9e-12be-40b5-8c5a-845251248fba', 0, '2026-02-14T12:25:06.836412+00:00', '2026-02-14T12:38:51.350188+00:00');
INSERT INTO public.lot_stocks (id, sku_id, warehouse_id, quantity, created_at, updated_at) VALUES ('8a78ee21-9ae0-42cd-a071-7448017af9f3', '1b7e0467-3bd5-430f-8043-c4bdb1e2f247', 'ad73083e-460a-4563-a5a1-672a4766c749', 2, '2026-02-24T16:34:12.553158+00:00', '2026-02-24T17:31:58.914168+00:00');
INSERT INTO public.lot_stocks (id, sku_id, warehouse_id, quantity, created_at, updated_at) VALUES ('dd202e54-8061-47f7-8504-1be2feb355f6', '7ab7757e-ef7d-443d-b6e4-5ec00cc09696', 'ad73083e-460a-4563-a5a1-672a4766c749', 12, '2026-02-23T17:38:32.49574+00:00', '2026-03-25T15:35:51.116008+00:00');
INSERT INTO public.lot_stocks (id, sku_id, warehouse_id, quantity, created_at, updated_at) VALUES ('8a46881c-dbe2-4c3b-9fde-03131dd2d323', '5085bda9-5683-4faf-9511-0e21e3123cc0', 'ad73083e-460a-4563-a5a1-672a4766c749', 1, '2026-02-24T17:44:13.708829+00:00', '2026-02-24T17:44:13.708829+00:00');
INSERT INTO public.lot_stocks (id, sku_id, warehouse_id, quantity, created_at, updated_at) VALUES ('ad63f3fa-de1f-4123-8447-8d217b46170b', '1ae8dced-b81d-48b3-9ba9-f26826c34d80', 'ad73083e-460a-4563-a5a1-672a4766c749', 1, '2026-02-24T17:44:13.829937+00:00', '2026-02-24T17:44:13.829937+00:00');
INSERT INTO public.lot_stocks (id, sku_id, warehouse_id, quantity, created_at, updated_at) VALUES ('78c1ba98-3c64-4cec-9c95-3b049060ea3e', '03773853-33a4-479f-9faa-a988b450e661', 'ad73083e-460a-4563-a5a1-672a4766c749', 2, '2026-02-24T17:44:13.954601+00:00', '2026-02-24T17:44:13.954601+00:00');
INSERT INTO public.lot_stocks (id, sku_id, warehouse_id, quantity, created_at, updated_at) VALUES ('4767d630-0267-46fe-b16d-efc32b640aac', 'a1916c02-8ec2-4df5-83fb-126b663c5433', 'ad73083e-460a-4563-a5a1-672a4766c749', 1, '2026-02-24T17:44:14.069754+00:00', '2026-02-24T17:44:14.069754+00:00');
INSERT INTO public.lot_stocks (id, sku_id, warehouse_id, quantity, created_at, updated_at) VALUES ('9fd28c2d-040e-432f-b136-090667f822d7', '4d12c3e8-7360-471f-bfe2-e03ed250acad', 'ad73083e-460a-4563-a5a1-672a4766c749', 3, '2026-02-24T17:44:14.179138+00:00', '2026-02-24T17:44:14.179138+00:00');
INSERT INTO public.lot_stocks (id, sku_id, warehouse_id, quantity, created_at, updated_at) VALUES ('f45e7fa8-eebc-4e36-9bd8-d6eae745e0c3', '5d8e16d7-74e4-4d46-a186-deb7db108507', 'ad73083e-460a-4563-a5a1-672a4766c749', 1, '2026-02-23T17:42:11.145574+00:00', '2026-02-23T17:42:11.145574+00:00');
INSERT INTO public.lot_stocks (id, sku_id, warehouse_id, quantity, created_at, updated_at) VALUES ('b8b7c7df-dddd-40d3-8399-fa1d4c3a99c8', '25b1f76b-44aa-4a4f-a81d-9a5a90632084', 'f33dcf9e-12be-40b5-8c5a-845251248fba', 50, '2026-02-23T18:25:25.417658+00:00', '2026-02-23T18:25:25.417658+00:00');
INSERT INTO public.lot_stocks (id, sku_id, warehouse_id, quantity, created_at, updated_at) VALUES ('920ba350-d3ea-4f92-9fff-527fa5f14169', 'a6d38dbd-e1b5-42a3-99a5-d3dfa1bfa229', 'ad73083e-460a-4563-a5a1-672a4766c749', 3, '2026-02-24T16:08:21.240351+00:00', '2026-02-25T11:10:39.948698+00:00');
INSERT INTO public.lot_stocks (id, sku_id, warehouse_id, quantity, created_at, updated_at) VALUES ('1615a2c3-8e77-403a-902b-7ecf95b6d734', 'aa875050-e917-43d9-a8ee-68b3d6d84a5f', 'ad73083e-460a-4563-a5a1-672a4766c749', 2, '2026-02-23T17:42:10.953399+00:00', '2026-02-24T16:08:20.687016+00:00');
INSERT INTO public.lot_stocks (id, sku_id, warehouse_id, quantity, created_at, updated_at) VALUES ('9e592f9a-512d-4953-a25a-b49f2ac376de', '8331d416-99df-4c31-a222-06231a28e3de', 'ad73083e-460a-4563-a5a1-672a4766c749', 1, '2026-02-24T16:34:11.881935+00:00', '2026-02-24T16:34:11.881935+00:00');
INSERT INTO public.lot_stocks (id, sku_id, warehouse_id, quantity, created_at, updated_at) VALUES ('3ede2685-ab70-4c2b-bd85-54e03172c85e', 'b912ee0e-c58e-465c-8415-acab3db374c6', 'ad73083e-460a-4563-a5a1-672a4766c749', 1, '2026-02-24T16:34:12.159401+00:00', '2026-02-24T16:34:12.159401+00:00');
INSERT INTO public.lot_stocks (id, sku_id, warehouse_id, quantity, created_at, updated_at) VALUES ('46f3aa15-0d40-470f-9469-de71037a02ec', '6f513e02-f690-4ba0-b9b5-457bd4e33568', 'ad73083e-460a-4563-a5a1-672a4766c749', 1, '2026-02-24T16:34:12.287614+00:00', '2026-02-24T16:34:12.287614+00:00');
INSERT INTO public.lot_stocks (id, sku_id, warehouse_id, quantity, created_at, updated_at) VALUES ('acc83d08-acbc-4834-ab93-bd0b719af58f', '7c292049-a568-4d18-8d09-4c532a17723b', 'ad73083e-460a-4563-a5a1-672a4766c749', 1, '2026-02-25T11:10:40.340049+00:00', '2026-02-25T11:10:40.340049+00:00');
INSERT INTO public.lot_stocks (id, sku_id, warehouse_id, quantity, created_at, updated_at) VALUES ('051d2275-44ff-4275-8f7b-7d74f56a65aa', '76914c02-0a75-4880-879c-384b82e364b5', 'ad73083e-460a-4563-a5a1-672a4766c749', 13, '2026-02-24T16:20:05.583523+00:00', '2026-03-17T14:02:54.682118+00:00');
INSERT INTO public.lot_stocks (id, sku_id, warehouse_id, quantity, created_at, updated_at) VALUES ('bc4e6a06-088f-4e40-bd30-6a3ebfa36547', '8331d416-99df-4c31-a222-06231a28e3de', '7cb548d0-1e5c-4b1f-9dc0-f082c4d31673', 1, '2026-02-25T11:48:31.693539+00:00', '2026-02-25T11:48:31.693539+00:00');
INSERT INTO public.lot_stocks (id, sku_id, warehouse_id, quantity, created_at, updated_at) VALUES ('b05221c5-c4ff-4292-b56c-c030d547ec83', '05e222c9-3531-4005-acee-18973b1b09c7', '7cb548d0-1e5c-4b1f-9dc0-f082c4d31673', 1, '2026-02-25T11:48:32.002433+00:00', '2026-02-25T11:48:32.002433+00:00');
INSERT INTO public.lot_stocks (id, sku_id, warehouse_id, quantity, created_at, updated_at) VALUES ('9253d1b3-f819-4ac4-8c3b-0ab84e45de47', 'b912ee0e-c58e-465c-8415-acab3db374c6', '7cb548d0-1e5c-4b1f-9dc0-f082c4d31673', 1, '2026-02-25T11:48:32.271008+00:00', '2026-02-25T11:48:32.271008+00:00');
INSERT INTO public.lot_stocks (id, sku_id, warehouse_id, quantity, created_at, updated_at) VALUES ('d4ca18cb-ef7f-4842-a54e-92275399d591', '8400d576-0957-4a3e-a0c5-877bd16705b9', 'ad73083e-460a-4563-a5a1-672a4766c749', 3, '2026-02-24T16:08:20.821414+00:00', '2026-03-17T14:02:53.204949+00:00');
INSERT INTO public.lot_stocks (id, sku_id, warehouse_id, quantity, created_at, updated_at) VALUES ('40857a0e-1c9f-4b67-8000-284308663631', '8f491fee-d67c-456c-bbaa-054552b289e3', 'ad73083e-460a-4563-a5a1-672a4766c749', 3, '2026-02-24T16:08:22.041369+00:00', '2026-03-17T14:02:52.362009+00:00');
INSERT INTO public.lot_stocks (id, sku_id, warehouse_id, quantity, created_at, updated_at) VALUES ('84c457cc-1faa-47fc-b98b-e5c310507510', '53c6250d-1585-497e-874b-b67c32addfbe', 'ad73083e-460a-4563-a5a1-672a4766c749', 2, '2026-02-26T15:17:31.461856+00:00', '2026-03-25T15:45:38.806317+00:00');
INSERT INTO public.lot_stocks (id, sku_id, warehouse_id, quantity, created_at, updated_at) VALUES ('1e6bada9-1613-49f7-aede-2992a2a4d74a', 'c090f105-3e19-4980-b90e-a27305512f23', 'ad73083e-460a-4563-a5a1-672a4766c749', 6, '2026-02-24T16:08:22.203632+00:00', '2026-03-25T15:38:02.869613+00:00');
INSERT INTO public.lot_stocks (id, sku_id, warehouse_id, quantity, created_at, updated_at) VALUES ('30183679-c756-444c-a6a2-aae0502912a4', '2b7bd8b0-08dd-4b5c-968a-45224330c916', 'ad73083e-460a-4563-a5a1-672a4766c749', 3, '2026-02-24T16:08:22.48498+00:00', '2026-03-17T14:02:52.737209+00:00');
INSERT INTO public.lot_stocks (id, sku_id, warehouse_id, quantity, created_at, updated_at) VALUES ('cbd58a19-9d1f-4aaf-b982-198bb0044be6', '0993899f-96ef-4cfd-b7cd-1635c6318fdc', 'ad73083e-460a-4563-a5a1-672a4766c749', 6, '2026-02-24T16:08:22.322964+00:00', '2026-03-25T15:38:02.738492+00:00');
INSERT INTO public.lot_stocks (id, sku_id, warehouse_id, quantity, created_at, updated_at) VALUES ('bc98c587-c999-4bd7-8487-1dfd2e2f9efd', 'a9de06c8-bd9a-4163-9d0e-a34391cccd44', 'ad73083e-460a-4563-a5a1-672a4766c749', 9, '2026-02-23T17:42:11.30685+00:00', '2026-03-25T15:35:51.24751+00:00');
INSERT INTO public.lot_stocks (id, sku_id, warehouse_id, quantity, created_at, updated_at) VALUES ('80bf2f35-a4f6-49a2-8c9e-07035e7e0cd6', 'dedf18b5-7c67-49c9-9866-239ca751cfa7', 'ad73083e-460a-4563-a5a1-672a4766c749', 2, '2026-02-24T16:08:20.214595+00:00', '2026-02-24T17:31:58.112353+00:00');
INSERT INTO public.lot_stocks (id, sku_id, warehouse_id, quantity, created_at, updated_at) VALUES ('8b38f32e-9360-44cc-b0bd-cbe933d056a4', '423888ae-aaf6-406d-bf42-b7af689ac47c', 'ad73083e-460a-4563-a5a1-672a4766c749', 9, '2026-02-24T16:08:21.87868+00:00', '2026-03-17T14:02:52.252505+00:00');
INSERT INTO public.lot_stocks (id, sku_id, warehouse_id, quantity, created_at, updated_at) VALUES ('b38205bb-a9bb-4f28-b817-47d75a8a31d2', '5634d296-c35d-40f8-8593-0b579491cc18', 'ad73083e-460a-4563-a5a1-672a4766c749', 2, '2026-02-26T15:14:18.698418+00:00', '2026-03-17T13:55:44.344684+00:00');
INSERT INTO public.lot_stocks (id, sku_id, warehouse_id, quantity, created_at, updated_at) VALUES ('bcb200ae-65d8-4ad7-aa6b-2127a69b7d76', '690e892f-3f9f-4ca3-b3fa-5a9f7423d978', 'ad73083e-460a-4563-a5a1-672a4766c749', 3, '2026-02-24T16:08:21.12076+00:00', '2026-03-17T14:02:54.144325+00:00');
INSERT INTO public.lot_stocks (id, sku_id, warehouse_id, quantity, created_at, updated_at) VALUES ('83a93ba0-c349-4432-9c06-cc4a0857c068', 'd9cacdb4-ecec-4169-8aec-d160a5513016', 'ad73083e-460a-4563-a5a1-672a4766c749', 4, '2026-02-24T16:08:21.393333+00:00', '2026-03-17T14:02:54.410667+00:00');
INSERT INTO public.lot_stocks (id, sku_id, warehouse_id, quantity, created_at, updated_at) VALUES ('e930ef52-8b70-4801-962a-2dcce251cd96', 'ab1ba9fa-6797-4e2c-a3b2-9ba38d18f8a0', 'ad73083e-460a-4563-a5a1-672a4766c749', 3, '2026-02-25T11:10:40.158733+00:00', '2026-03-17T14:02:54.535658+00:00');
INSERT INTO public.lot_stocks (id, sku_id, warehouse_id, quantity, created_at, updated_at) VALUES ('dc1cf16f-057f-4735-81f1-39bf1b360562', '6f513e02-f690-4ba0-b9b5-457bd4e33568', '7cb548d0-1e5c-4b1f-9dc0-f082c4d31673', 1, '2026-02-25T11:48:32.502323+00:00', '2026-02-25T11:48:32.502323+00:00');
INSERT INTO public.lot_stocks (id, sku_id, warehouse_id, quantity, created_at, updated_at) VALUES ('00babf1d-4aeb-4b17-8995-d1b290030aff', 'd9cacdb4-ecec-4169-8aec-d160a5513016', '7cb548d0-1e5c-4b1f-9dc0-f082c4d31673', 1, '2026-02-25T11:48:32.732982+00:00', '2026-02-25T11:48:32.732982+00:00');
INSERT INTO public.lot_stocks (id, sku_id, warehouse_id, quantity, created_at, updated_at) VALUES ('ad5db30a-8b1b-4e9b-8b89-6db6fddf1964', '1b7e0467-3bd5-430f-8043-c4bdb1e2f247', '7cb548d0-1e5c-4b1f-9dc0-f082c4d31673', 1, '2026-02-25T11:48:32.996363+00:00', '2026-02-25T11:48:32.996363+00:00');
INSERT INTO public.lot_stocks (id, sku_id, warehouse_id, quantity, created_at, updated_at) VALUES ('5095d4f0-fb58-4a0f-980c-da5b92fc1c7c', 'bb94d851-4bd5-4dd5-956f-2aa6e47bca78', 'ad73083e-460a-4563-a5a1-672a4766c749', 1, '2026-02-26T15:14:18.567839+00:00', '2026-02-26T15:14:18.567839+00:00');
INSERT INTO public.lot_stocks (id, sku_id, warehouse_id, quantity, created_at, updated_at) VALUES ('5aa435b4-ce3c-48a2-8615-86cea92ef696', 'ab0a852d-a067-4012-b368-cb4671ebc3f7', 'ad73083e-460a-4563-a5a1-672a4766c749', 2, '2026-02-24T16:18:42.910829+00:00', '2026-02-24T18:51:07.579463+00:00');
INSERT INTO public.lot_stocks (id, sku_id, warehouse_id, quantity, created_at, updated_at) VALUES ('78612ffd-960b-47e9-98bf-d8c023278e48', '99ae33d2-576f-425c-a9c8-866926a43dc6', 'ad73083e-460a-4563-a5a1-672a4766c749', 1, '2026-02-24T16:18:43.057064+00:00', '2026-02-24T18:51:07.694156+00:00');
INSERT INTO public.lot_stocks (id, sku_id, warehouse_id, quantity, created_at, updated_at) VALUES ('52bb9cff-e370-4a3a-8112-6871da23b130', '1780c515-95fb-46ed-bfa8-32f920a22ac5', 'ad73083e-460a-4563-a5a1-672a4766c749', 3, '2026-02-24T16:18:43.219947+00:00', '2026-02-24T18:51:07.819992+00:00');
INSERT INTO public.lot_stocks (id, sku_id, warehouse_id, quantity, created_at, updated_at) VALUES ('2341f2df-ab6f-406b-ac42-d006e299ce61', 'fbe2362c-c373-4747-a36a-b67ae10e74b0', 'ad73083e-460a-4563-a5a1-672a4766c749', 2, '2026-02-24T16:57:58.109254+00:00', '2026-02-24T18:52:26.050756+00:00');
INSERT INTO public.lot_stocks (id, sku_id, warehouse_id, quantity, created_at, updated_at) VALUES ('3deed6e8-94bb-4712-9fe0-9eb7e6de61ea', '4174aeb3-4692-4095-b2bd-96b770d14b09', 'ad73083e-460a-4563-a5a1-672a4766c749', 1, '2026-02-26T15:15:31.237902+00:00', '2026-02-26T15:15:31.237902+00:00');
INSERT INTO public.lot_stocks (id, sku_id, warehouse_id, quantity, created_at, updated_at) VALUES ('51b60ed1-d8f3-4541-b2f8-9374e5c04ee7', 'f4ccf108-8ad3-4266-b6d8-a1d4ad847f69', 'ad73083e-460a-4563-a5a1-672a4766c749', 1, '2026-02-26T15:15:38.938586+00:00', '2026-02-26T15:15:38.938586+00:00');
INSERT INTO public.lot_stocks (id, sku_id, warehouse_id, quantity, created_at, updated_at) VALUES ('8e1da8ef-ddd9-490c-89ed-65534a649fcc', 'e7db44e3-1e2d-457e-b240-943a2082ba03', 'ad73083e-460a-4563-a5a1-672a4766c749', 18, '2026-02-24T16:57:58.24962+00:00', '2026-02-24T18:53:42.837464+00:00');
INSERT INTO public.lot_stocks (id, sku_id, warehouse_id, quantity, created_at, updated_at) VALUES ('fad06405-8431-436d-9d67-0f4b2644909d', 'fcce65d0-d0d6-40d0-92e8-159fa6813c6d', 'ad73083e-460a-4563-a5a1-672a4766c749', 3, '2026-02-24T16:08:22.608094+00:00', '2026-03-17T14:02:54.028621+00:00');
INSERT INTO public.lot_stocks (id, sku_id, warehouse_id, quantity, created_at, updated_at) VALUES ('d35f340c-31b6-4ccd-89a3-16bd63c164f5', '660cfd6c-9899-491e-a9a8-bb097570d930', 'ad73083e-460a-4563-a5a1-672a4766c749', 2, '2026-02-24T16:59:12.459057+00:00', '2026-02-24T18:53:43.135212+00:00');
INSERT INTO public.lot_stocks (id, sku_id, warehouse_id, quantity, created_at, updated_at) VALUES ('be51fdcc-5d89-44d2-96dc-6bf25bb8d9a4', 'c19ca39b-10bd-4c2b-a072-11ede3b47c9e', 'ad73083e-460a-4563-a5a1-672a4766c749', 2, '2026-02-25T10:57:17.925693+00:00', '2026-02-25T11:02:08.221427+00:00');
INSERT INTO public.lot_stocks (id, sku_id, warehouse_id, quantity, created_at, updated_at) VALUES ('482ae21a-8031-4c43-b502-2483b9aec4ab', '38150ded-b34d-49b3-a132-133864679b11', 'ad73083e-460a-4563-a5a1-672a4766c749', 2, '2026-02-24T17:44:13.429518+00:00', '2026-03-17T13:54:03.345466+00:00');
INSERT INTO public.lot_stocks (id, sku_id, warehouse_id, quantity, created_at, updated_at) VALUES ('c0101066-cc63-47cb-b2ad-1135152ed9ac', '69987cce-959f-4448-9fa9-ef2c22faca2f', 'ad73083e-460a-4563-a5a1-672a4766c749', 1, '2026-02-25T11:07:23.971156+00:00', '2026-02-25T11:07:23.971156+00:00');
INSERT INTO public.lot_stocks (id, sku_id, warehouse_id, quantity, created_at, updated_at) VALUES ('08449994-4184-488d-8382-3aaed28d5403', '67a132d9-76bc-4d4f-8a67-68d03fed33f5', 'ad73083e-460a-4563-a5a1-672a4766c749', 1, '2026-02-25T11:07:24.095574+00:00', '2026-02-25T11:07:24.095574+00:00');
INSERT INTO public.lot_stocks (id, sku_id, warehouse_id, quantity, created_at, updated_at) VALUES ('17121aee-31ef-4215-a075-2739fd5ec9d0', '88616397-77d4-4efc-89fb-0d466c167dda', 'ad73083e-460a-4563-a5a1-672a4766c749', 1, '2026-02-25T11:07:24.215304+00:00', '2026-02-25T11:07:24.215304+00:00');
INSERT INTO public.lot_stocks (id, sku_id, warehouse_id, quantity, created_at, updated_at) VALUES ('8bc87019-db3c-477d-934b-708ffac40005', '2f8c821e-bdbb-4f2b-9194-b17ef1ea7cad', 'ad73083e-460a-4563-a5a1-672a4766c749', 2, '2026-02-25T11:10:39.202576+00:00', '2026-02-25T11:10:39.202576+00:00');
INSERT INTO public.lot_stocks (id, sku_id, warehouse_id, quantity, created_at, updated_at) VALUES ('635664dd-7101-4970-9e2a-04a3aa359ff8', '27f2a920-da58-447a-9999-f0dfca36cfa0', 'ad73083e-460a-4563-a5a1-672a4766c749', 6, '2026-02-24T16:08:20.958167+00:00', '2026-03-17T14:02:53.891269+00:00');
INSERT INTO public.lot_stocks (id, sku_id, warehouse_id, quantity, created_at, updated_at) VALUES ('51d4112c-f178-49a1-9c66-428e1a7e43cb', '05e222c9-3531-4005-acee-18973b1b09c7', 'ad73083e-460a-4563-a5a1-672a4766c749', 4, '2026-02-24T16:34:12.017785+00:00', '2026-02-25T11:10:39.780768+00:00');
INSERT INTO public.lot_stocks (id, sku_id, warehouse_id, quantity, created_at, updated_at) VALUES ('22e9e7ff-ccab-4ec3-8d0c-cd235d2f8aae', '7ad5d79e-cee1-4f1f-a1fe-7f8f3989cf29', 'ad73083e-460a-4563-a5a1-672a4766c749', 2, '2026-02-26T15:17:31.893264+00:00', '2026-02-26T15:17:31.893264+00:00');
INSERT INTO public.lot_stocks (id, sku_id, warehouse_id, quantity, created_at, updated_at) VALUES ('b8e26f12-9dee-4079-bf43-efd4a4d3da3f', '423888ae-aaf6-406d-bf42-b7af689ac47c', 'f33dcf9e-12be-40b5-8c5a-845251248fba', 36, '2026-02-26T16:43:36.706388+00:00', '2026-02-26T16:55:05.496143+00:00');
INSERT INTO public.lot_stocks (id, sku_id, warehouse_id, quantity, created_at, updated_at) VALUES ('cab3b64f-5c38-4266-89f6-9d8d06d077d9', 'a6d38dbd-e1b5-42a3-99a5-d3dfa1bfa229', 'f33dcf9e-12be-40b5-8c5a-845251248fba', 59, '2026-02-26T16:43:38.269802+00:00', '2026-02-26T17:54:32.883127+00:00');
INSERT INTO public.lot_stocks (id, sku_id, warehouse_id, quantity, created_at, updated_at) VALUES ('3eae5e8d-5f20-4c3d-8815-2e2d4c62dd41', '690e892f-3f9f-4ca3-b3fa-5a9f7423d978', 'f33dcf9e-12be-40b5-8c5a-845251248fba', 17, '2026-02-26T16:43:38.12756+00:00', '2026-02-26T17:43:15.220098+00:00');
INSERT INTO public.lot_stocks (id, sku_id, warehouse_id, quantity, created_at, updated_at) VALUES ('bb48c37b-19fb-4c8a-8c24-1aab9f00cdd6', 'a9de06c8-bd9a-4163-9d0e-a34391cccd44', 'f33dcf9e-12be-40b5-8c5a-845251248fba', 66, '2026-02-23T18:25:25.659447+00:00', '2026-02-26T17:23:30.847142+00:00');
INSERT INTO public.lot_stocks (id, sku_id, warehouse_id, quantity, created_at, updated_at) VALUES ('8bb68a7d-fcfe-43b2-9a2f-f2299dd3416b', '8f491fee-d67c-456c-bbaa-054552b289e3', 'f33dcf9e-12be-40b5-8c5a-845251248fba', 12, '2026-02-26T16:43:36.842376+00:00', '2026-02-26T16:55:05.654274+00:00');
INSERT INTO public.lot_stocks (id, sku_id, warehouse_id, quantity, created_at, updated_at) VALUES ('7a1c8567-0775-4565-8a4b-346c0602d2f3', 'c090f105-3e19-4980-b90e-a27305512f23', 'f33dcf9e-12be-40b5-8c5a-845251248fba', 12, '2026-02-26T16:43:37.005588+00:00', '2026-02-26T16:55:05.811791+00:00');
INSERT INTO public.lot_stocks (id, sku_id, warehouse_id, quantity, created_at, updated_at) VALUES ('b74131f3-92e0-4ee5-a9b6-1898134dbc1c', '0993899f-96ef-4cfd-b7cd-1635c6318fdc', 'f33dcf9e-12be-40b5-8c5a-845251248fba', 12, '2026-02-26T16:43:37.156946+00:00', '2026-02-26T16:55:06.019617+00:00');
INSERT INTO public.lot_stocks (id, sku_id, warehouse_id, quantity, created_at, updated_at) VALUES ('8b10104d-9acc-4942-97e5-254d746bf4e1', '2b7bd8b0-08dd-4b5c-968a-45224330c916', 'f33dcf9e-12be-40b5-8c5a-845251248fba', 12, '2026-02-26T16:43:37.300221+00:00', '2026-02-26T16:55:06.25455+00:00');
INSERT INTO public.lot_stocks (id, sku_id, warehouse_id, quantity, created_at, updated_at) VALUES ('7d301996-56f7-478a-a9e0-b329c5d9166b', 'dedf18b5-7c67-49c9-9866-239ca751cfa7', 'f33dcf9e-12be-40b5-8c5a-845251248fba', 12, '2026-02-26T16:43:37.560042+00:00', '2026-02-26T16:55:06.510356+00:00');
INSERT INTO public.lot_stocks (id, sku_id, warehouse_id, quantity, created_at, updated_at) VALUES ('cedde2ee-88f9-44c6-b62d-11e6acb32f14', 'aa875050-e917-43d9-a8ee-68b3d6d84a5f', 'f33dcf9e-12be-40b5-8c5a-845251248fba', 16, '2026-02-26T16:55:07.187085+00:00', '2026-02-26T17:23:31.134271+00:00');
INSERT INTO public.lot_stocks (id, sku_id, warehouse_id, quantity, created_at, updated_at) VALUES ('b8dc853d-c512-4fd9-a0c9-1f8b69d267bc', '69a55ef6-530c-4364-85a9-a3a978d6bafc', 'f33dcf9e-12be-40b5-8c5a-845251248fba', 12, '2026-02-26T16:43:37.839737+00:00', '2026-02-26T16:55:07.029106+00:00');
INSERT INTO public.lot_stocks (id, sku_id, warehouse_id, quantity, created_at, updated_at) VALUES ('00c09dd0-6d37-41d0-a46c-35940b0b0795', '7ab7757e-ef7d-443d-b6e4-5ec00cc09696', 'f33dcf9e-12be-40b5-8c5a-845251248fba', 57, '2026-02-26T16:43:37.702717+00:00', '2026-02-26T17:46:07.859492+00:00');
INSERT INTO public.lot_stocks (id, sku_id, warehouse_id, quantity, created_at, updated_at) VALUES ('c2900cd3-d37c-401b-8b4f-0244fb3fbd88', 'cc85f1c9-1a90-47e7-b36a-a5aefbbf63a1', 'f33dcf9e-12be-40b5-8c5a-845251248fba', 237, '2026-02-23T18:25:25.542984+00:00', '2026-04-02T08:24:26.448585+00:00');
INSERT INTO public.lot_stocks (id, sku_id, warehouse_id, quantity, created_at, updated_at) VALUES ('02b7d013-bb67-4a4b-8f8e-f3e497cd1f0b', '1b7e0467-3bd5-430f-8043-c4bdb1e2f247', 'f33dcf9e-12be-40b5-8c5a-845251248fba', 9, '2026-02-26T16:43:38.550166+00:00', '2026-02-26T17:11:39.626958+00:00');
INSERT INTO public.lot_stocks (id, sku_id, warehouse_id, quantity, created_at, updated_at) VALUES ('e99f07ec-d75f-4e89-b841-2a2e993b5a99', 'd9cacdb4-ecec-4169-8aec-d160a5513016', 'f33dcf9e-12be-40b5-8c5a-845251248fba', 22, '2026-02-26T16:43:38.401555+00:00', '2026-02-26T17:54:33.134341+00:00');
INSERT INTO public.lot_stocks (id, sku_id, warehouse_id, quantity, created_at, updated_at) VALUES ('84ce83ce-b4e1-4326-ba7b-9bb089a34d8d', 'cc85f1c9-1a90-47e7-b36a-a5aefbbf63a1', 'ad73083e-460a-4563-a5a1-672a4766c749', 18, '2026-02-23T17:38:32.320725+00:00', '2026-03-02T13:43:55.93816+00:00');
INSERT INTO public.lot_stocks (id, sku_id, warehouse_id, quantity, created_at, updated_at) VALUES ('b91dd91b-5f00-4428-96d8-ea2c4080403c', '76914c02-0a75-4880-879c-384b82e364b5', 'f33dcf9e-12be-40b5-8c5a-845251248fba', 154, '2026-02-26T16:43:38.691959+00:00', '2026-02-26T17:28:58.40872+00:00');
INSERT INTO public.lot_stocks (id, sku_id, warehouse_id, quantity, created_at, updated_at) VALUES ('143333dc-972e-42ae-a2ce-3e8283eee073', '1cd5a71b-a48e-4ddb-887c-2ad4c557b666', 'f33dcf9e-12be-40b5-8c5a-845251248fba', 211, '2026-02-26T16:43:36.388299+00:00', '2026-03-02T13:42:31.998309+00:00');
INSERT INTO public.lot_stocks (id, sku_id, warehouse_id, quantity, created_at, updated_at) VALUES ('acc9ef14-e4d1-45f0-b768-7ac78a16cf83', '322ec2b6-0a7b-4981-b1c1-a4077ccb4804', 'ad73083e-460a-4563-a5a1-672a4766c749', 2, '2026-02-24T17:44:13.5382+00:00', '2026-03-17T13:54:03.478642+00:00');
INSERT INTO public.lot_stocks (id, sku_id, warehouse_id, quantity, created_at, updated_at) VALUES ('1a6cd8c6-8d57-47e5-a31f-24546e3f2560', '69a55ef6-530c-4364-85a9-a3a978d6bafc', 'ad73083e-460a-4563-a5a1-672a4766c749', 4, '2026-02-24T16:08:20.533412+00:00', '2026-03-17T14:02:53.081186+00:00');
INSERT INTO public.lot_stocks (id, sku_id, warehouse_id, quantity, created_at, updated_at) VALUES ('a9698492-374c-49c9-8d11-1a3bf5fb647b', '1cd5a71b-a48e-4ddb-887c-2ad4c557b666', 'ad73083e-460a-4563-a5a1-672a4766c749', 28, '2026-02-24T16:08:21.558819+00:00', '2026-03-17T14:02:52.009135+00:00');
INSERT INTO public.lot_stocks (id, sku_id, warehouse_id, quantity, created_at, updated_at) VALUES ('98245f19-2ea3-481f-9715-1f01cd2f2bd3', 'e4bd4106-01bb-4e8e-ba02-223ab1fcdfd1', 'ad73083e-460a-4563-a5a1-672a4766c749', 2, '2026-02-26T15:17:31.613055+00:00', '2026-03-25T15:45:38.927423+00:00');
INSERT INTO public.lot_stocks (id, sku_id, warehouse_id, quantity, created_at, updated_at) VALUES ('0b770da8-1671-47fe-bc71-109ba40546cd', '0217a819-29ff-43de-a98d-af787b79adbd', 'ad73083e-460a-4563-a5a1-672a4766c749', 5, '2026-02-26T15:17:31.771397+00:00', '2026-03-25T15:45:39.197404+00:00');
INSERT INTO public.lot_stocks (id, sku_id, warehouse_id, quantity, created_at, updated_at) VALUES ('37834d17-fd60-4281-b1d1-37e9e7655809', 'ab0a852d-a067-4012-b368-cb4671ebc3f7', 'f33dcf9e-12be-40b5-8c5a-845251248fba', 22, '2026-02-26T16:58:49.752019+00:00', '2026-02-26T16:58:49.752019+00:00');
INSERT INTO public.lot_stocks (id, sku_id, warehouse_id, quantity, created_at, updated_at) VALUES ('ddbf7f2d-74c2-4908-b2e6-6329d130233c', '99ae33d2-576f-425c-a9c8-866926a43dc6', 'f33dcf9e-12be-40b5-8c5a-845251248fba', 11, '2026-02-26T16:58:49.898905+00:00', '2026-02-26T16:58:49.898905+00:00');
INSERT INTO public.lot_stocks (id, sku_id, warehouse_id, quantity, created_at, updated_at) VALUES ('9db382d6-36cd-49ef-b241-f6a5185da2f7', '1780c515-95fb-46ed-bfa8-32f920a22ac5', 'f33dcf9e-12be-40b5-8c5a-845251248fba', 33, '2026-02-26T16:58:50.038823+00:00', '2026-02-26T16:58:50.038823+00:00');
INSERT INTO public.lot_stocks (id, sku_id, warehouse_id, quantity, created_at, updated_at) VALUES ('96d0c052-706b-464b-aef7-24b248b9b0a8', 'fbe2362c-c373-4747-a36a-b67ae10e74b0', 'f33dcf9e-12be-40b5-8c5a-845251248fba', 11, '2026-02-26T17:01:34.659121+00:00', '2026-02-26T17:01:34.659121+00:00');
INSERT INTO public.lot_stocks (id, sku_id, warehouse_id, quantity, created_at, updated_at) VALUES ('a26dc0b2-13d9-4f36-ba93-d0965b409b4b', '660cfd6c-9899-491e-a9a8-bb097570d930', 'f33dcf9e-12be-40b5-8c5a-845251248fba', 12, '2026-02-26T17:05:06.551479+00:00', '2026-02-26T17:05:06.551479+00:00');
INSERT INTO public.lot_stocks (id, sku_id, warehouse_id, quantity, created_at, updated_at) VALUES ('687c0589-692a-4987-a45c-b936f31ac46b', 'c98997a3-af8b-4946-ab17-821abd88697c', 'f33dcf9e-12be-40b5-8c5a-845251248fba', 2, '2026-02-26T17:13:43.633124+00:00', '2026-02-26T17:13:43.633124+00:00');
INSERT INTO public.lot_stocks (id, sku_id, warehouse_id, quantity, created_at, updated_at) VALUES ('aa203109-e40a-453c-ba9a-efc407efdf7f', '5d8e16d7-74e4-4d46-a186-deb7db108507', 'f33dcf9e-12be-40b5-8c5a-845251248fba', 10, '2026-02-26T17:23:31.253429+00:00', '2026-02-26T17:23:31.253429+00:00');
INSERT INTO public.lot_stocks (id, sku_id, warehouse_id, quantity, created_at, updated_at) VALUES ('cbcacdd8-7a19-4a10-a7fa-dceb1139bfe7', 'cc85f1c9-1a90-47e7-b36a-a5aefbbf63a1', 'bedcc8f7-6b87-4740-bebf-416dd5f25361', 1, '2026-02-26T17:25:57.557802+00:00', '2026-02-26T17:25:57.557802+00:00');
INSERT INTO public.lot_stocks (id, sku_id, warehouse_id, quantity, created_at, updated_at) VALUES ('ea5ca0d3-a45d-4912-9dd7-a622809062d2', 'a9de06c8-bd9a-4163-9d0e-a34391cccd44', 'bedcc8f7-6b87-4740-bebf-416dd5f25361', 1, '2026-02-26T17:25:57.890736+00:00', '2026-02-26T17:25:57.890736+00:00');
INSERT INTO public.lot_stocks (id, sku_id, warehouse_id, quantity, created_at, updated_at) VALUES ('3aafccdb-1150-47d5-b87f-4834020d61e2', '7ab7757e-ef7d-443d-b6e4-5ec00cc09696', 'bedcc8f7-6b87-4740-bebf-416dd5f25361', 3, '2026-02-26T17:25:58.05904+00:00', '2026-02-26T17:25:58.05904+00:00');
INSERT INTO public.lot_stocks (id, sku_id, warehouse_id, quantity, created_at, updated_at) VALUES ('06ea0a59-efd7-4e93-9843-86ef5316b3ba', '5d8e16d7-74e4-4d46-a186-deb7db108507', 'bedcc8f7-6b87-4740-bebf-416dd5f25361', 1, '2026-02-26T17:25:58.196158+00:00', '2026-02-26T17:25:58.196158+00:00');
INSERT INTO public.lot_stocks (id, sku_id, warehouse_id, quantity, created_at, updated_at) VALUES ('db6cd81f-78f3-4c9f-aa27-e897bba2a613', 'aa875050-e917-43d9-a8ee-68b3d6d84a5f', 'bedcc8f7-6b87-4740-bebf-416dd5f25361', 1, '2026-02-26T17:25:58.373864+00:00', '2026-02-26T17:25:58.373864+00:00');
INSERT INTO public.lot_stocks (id, sku_id, warehouse_id, quantity, created_at, updated_at) VALUES ('02393660-5c37-4128-a983-e70daacb7dea', 'c19ca39b-10bd-4c2b-a072-11ede3b47c9e', 'f33dcf9e-12be-40b5-8c5a-845251248fba', 4, '2026-02-26T17:30:41.060587+00:00', '2026-02-26T17:30:41.060587+00:00');
INSERT INTO public.lot_stocks (id, sku_id, warehouse_id, quantity, created_at, updated_at) VALUES ('06dfa2e0-4f1a-4c9b-9800-e99e1a38b221', '80a2fe30-215e-47cd-b190-c006ee70cf6b', 'f33dcf9e-12be-40b5-8c5a-845251248fba', 1, '2026-02-26T17:43:15.352253+00:00', '2026-02-26T17:43:15.352253+00:00');
INSERT INTO public.lot_stocks (id, sku_id, warehouse_id, quantity, created_at, updated_at) VALUES ('2e7046e9-7d5a-41b3-b90a-1768a6706e14', '69987cce-959f-4448-9fa9-ef2c22faca2f', 'f33dcf9e-12be-40b5-8c5a-845251248fba', 8, '2026-02-26T17:43:15.477946+00:00', '2026-02-26T17:43:15.477946+00:00');
INSERT INTO public.lot_stocks (id, sku_id, warehouse_id, quantity, created_at, updated_at) VALUES ('1fb740f9-059a-4eb8-9db1-1592f7059557', 'f23116bc-97fa-4fa2-9b6c-1a44de74d737', 'f33dcf9e-12be-40b5-8c5a-845251248fba', 1, '2026-02-26T17:43:15.592468+00:00', '2026-02-26T17:43:15.592468+00:00');
INSERT INTO public.lot_stocks (id, sku_id, warehouse_id, quantity, created_at, updated_at) VALUES ('f6ed9353-c902-4ec1-a2e2-209b122c0456', 'bfc9f8d5-92ec-45be-8067-c20fa820d7fa', 'f33dcf9e-12be-40b5-8c5a-845251248fba', 2, '2026-02-26T17:43:15.719429+00:00', '2026-02-26T17:43:15.719429+00:00');
INSERT INTO public.lot_stocks (id, sku_id, warehouse_id, quantity, created_at, updated_at) VALUES ('2561c0d5-73d6-4e8b-ad83-c977455624a6', 'eb9fd195-3a43-4033-9e4b-6a794dcc6e5e', 'f33dcf9e-12be-40b5-8c5a-845251248fba', 1, '2026-02-26T17:43:15.845757+00:00', '2026-02-26T17:43:15.845757+00:00');
INSERT INTO public.lot_stocks (id, sku_id, warehouse_id, quantity, created_at, updated_at) VALUES ('afe32d04-04d9-4ca3-8d31-5acda248540b', '27f2a920-da58-447a-9999-f0dfca36cfa0', 'f33dcf9e-12be-40b5-8c5a-845251248fba', 177, '2026-02-26T16:55:07.989911+00:00', '2026-02-26T17:44:32.628749+00:00');
INSERT INTO public.lot_stocks (id, sku_id, warehouse_id, quantity, created_at, updated_at) VALUES ('93362794-7f5b-4e7f-bf40-cb3b6636c7f2', 'e7db44e3-1e2d-457e-b240-943a2082ba03', 'f33dcf9e-12be-40b5-8c5a-845251248fba', 112, '2026-02-26T17:01:34.787383+00:00', '2026-02-26T17:46:08.027087+00:00');
INSERT INTO public.lot_stocks (id, sku_id, warehouse_id, quantity, created_at, updated_at) VALUES ('e9eb22f2-3847-49a7-a2b5-e6455ffcb407', '8331d416-99df-4c31-a222-06231a28e3de', 'f33dcf9e-12be-40b5-8c5a-845251248fba', 8, '2026-02-26T17:11:38.997488+00:00', '2026-02-26T17:54:31.87639+00:00');
INSERT INTO public.lot_stocks (id, sku_id, warehouse_id, quantity, created_at, updated_at) VALUES ('46c0596a-7d15-4433-a9a9-25f3a6a1f1ee', '8400d576-0957-4a3e-a0c5-877bd16705b9', 'f33dcf9e-12be-40b5-8c5a-845251248fba', 32, '2026-02-26T16:55:07.328156+00:00', '2026-02-26T17:54:32.210698+00:00');
INSERT INTO public.lot_stocks (id, sku_id, warehouse_id, quantity, created_at, updated_at) VALUES ('25e7bc96-7b14-4d79-a642-705457272626', '05e222c9-3531-4005-acee-18973b1b09c7', 'f33dcf9e-12be-40b5-8c5a-845251248fba', 63, '2026-02-26T17:11:39.108111+00:00', '2026-02-26T17:54:32.499722+00:00');
INSERT INTO public.lot_stocks (id, sku_id, warehouse_id, quantity, created_at, updated_at) VALUES ('b97f9511-ad21-4995-b987-f3b6dfbff796', 'fcce65d0-d0d6-40d0-92e8-159fa6813c6d', 'f33dcf9e-12be-40b5-8c5a-845251248fba', 92, '2026-02-26T16:43:37.98727+00:00', '2026-02-26T17:54:32.650044+00:00');
INSERT INTO public.lot_stocks (id, sku_id, warehouse_id, quantity, created_at, updated_at) VALUES ('662f0855-e275-498c-99ef-dd80b1ad1a21', 'b912ee0e-c58e-465c-8415-acab3db374c6', 'f33dcf9e-12be-40b5-8c5a-845251248fba', 13, '2026-02-26T17:11:39.270248+00:00', '2026-02-26T17:54:32.767706+00:00');
INSERT INTO public.lot_stocks (id, sku_id, warehouse_id, quantity, created_at, updated_at) VALUES ('a8e5674a-5e3b-4294-a313-767b6087ba73', '6f513e02-f690-4ba0-b9b5-457bd4e33568', 'f33dcf9e-12be-40b5-8c5a-845251248fba', 18, '2026-02-26T17:13:43.489372+00:00', '2026-02-26T17:54:33.010142+00:00');
INSERT INTO public.lot_stocks (id, sku_id, warehouse_id, quantity, created_at, updated_at) VALUES ('c7e2ebe6-3ab0-425a-b41b-ac23b147f1ad', 'ab1ba9fa-6797-4e2c-a3b2-9ba38d18f8a0', 'f33dcf9e-12be-40b5-8c5a-845251248fba', 6, '2026-02-26T17:54:33.283193+00:00', '2026-02-26T17:54:33.283193+00:00');
INSERT INTO public.lot_stocks (id, sku_id, warehouse_id, quantity, created_at, updated_at) VALUES ('b76a23bd-97e8-4f1f-8219-29f2b1218442', '38150ded-b34d-49b3-a132-133864679b11', 'f33dcf9e-12be-40b5-8c5a-845251248fba', 29, '2026-02-26T18:02:03.348477+00:00', '2026-02-26T18:02:03.348477+00:00');
INSERT INTO public.lot_stocks (id, sku_id, warehouse_id, quantity, created_at, updated_at) VALUES ('79d3df21-01ba-4615-8589-b5cade416565', '322ec2b6-0a7b-4981-b1c1-a4077ccb4804', 'f33dcf9e-12be-40b5-8c5a-845251248fba', 7, '2026-02-26T18:02:03.497676+00:00', '2026-02-26T18:02:03.497676+00:00');
INSERT INTO public.lot_stocks (id, sku_id, warehouse_id, quantity, created_at, updated_at) VALUES ('9edc0ea3-11d0-4166-8681-1e4397992c52', '5085bda9-5683-4faf-9511-0e21e3123cc0', 'f33dcf9e-12be-40b5-8c5a-845251248fba', 5, '2026-02-26T18:02:03.662314+00:00', '2026-02-26T18:02:03.662314+00:00');
INSERT INTO public.lot_stocks (id, sku_id, warehouse_id, quantity, created_at, updated_at) VALUES ('3bce8a2e-1469-4870-88a7-0f01ad939bea', '1ae8dced-b81d-48b3-9ba9-f26826c34d80', 'f33dcf9e-12be-40b5-8c5a-845251248fba', 5, '2026-02-26T18:02:03.889353+00:00', '2026-02-26T18:02:03.889353+00:00');
INSERT INTO public.lot_stocks (id, sku_id, warehouse_id, quantity, created_at, updated_at) VALUES ('49f3409f-8f5a-441b-87db-a03dfdcdb87b', '03773853-33a4-479f-9faa-a988b450e661', 'f33dcf9e-12be-40b5-8c5a-845251248fba', 10, '2026-02-26T18:02:04.070152+00:00', '2026-02-26T18:02:04.070152+00:00');
INSERT INTO public.lot_stocks (id, sku_id, warehouse_id, quantity, created_at, updated_at) VALUES ('884f3077-e80a-4677-a7b3-827e02341667', 'e160638e-3cde-415f-9bb6-d9374e31b629', 'f33dcf9e-12be-40b5-8c5a-845251248fba', 1, '2026-02-26T18:18:30.510098+00:00', '2026-02-26T18:18:30.510098+00:00');
INSERT INTO public.lot_stocks (id, sku_id, warehouse_id, quantity, created_at, updated_at) VALUES ('019522ed-335a-4ed1-a42f-9f65177bbf2c', 'f026ec4b-3df5-4f1a-a2c5-8c0c7579e715', 'f33dcf9e-12be-40b5-8c5a-845251248fba', 8, '2026-02-26T18:18:30.633213+00:00', '2026-02-26T18:18:30.633213+00:00');
INSERT INTO public.lot_stocks (id, sku_id, warehouse_id, quantity, created_at, updated_at) VALUES ('eb07c67c-c920-42d7-b70b-eae7c29237b3', 'a1916c02-8ec2-4df5-83fb-126b663c5433', 'f33dcf9e-12be-40b5-8c5a-845251248fba', 16, '2026-02-26T18:18:30.75586+00:00', '2026-02-26T18:18:30.75586+00:00');
INSERT INTO public.lot_stocks (id, sku_id, warehouse_id, quantity, created_at, updated_at) VALUES ('5b79cdcd-da80-45dd-9ec8-99928382f79d', '4d12c3e8-7360-471f-bfe2-e03ed250acad', 'f33dcf9e-12be-40b5-8c5a-845251248fba', 13, '2026-02-26T18:18:30.886696+00:00', '2026-02-26T18:18:30.886696+00:00');
INSERT INTO public.lot_stocks (id, sku_id, warehouse_id, quantity, created_at, updated_at) VALUES ('ff2606dc-6882-4592-a14b-fed6ca5fb3e6', '9e89a2e7-eb39-43fd-8123-99d85cf909a7', 'f33dcf9e-12be-40b5-8c5a-845251248fba', 1, '2026-02-26T18:18:31.008051+00:00', '2026-02-26T18:18:31.008051+00:00');
INSERT INTO public.lot_stocks (id, sku_id, warehouse_id, quantity, created_at, updated_at) VALUES ('144dd021-73cc-40a7-928e-a9931d6a9c83', '51e7dced-faae-403e-b284-6610d9631df8', 'f33dcf9e-12be-40b5-8c5a-845251248fba', 6, '2026-02-26T18:18:31.146734+00:00', '2026-02-26T18:18:31.146734+00:00');
INSERT INTO public.lot_stocks (id, sku_id, warehouse_id, quantity, created_at, updated_at) VALUES ('417bf138-91a3-485d-8c58-b8dfdf681a52', '6ac84b20-eda9-48f2-94ee-c597adecc7cd', 'f33dcf9e-12be-40b5-8c5a-845251248fba', 1, '2026-02-26T18:18:31.273542+00:00', '2026-02-26T18:18:31.273542+00:00');
INSERT INTO public.lot_stocks (id, sku_id, warehouse_id, quantity, created_at, updated_at) VALUES ('a6617823-474a-402d-ac8d-241303968f70', '2b0f4b89-78fe-4ddd-81f5-d9a426d41ba6', 'f33dcf9e-12be-40b5-8c5a-845251248fba', 2, '2026-02-26T18:18:31.410959+00:00', '2026-02-26T18:18:31.410959+00:00');
INSERT INTO public.lot_stocks (id, sku_id, warehouse_id, quantity, created_at, updated_at) VALUES ('9aba8a58-46aa-4d96-b7b3-97a68c893d0c', '9366c795-0606-40ce-89ec-6d31198ec470', 'f33dcf9e-12be-40b5-8c5a-845251248fba', 11, '2026-02-26T18:18:31.540309+00:00', '2026-02-26T18:18:31.540309+00:00');
INSERT INTO public.lot_stocks (id, sku_id, warehouse_id, quantity, created_at, updated_at) VALUES ('b96ddc5c-36e0-454c-86d8-613105035513', '1806d623-77ef-4d12-9c16-0fc80b92dc9b', 'f33dcf9e-12be-40b5-8c5a-845251248fba', 1, '2026-02-26T18:18:31.657309+00:00', '2026-02-26T18:18:31.657309+00:00');
INSERT INTO public.lot_stocks (id, sku_id, warehouse_id, quantity, created_at, updated_at) VALUES ('f39da8c4-35b6-4c22-adb3-e9b6df96654c', '76743f78-b319-405f-af23-a8b2694b048c', 'f33dcf9e-12be-40b5-8c5a-845251248fba', 1, '2026-02-26T18:18:31.777765+00:00', '2026-02-26T18:18:31.777765+00:00');
INSERT INTO public.lot_stocks (id, sku_id, warehouse_id, quantity, created_at, updated_at) VALUES ('34fb50be-d946-46b2-8b43-774f48808e3a', 'd6d0bd98-c549-4507-bcb9-82f6dc29c1e4', 'f33dcf9e-12be-40b5-8c5a-845251248fba', 2, '2026-02-26T18:18:31.891303+00:00', '2026-02-26T18:18:31.891303+00:00');
INSERT INTO public.lot_stocks (id, sku_id, warehouse_id, quantity, created_at, updated_at) VALUES ('9b8c9f6d-6540-468c-bc44-27b93d39cb74', '322ec2b6-0a7b-4981-b1c1-a4077ccb4804', 'bedcc8f7-6b87-4740-bebf-416dd5f25361', 1, '2026-02-26T18:32:41.212905+00:00', '2026-02-26T18:32:41.212905+00:00');
INSERT INTO public.lot_stocks (id, sku_id, warehouse_id, quantity, created_at, updated_at) VALUES ('2fc2827f-2403-49e6-8727-3f0d66fcc3e0', '5085bda9-5683-4faf-9511-0e21e3123cc0', 'bedcc8f7-6b87-4740-bebf-416dd5f25361', 1, '2026-02-26T18:32:41.357146+00:00', '2026-02-26T18:32:41.357146+00:00');
INSERT INTO public.lot_stocks (id, sku_id, warehouse_id, quantity, created_at, updated_at) VALUES ('b275799d-4d9f-48de-aa04-e454f143bcee', '1ae8dced-b81d-48b3-9ba9-f26826c34d80', 'bedcc8f7-6b87-4740-bebf-416dd5f25361', 1, '2026-02-26T18:32:41.553796+00:00', '2026-02-26T18:32:41.553796+00:00');
INSERT INTO public.lot_stocks (id, sku_id, warehouse_id, quantity, created_at, updated_at) VALUES ('2ae25803-c20e-4e02-a07b-04f901da387e', '03773853-33a4-479f-9faa-a988b450e661', 'bedcc8f7-6b87-4740-bebf-416dd5f25361', 1, '2026-02-26T18:32:41.693955+00:00', '2026-02-26T18:32:41.693955+00:00');
INSERT INTO public.lot_stocks (id, sku_id, warehouse_id, quantity, created_at, updated_at) VALUES ('c5e2cb3f-f860-4f4b-ac08-3a85a47ca719', '9366c795-0606-40ce-89ec-6d31198ec470', 'bedcc8f7-6b87-4740-bebf-416dd5f25361', 2, '2026-02-26T18:32:41.833105+00:00', '2026-02-26T18:32:41.833105+00:00');
INSERT INTO public.lot_stocks (id, sku_id, warehouse_id, quantity, created_at, updated_at) VALUES ('fd3c473c-8c80-4d57-b5f4-540bbe5e38d4', 'a1916c02-8ec2-4df5-83fb-126b663c5433', 'bedcc8f7-6b87-4740-bebf-416dd5f25361', 1, '2026-02-26T18:32:41.954135+00:00', '2026-02-26T18:32:41.954135+00:00');
INSERT INTO public.lot_stocks (id, sku_id, warehouse_id, quantity, created_at, updated_at) VALUES ('544f5d3d-4a73-4bbc-97e7-9b7b5e98d43c', '1cd5a71b-a48e-4ddb-887c-2ad4c557b666', 'bedcc8f7-6b87-4740-bebf-416dd5f25361', 10, '2026-02-26T18:35:03.717646+00:00', '2026-02-26T18:36:06.368328+00:00');
INSERT INTO public.lot_stocks (id, sku_id, warehouse_id, quantity, created_at, updated_at) VALUES ('08763aa2-a6e4-4ff1-af55-d127da83dc36', '27f2a920-da58-447a-9999-f0dfca36cfa0', 'bedcc8f7-6b87-4740-bebf-416dd5f25361', 25, '2026-02-26T18:35:03.858648+00:00', '2026-02-26T18:36:06.548164+00:00');
INSERT INTO public.lot_stocks (id, sku_id, warehouse_id, quantity, created_at, updated_at) VALUES ('3e865459-66e8-419a-b794-d701d56c2d9e', '8e7129b7-d83b-4683-979c-44528565e289', 'bedcc8f7-6b87-4740-bebf-416dd5f25361', 1, '2026-02-26T18:37:16.254046+00:00', '2026-02-26T18:37:16.254046+00:00');
INSERT INTO public.lot_stocks (id, sku_id, warehouse_id, quantity, created_at, updated_at) VALUES ('81f51b08-cd8a-426f-8796-1812c7608d05', '624b257b-b152-4efb-8ccc-2b8a244aaf89', 'bedcc8f7-6b87-4740-bebf-416dd5f25361', 2, '2026-02-26T18:40:49.085497+00:00', '2026-02-26T18:40:49.085497+00:00');
INSERT INTO public.lot_stocks (id, sku_id, warehouse_id, quantity, created_at, updated_at) VALUES ('11f9e20c-ba67-479b-b7b7-a70e24d40b76', 'ad93e5bd-4490-4909-9356-98821abd9688', 'bedcc8f7-6b87-4740-bebf-416dd5f25361', 2, '2026-02-26T18:40:49.213305+00:00', '2026-02-26T18:40:49.213305+00:00');
INSERT INTO public.lot_stocks (id, sku_id, warehouse_id, quantity, created_at, updated_at) VALUES ('1f0ff113-8f1e-47a9-aca3-19646c00a33c', 'da2bc8a5-cb91-41f6-ac93-2857f723bdca', 'bedcc8f7-6b87-4740-bebf-416dd5f25361', 2, '2026-02-26T18:40:49.338229+00:00', '2026-02-26T18:40:49.338229+00:00');
INSERT INTO public.lot_stocks (id, sku_id, warehouse_id, quantity, created_at, updated_at) VALUES ('c5194b83-11af-458b-8698-50394dec6887', '756a0b04-22c6-433a-b014-882011b0de82', 'bedcc8f7-6b87-4740-bebf-416dd5f25361', 2, '2026-02-26T18:40:49.47515+00:00', '2026-02-26T18:40:49.47515+00:00');
INSERT INTO public.lot_stocks (id, sku_id, warehouse_id, quantity, created_at, updated_at) VALUES ('39f6e2e6-3518-47f6-af60-d8168c2afb4b', '53c6250d-1585-497e-874b-b67c32addfbe', 'bedcc8f7-6b87-4740-bebf-416dd5f25361', 1, '2026-02-26T18:40:49.605394+00:00', '2026-02-26T18:40:49.605394+00:00');
INSERT INTO public.lot_stocks (id, sku_id, warehouse_id, quantity, created_at, updated_at) VALUES ('92beb4b5-2fff-4c5f-8d85-87655734bbea', '0217a819-29ff-43de-a98d-af787b79adbd', 'bedcc8f7-6b87-4740-bebf-416dd5f25361', 2, '2026-02-26T18:40:49.772491+00:00', '2026-02-26T18:40:49.915801+00:00');
INSERT INTO public.lot_stocks (id, sku_id, warehouse_id, quantity, created_at, updated_at) VALUES ('aa316b41-9653-4483-90b7-85214bc05e6f', 'bb94d851-4bd5-4dd5-956f-2aa6e47bca78', 'bdc77d3b-6f92-403b-9d0a-4bd7071a3a84', 11, '2026-02-26T18:44:42.102978+00:00', '2026-02-26T18:44:42.102978+00:00');
INSERT INTO public.lot_stocks (id, sku_id, warehouse_id, quantity, created_at, updated_at) VALUES ('bb0e93bd-aac5-402c-ae3a-0761dfaaf13e', '5634d296-c35d-40f8-8593-0b579491cc18', 'bdc77d3b-6f92-403b-9d0a-4bd7071a3a84', 11, '2026-02-26T18:44:42.291344+00:00', '2026-02-26T18:44:42.291344+00:00');
INSERT INTO public.lot_stocks (id, sku_id, warehouse_id, quantity, created_at, updated_at) VALUES ('b9dd6ca5-ede2-4a2e-8ddd-7be556e3c62e', 'f4ccf108-8ad3-4266-b6d8-a1d4ad847f69', 'bdc77d3b-6f92-403b-9d0a-4bd7071a3a84', 11, '2026-02-26T18:46:36.884813+00:00', '2026-02-26T18:46:36.884813+00:00');
INSERT INTO public.lot_stocks (id, sku_id, warehouse_id, quantity, created_at, updated_at) VALUES ('aa91dd6a-5c37-4f4e-aa11-1d8a797e5778', '4174aeb3-4692-4095-b2bd-96b770d14b09', 'bdc77d3b-6f92-403b-9d0a-4bd7071a3a84', 11, '2026-02-26T18:46:37.047693+00:00', '2026-02-26T18:46:37.047693+00:00');
INSERT INTO public.lot_stocks (id, sku_id, warehouse_id, quantity, created_at, updated_at) VALUES ('2841321a-ee47-4045-a2de-27e99ca8fbc4', '7ad5d79e-cee1-4f1f-a1fe-7f8f3989cf29', 'bdc77d3b-6f92-403b-9d0a-4bd7071a3a84', 22, '2026-02-26T18:50:27.447729+00:00', '2026-02-26T18:53:14.261065+00:00');
INSERT INTO public.lot_stocks (id, sku_id, warehouse_id, quantity, created_at, updated_at) VALUES ('6635506d-5201-47c4-ae01-077096b9ff30', '1806d623-77ef-4d12-9c16-0fc80b92dc9b', '4e582c6f-b387-4920-9c18-5d06602e32cd', 0, '2026-03-02T13:46:06.960994+00:00', '2026-03-02T13:46:23.895942+00:00');
INSERT INTO public.lot_stocks (id, sku_id, warehouse_id, quantity, created_at, updated_at) VALUES ('8e4ed890-dbd9-4786-9d06-990b1cf5c76a', '03773853-33a4-479f-9faa-a988b450e661', '4e582c6f-b387-4920-9c18-5d06602e32cd', 0, '2026-03-02T15:10:55.767739+00:00', '2026-03-02T15:11:09.464162+00:00');
INSERT INTO public.lot_stocks (id, sku_id, warehouse_id, quantity, created_at, updated_at) VALUES ('56ce0f51-ef7d-4a2d-b0e0-bd9caadc82b2', '53c6250d-1585-497e-874b-b67c32addfbe', 'bdc77d3b-6f92-403b-9d0a-4bd7071a3a84', 11, '2026-02-26T18:50:27.014062+00:00', '2026-02-26T18:53:13.815478+00:00');
INSERT INTO public.lot_stocks (id, sku_id, warehouse_id, quantity, created_at, updated_at) VALUES ('2b93ff49-9e83-4cc8-9319-ea11d9466fd1', 'e4bd4106-01bb-4e8e-ba02-223ab1fcdfd1', 'bdc77d3b-6f92-403b-9d0a-4bd7071a3a84', 11, '2026-02-26T18:50:27.149965+00:00', '2026-02-26T18:53:13.961201+00:00');
INSERT INTO public.lot_stocks (id, sku_id, warehouse_id, quantity, created_at, updated_at) VALUES ('71d78c91-ab25-4f6a-9367-6f1f9151e87d', '0217a819-29ff-43de-a98d-af787b79adbd', 'bdc77d3b-6f92-403b-9d0a-4bd7071a3a84', 11, '2026-02-26T18:50:27.287817+00:00', '2026-02-26T18:53:14.102776+00:00');
INSERT INTO public.lot_stocks (id, sku_id, warehouse_id, quantity, created_at, updated_at) VALUES ('652f19e1-6ff2-43f7-95f6-e799484edc96', '9366c795-0606-40ce-89ec-6d31198ec470', '4e582c6f-b387-4920-9c18-5d06602e32cd', 0, '2026-03-02T13:46:40.689946+00:00', '2026-03-02T13:46:45.827522+00:00');
INSERT INTO public.lot_stocks (id, sku_id, warehouse_id, quantity, created_at, updated_at) VALUES ('e9009d2d-7b90-4c7c-a43d-31c5a3696d90', '2b7bd8b0-08dd-4b5c-968a-45224330c916', '4346a651-e623-4fc5-81dd-87823053dc94', 6, '2026-03-06T10:17:13.977422+00:00', '2026-03-17T11:25:06.7225+00:00');
INSERT INTO public.lot_stocks (id, sku_id, warehouse_id, quantity, created_at, updated_at) VALUES ('e169625d-84fc-4d0a-b742-ee5b8dcd62c4', 'c98997a3-af8b-4946-ab17-821abd88697c', '4346a651-e623-4fc5-81dd-87823053dc94', 2, '2026-03-06T10:17:14.476227+00:00', '2026-03-06T10:17:14.476227+00:00');
INSERT INTO public.lot_stocks (id, sku_id, warehouse_id, quantity, created_at, updated_at) VALUES ('156ea7f7-e9f8-4cd5-bb41-2f35576a4074', '0993899f-96ef-4cfd-b7cd-1635c6318fdc', '4346a651-e623-4fc5-81dd-87823053dc94', 6, '2026-03-06T10:17:13.859702+00:00', '2026-03-17T11:25:06.854936+00:00');
INSERT INTO public.lot_stocks (id, sku_id, warehouse_id, quantity, created_at, updated_at) VALUES ('eb13dadc-2ba4-4205-88f2-ad34165a64d6', 'c090f105-3e19-4980-b90e-a27305512f23', '4346a651-e623-4fc5-81dd-87823053dc94', 6, '2026-03-06T10:17:13.742081+00:00', '2026-03-17T11:25:06.982569+00:00');
INSERT INTO public.lot_stocks (id, sku_id, warehouse_id, quantity, created_at, updated_at) VALUES ('6e6c95e1-2f92-4371-a736-6011deed5efd', '423888ae-aaf6-406d-bf42-b7af689ac47c', '4346a651-e623-4fc5-81dd-87823053dc94', 18, '2026-03-06T10:17:13.496228+00:00', '2026-03-17T11:25:07.115076+00:00');
INSERT INTO public.lot_stocks (id, sku_id, warehouse_id, quantity, created_at, updated_at) VALUES ('0e88c317-86e2-4656-9c0e-585a7b2e68ed', '8f491fee-d67c-456c-bbaa-054552b289e3', '4346a651-e623-4fc5-81dd-87823053dc94', 6, '2026-03-06T10:17:13.627704+00:00', '2026-03-17T11:25:07.252268+00:00');
INSERT INTO public.lot_stocks (id, sku_id, warehouse_id, quantity, created_at, updated_at) VALUES ('b9b8fca6-7273-4502-9489-59c4ccf49e51', 'cc85f1c9-1a90-47e7-b36a-a5aefbbf63a1', '4346a651-e623-4fc5-81dd-87823053dc94', 6, '2026-03-06T10:17:13.367028+00:00', '2026-03-17T11:25:08.285971+00:00');
INSERT INTO public.lot_stocks (id, sku_id, warehouse_id, quantity, created_at, updated_at) VALUES ('070ea7c0-7a56-4e0b-b3f1-7ad469b9d883', 'a9de06c8-bd9a-4163-9d0e-a34391cccd44', '4346a651-e623-4fc5-81dd-87823053dc94', 94, '2026-03-06T10:17:14.08765+00:00', '2026-04-02T12:54:29.010343+00:00');
INSERT INTO public.lot_stocks (id, sku_id, warehouse_id, quantity, created_at, updated_at) VALUES ('08818263-4aea-4d06-a99d-3bf4fad20a92', '7ab7757e-ef7d-443d-b6e4-5ec00cc09696', '4346a651-e623-4fc5-81dd-87823053dc94', 85, '2026-03-06T10:17:14.226398+00:00', '2026-03-26T15:00:11.933748+00:00');
INSERT INTO public.lot_stocks (id, sku_id, warehouse_id, quantity, created_at, updated_at) VALUES ('f80cd981-893a-40bd-ad0d-92d9a6e9b8ff', 'ab1ba9fa-6797-4e2c-a3b2-9ba38d18f8a0', '4346a651-e623-4fc5-81dd-87823053dc94', 2, '2026-03-06T10:17:15.163345+00:00', '2026-03-06T10:17:15.163345+00:00');
INSERT INTO public.lot_stocks (id, sku_id, warehouse_id, quantity, created_at, updated_at) VALUES ('a4546724-827d-4089-9e9d-76708552913d', '69a55ef6-530c-4364-85a9-a3a978d6bafc', '4346a651-e623-4fc5-81dd-87823053dc94', 18, '2026-03-06T10:17:14.348524+00:00', '2026-03-17T11:25:06.405236+00:00');
INSERT INTO public.lot_stocks (id, sku_id, warehouse_id, quantity, created_at, updated_at) VALUES ('9602b442-68ef-439b-b719-444131919759', '27f2a920-da58-447a-9999-f0dfca36cfa0', '4346a651-e623-4fc5-81dd-87823053dc94', 6, '2026-03-06T10:17:14.588988+00:00', '2026-03-17T11:25:07.396641+00:00');
INSERT INTO public.lot_stocks (id, sku_id, warehouse_id, quantity, created_at, updated_at) VALUES ('bd758595-3055-4bea-bf4f-bd49a3366e90', 'fcce65d0-d0d6-40d0-92e8-159fa6813c6d', '4346a651-e623-4fc5-81dd-87823053dc94', 6, '2026-03-06T10:17:14.701882+00:00', '2026-03-17T11:25:07.745986+00:00');
INSERT INTO public.lot_stocks (id, sku_id, warehouse_id, quantity, created_at, updated_at) VALUES ('0a922a07-ed1d-4e47-ace0-876230653027', '690e892f-3f9f-4ca3-b3fa-5a9f7423d978', '4346a651-e623-4fc5-81dd-87823053dc94', 6, '2026-03-06T10:17:14.822972+00:00', '2026-03-17T11:25:06.565346+00:00');
INSERT INTO public.lot_stocks (id, sku_id, warehouse_id, quantity, created_at, updated_at) VALUES ('1616ada4-f50e-49b4-9322-6dde932b3265', 'a6d38dbd-e1b5-42a3-99a5-d3dfa1bfa229', '4346a651-e623-4fc5-81dd-87823053dc94', 2, '2026-03-06T10:17:14.942757+00:00', '2026-03-06T10:17:14.942757+00:00');
INSERT INTO public.lot_stocks (id, sku_id, warehouse_id, quantity, created_at, updated_at) VALUES ('c69eba2c-4752-4cb0-b03d-057e336e6366', 'd9cacdb4-ecec-4169-8aec-d160a5513016', '4346a651-e623-4fc5-81dd-87823053dc94', 6, '2026-03-06T10:17:15.053311+00:00', '2026-03-17T11:25:08.010606+00:00');
INSERT INTO public.lot_stocks (id, sku_id, warehouse_id, quantity, created_at, updated_at) VALUES ('ad178f56-8606-4063-b1b8-6eaf0f251b2e', '99ae33d2-576f-425c-a9c8-866926a43dc6', '25d7a3e5-ca76-4c6f-991e-742e3549315a', 0, '2026-03-14T12:08:10.053957+00:00', '2026-03-14T12:09:13.084966+00:00');
INSERT INTO public.lot_stocks (id, sku_id, warehouse_id, quantity, created_at, updated_at) VALUES ('849032ac-6ec7-47ae-99b2-5cfcaea82e31', '46b3f569-eb4a-4910-8294-3cb839781f22', '4346a651-e623-4fc5-81dd-87823053dc94', 12, '2026-03-17T10:50:22.425845+00:00', '2026-03-17T10:50:22.425845+00:00');
INSERT INTO public.lot_stocks (id, sku_id, warehouse_id, quantity, created_at, updated_at) VALUES ('30a28643-d627-481b-b443-4d07027933c5', '5634d296-c35d-40f8-8593-0b579491cc18', '4346a651-e623-4fc5-81dd-87823053dc94', 12, '2026-03-17T10:50:22.550559+00:00', '2026-03-17T10:50:22.550559+00:00');
INSERT INTO public.lot_stocks (id, sku_id, warehouse_id, quantity, created_at, updated_at) VALUES ('7356b97c-515b-4ff4-8b37-4ca328be7885', '76914c02-0a75-4880-879c-384b82e364b5', '4346a651-e623-4fc5-81dd-87823053dc94', 6, '2026-03-06T10:17:15.280061+00:00', '2026-03-17T11:25:06.124955+00:00');
INSERT INTO public.lot_stocks (id, sku_id, warehouse_id, quantity, created_at, updated_at) VALUES ('c31a4115-e043-4b8e-a111-11366512bfa1', '1cd5a71b-a48e-4ddb-887c-2ad4c557b666', '4346a651-e623-4fc5-81dd-87823053dc94', 64, '2026-03-06T10:02:00.327354+00:00', '2026-03-17T11:25:06.267876+00:00');
INSERT INTO public.lot_stocks (id, sku_id, warehouse_id, quantity, created_at, updated_at) VALUES ('e487d2ea-f08b-47fb-8875-c49b9fb2f9d5', '8400d576-0957-4a3e-a0c5-877bd16705b9', '4346a651-e623-4fc5-81dd-87823053dc94', 4, '2026-03-17T11:25:07.575156+00:00', '2026-03-17T11:25:07.575156+00:00');
INSERT INTO public.lot_stocks (id, sku_id, warehouse_id, quantity, created_at, updated_at) VALUES ('37a2783d-cd32-4137-b5cc-cb537faca0d5', '6f513e02-f690-4ba0-b9b5-457bd4e33568', '4346a651-e623-4fc5-81dd-87823053dc94', 4, '2026-03-17T11:25:07.881327+00:00', '2026-03-17T11:25:07.881327+00:00');
INSERT INTO public.lot_stocks (id, sku_id, warehouse_id, quantity, created_at, updated_at) VALUES ('97f06c57-8f89-4fe0-89dc-b01434c3bdb3', '1b7e0467-3bd5-430f-8043-c4bdb1e2f247', '4346a651-e623-4fc5-81dd-87823053dc94', 4, '2026-03-17T11:25:08.156746+00:00', '2026-03-17T11:25:08.156746+00:00');
INSERT INTO public.lot_stocks (id, sku_id, warehouse_id, quantity, created_at, updated_at) VALUES ('ec35e974-1fe5-4a76-8308-ca274eaa8b06', '322ec2b6-0a7b-4981-b1c1-a4077ccb4804', '4346a651-e623-4fc5-81dd-87823053dc94', 2, '2026-03-17T11:31:33.540369+00:00', '2026-03-17T11:31:33.540369+00:00');
INSERT INTO public.lot_stocks (id, sku_id, warehouse_id, quantity, created_at, updated_at) VALUES ('3e99513d-79f4-4d42-b0d4-8da2007c14ac', '5085bda9-5683-4faf-9511-0e21e3123cc0', '4346a651-e623-4fc5-81dd-87823053dc94', 3, '2026-03-17T11:31:33.689204+00:00', '2026-03-17T11:31:33.689204+00:00');
INSERT INTO public.lot_stocks (id, sku_id, warehouse_id, quantity, created_at, updated_at) VALUES ('d907a4d8-6e54-46ed-874e-802b42e4c1a5', '03773853-33a4-479f-9faa-a988b450e661', '4346a651-e623-4fc5-81dd-87823053dc94', 3, '2026-03-17T11:31:33.807307+00:00', '2026-03-17T11:31:33.807307+00:00');
INSERT INTO public.lot_stocks (id, sku_id, warehouse_id, quantity, created_at, updated_at) VALUES ('f073400f-d69b-4b3a-b5cd-1065685264b4', '9e89a2e7-eb39-43fd-8123-99d85cf909a7', '4346a651-e623-4fc5-81dd-87823053dc94', 1, '2026-03-17T11:33:56.702628+00:00', '2026-03-17T11:33:56.702628+00:00');
INSERT INTO public.lot_stocks (id, sku_id, warehouse_id, quantity, created_at, updated_at) VALUES ('b50b0df2-9349-4f81-97d9-67b47a004d55', 'f026ec4b-3df5-4f1a-a2c5-8c0c7579e715', '4346a651-e623-4fc5-81dd-87823053dc94', 1, '2026-03-17T11:33:56.818423+00:00', '2026-03-17T11:33:56.818423+00:00');
INSERT INTO public.lot_stocks (id, sku_id, warehouse_id, quantity, created_at, updated_at) VALUES ('26c2e763-fda8-48a8-bec7-83a16986a395', '2b0f4b89-78fe-4ddd-81f5-d9a426d41ba6', '4346a651-e623-4fc5-81dd-87823053dc94', 1, '2026-03-17T11:33:56.952087+00:00', '2026-03-17T11:33:56.952087+00:00');
INSERT INTO public.lot_stocks (id, sku_id, warehouse_id, quantity, created_at, updated_at) VALUES ('46e0921a-b8dc-42c2-9391-ae5e56915839', '1806d623-77ef-4d12-9c16-0fc80b92dc9b', '4346a651-e623-4fc5-81dd-87823053dc94', 1, '2026-03-17T11:33:57.080292+00:00', '2026-03-17T11:33:57.080292+00:00');
INSERT INTO public.lot_stocks (id, sku_id, warehouse_id, quantity, created_at, updated_at) VALUES ('a7131d52-8485-47a2-872c-7206f0ced6e4', 'bc59eb97-77fd-4d13-af7f-748e83218bf8', '4346a651-e623-4fc5-81dd-87823053dc94', 2, '2026-03-17T11:35:13.442834+00:00', '2026-03-17T11:35:13.442834+00:00');
INSERT INTO public.lot_stocks (id, sku_id, warehouse_id, quantity, created_at, updated_at) VALUES ('2f46c585-ccff-4906-87a4-db6094b3e8ea', '46b3f569-eb4a-4910-8294-3cb839781f22', 'ad73083e-460a-4563-a5a1-672a4766c749', 1, '2026-03-17T13:55:44.225214+00:00', '2026-03-17T13:55:44.225214+00:00');
INSERT INTO public.lot_stocks (id, sku_id, warehouse_id, quantity, created_at, updated_at) VALUES ('d7759ffa-6e47-43ad-a947-7499cfb72917', 'c98997a3-af8b-4946-ab17-821abd88697c', 'ad73083e-460a-4563-a5a1-672a4766c749', 1, '2026-03-17T14:02:54.267489+00:00', '2026-03-17T14:02:54.267489+00:00');
INSERT INTO public.lot_stocks (id, sku_id, warehouse_id, quantity, created_at, updated_at) VALUES ('b56e4c8f-4427-4e38-9517-685827887797', '8c9b5319-1bc0-4311-bc6b-8953daec1767', 'bdc77d3b-6f92-403b-9d0a-4bd7071a3a84', 12, '2026-03-18T18:10:49.481291+00:00', '2026-03-18T18:10:49.481291+00:00');
INSERT INTO public.lot_stocks (id, sku_id, warehouse_id, quantity, created_at, updated_at) VALUES ('563e221c-564c-4843-a593-8df8f17b6e38', '6cd8beaa-969f-4ac8-9269-1c8e2570c845', 'bdc77d3b-6f92-403b-9d0a-4bd7071a3a84', 12, '2026-03-18T18:10:49.613018+00:00', '2026-03-18T18:10:49.613018+00:00');
INSERT INTO public.lot_stocks (id, sku_id, warehouse_id, quantity, created_at, updated_at) VALUES ('d8a554fd-21a1-4147-9a9a-5b03d7174bbd', 'acd35fbd-c6da-4af0-9c66-58198e0db241', 'bdc77d3b-6f92-403b-9d0a-4bd7071a3a84', 12, '2026-03-18T18:14:02.820091+00:00', '2026-03-18T18:14:02.820091+00:00');
INSERT INTO public.lot_stocks (id, sku_id, warehouse_id, quantity, created_at, updated_at) VALUES ('3f8db2eb-be99-4f0e-956c-8a57fce20933', '61fb29b9-90ff-4d64-9525-bca38165f882', 'bdc77d3b-6f92-403b-9d0a-4bd7071a3a84', 12, '2026-03-18T18:14:02.974969+00:00', '2026-03-18T18:14:02.974969+00:00');
INSERT INTO public.lot_stocks (id, sku_id, warehouse_id, quantity, created_at, updated_at) VALUES ('35350278-a297-41d2-ae14-39a767954f5c', '8e7129b7-d83b-4683-979c-44528565e289', '4346a651-e623-4fc5-81dd-87823053dc94', 4, '2026-03-23T08:56:25.395642+00:00', '2026-03-23T08:56:25.395642+00:00');
INSERT INTO public.lot_stocks (id, sku_id, warehouse_id, quantity, created_at, updated_at) VALUES ('1757896d-c663-42bb-9598-b5b1275d62e7', '53c6250d-1585-497e-874b-b67c32addfbe', '4346a651-e623-4fc5-81dd-87823053dc94', 0, '2026-03-25T15:42:11.892+00:00', '2026-03-25T15:43:45.297244+00:00');
INSERT INTO public.lot_stocks (id, sku_id, warehouse_id, quantity, created_at, updated_at) VALUES ('867da661-3612-447e-902b-6d06b469cc2a', 'e4bd4106-01bb-4e8e-ba02-223ab1fcdfd1', '4346a651-e623-4fc5-81dd-87823053dc94', 0, '2026-03-25T15:42:11.99903+00:00', '2026-03-25T15:43:45.464625+00:00');
INSERT INTO public.lot_stocks (id, sku_id, warehouse_id, quantity, created_at, updated_at) VALUES ('29949db6-4b65-4137-8b2b-ac1be3deaecc', '2b0f4b89-78fe-4ddd-81f5-d9a426d41ba6', 'ad73083e-460a-4563-a5a1-672a4766c749', 1, '2026-03-25T15:47:01.622749+00:00', '2026-03-25T15:47:01.622749+00:00');
INSERT INTO public.lot_stocks (id, sku_id, warehouse_id, quantity, created_at, updated_at) VALUES ('5c4512e2-e8ba-43ce-9d86-c49a6249fa2b', '624b257b-b152-4efb-8ccc-2b8a244aaf89', '4346a651-e623-4fc5-81dd-87823053dc94', 2, '2026-03-17T11:38:02.715685+00:00', '2026-03-26T15:04:27.366005+00:00');
INSERT INTO public.lot_stocks (id, sku_id, warehouse_id, quantity, created_at, updated_at) VALUES ('707b0643-ee16-417b-a4d0-508e978cb87e', 'da2bc8a5-cb91-41f6-ac93-2857f723bdca', '4346a651-e623-4fc5-81dd-87823053dc94', 3, '2026-03-17T11:38:02.823578+00:00', '2026-03-26T15:04:27.48553+00:00');
INSERT INTO public.lot_stocks (id, sku_id, warehouse_id, quantity, created_at, updated_at) VALUES ('9aca611e-470c-4c10-98a7-6edaa4fcd0b1', 'ad93e5bd-4490-4909-9356-98821abd9688', '4346a651-e623-4fc5-81dd-87823053dc94', 1, '2026-03-26T15:04:27.625274+00:00', '2026-03-26T15:04:27.625274+00:00');
INSERT INTO public.lot_stocks (id, sku_id, warehouse_id, quantity, created_at, updated_at) VALUES ('dd671dde-ec5b-4235-a905-673867bd5676', '756a0b04-22c6-433a-b014-882011b0de82', '4346a651-e623-4fc5-81dd-87823053dc94', 1, '2026-03-26T15:04:27.773823+00:00', '2026-03-26T15:04:27.773823+00:00');
INSERT INTO public.lot_stocks (id, sku_id, warehouse_id, quantity, created_at, updated_at) VALUES ('5da3fd64-4176-419c-acc9-2edbaca5cb1f', '0217a819-29ff-43de-a98d-af787b79adbd', '4346a651-e623-4fc5-81dd-87823053dc94', 2, '2026-03-25T15:42:12.248887+00:00', '2026-03-26T15:05:52.571342+00:00');
INSERT INTO public.lot_stocks (id, sku_id, warehouse_id, quantity, created_at, updated_at) VALUES ('cf1c0b41-1442-42be-9131-efcc83d894f7', '7ad5d79e-cee1-4f1f-a1fe-7f8f3989cf29', '4346a651-e623-4fc5-81dd-87823053dc94', 2, '2026-03-25T15:42:12.118946+00:00', '2026-03-26T15:05:52.721631+00:00');
INSERT INTO public.lot_stocks (id, sku_id, warehouse_id, quantity, created_at, updated_at) VALUES ('05c29102-ab82-4742-9824-de26835cfbd6', '764bcbe1-77ca-4724-8acb-3478e8d2d965', '4346a651-e623-4fc5-81dd-87823053dc94', 4, '2026-03-17T11:35:13.576129+00:00', '2026-03-26T15:07:22.596713+00:00');
INSERT INTO public.lot_stocks (id, sku_id, warehouse_id, quantity, created_at, updated_at) VALUES ('9cf088ca-d6d5-4a68-b523-9f00807fdb5c', '660cfd6c-9899-491e-a9a8-bb097570d930', '4346a651-e623-4fc5-81dd-87823053dc94', 13, '2026-03-31T17:14:34.11626+00:00', '2026-03-31T17:17:15.290702+00:00');
INSERT INTO public.lot_stocks (id, sku_id, warehouse_id, quantity, created_at, updated_at) VALUES ('53063cb3-118b-4a99-9e68-bff1c4cb33f6', 'acd35fbd-c6da-4af0-9c66-58198e0db241', 'ad73083e-460a-4563-a5a1-672a4766c749', 2, '2026-04-02T08:25:18.232995+00:00', '2026-04-02T08:25:18.232995+00:00');
INSERT INTO public.lot_stocks (id, sku_id, warehouse_id, quantity, created_at, updated_at) VALUES ('b748c96e-c9e2-4783-9e29-4046c6b88b58', 'acd35fbd-c6da-4af0-9c66-58198e0db241', '4346a651-e623-4fc5-81dd-87823053dc94', 21, '2026-03-31T17:13:57.395041+00:00', '2026-04-02T08:26:05.072194+00:00');
INSERT INTO public.lot_stocks (id, sku_id, warehouse_id, quantity, created_at, updated_at) VALUES ('2ef61d87-44f7-4dc0-a5b8-4d1d7a4388d0', 'd6d0bd98-c549-4507-bcb9-82f6dc29c1e4', '4346a651-e623-4fc5-81dd-87823053dc94', 2, '2026-03-26T15:07:22.737215+00:00', '2026-04-02T08:28:39.199659+00:00');
INSERT INTO public.lot_stocks (id, sku_id, warehouse_id, quantity, created_at, updated_at) VALUES ('cd00308e-f03b-4685-80d7-2340067dc24b', '6ac84b20-eda9-48f2-94ee-c597adecc7cd', '4346a651-e623-4fc5-81dd-87823053dc94', 1, '2026-04-02T08:28:39.375974+00:00', '2026-04-02T08:28:39.375974+00:00');
INSERT INTO public.lot_stocks (id, sku_id, warehouse_id, quantity, created_at, updated_at) VALUES ('a6b1d066-a32e-45b3-9c15-62e4430369c2', '38150ded-b34d-49b3-a132-133864679b11', '4346a651-e623-4fc5-81dd-87823053dc94', 11, '2026-03-17T11:31:33.403209+00:00', '2026-04-02T12:57:24.281811+00:00');

-- TABLE: stock_movements
-- Columns: id, sku_id, product_unit_id, warehouse_id, movement_type, quantity, reference_type, reference_id, created_at
-- 352 row(s)

INSERT INTO public.stock_movements (id, sku_id, product_unit_id, warehouse_id, movement_type, quantity, reference_type, reference_id, created_at) VALUES ('3d779cdf-557d-43e9-b817-3859a2ed9481', '08d1b1bb-4eef-407d-a475-af68c7e08a06', '314189a5-1000-4fd6-b395-ab559eda72a3', 'f33dcf9e-12be-40b5-8c5a-845251248fba', 'out', 1, 'return', 'ed689a41-89c5-4ca8-99d1-7b33f86e5808', '2026-02-19T18:57:28.666762+00:00');
INSERT INTO public.stock_movements (id, sku_id, product_unit_id, warehouse_id, movement_type, quantity, reference_type, reference_id, created_at) VALUES ('4331ebec-a1e1-47e5-a95a-d14c68dfa97c', '25b1f76b-44aa-4a4f-a81d-9a5a90632084', NULL, 'f33dcf9e-12be-40b5-8c5a-845251248fba', 'out', 12, 'return', 'c5579c35-b330-482c-88b4-4d96a141fbf9', '2026-02-19T19:05:09.078091+00:00');
INSERT INTO public.stock_movements (id, sku_id, product_unit_id, warehouse_id, movement_type, quantity, reference_type, reference_id, created_at) VALUES ('b87e8c95-371f-4c62-b7c5-1448d8724d77', 'cc85f1c9-1a90-47e7-b36a-a5aefbbf63a1', NULL, 'ad73083e-460a-4563-a5a1-672a4766c749', 'in', 1, 'purchase', '8fe94c2e-4084-493e-befc-a6ccd768b031', '2026-02-23T17:42:11.382449+00:00');
INSERT INTO public.stock_movements (id, sku_id, product_unit_id, warehouse_id, movement_type, quantity, reference_type, reference_id, created_at) VALUES ('fd4e4967-f536-4cd0-a1b5-3d6b791b0fc9', '7ab7757e-ef7d-443d-b6e4-5ec00cc09696', NULL, 'ad73083e-460a-4563-a5a1-672a4766c749', 'in', 3, 'purchase', '8fe94c2e-4084-493e-befc-a6ccd768b031', '2026-02-23T17:42:11.382449+00:00');
INSERT INTO public.stock_movements (id, sku_id, product_unit_id, warehouse_id, movement_type, quantity, reference_type, reference_id, created_at) VALUES ('c3ec0414-af3c-4564-9ab8-c98f8b76d978', 'aa875050-e917-43d9-a8ee-68b3d6d84a5f', NULL, 'ad73083e-460a-4563-a5a1-672a4766c749', 'in', 1, 'purchase', '8fe94c2e-4084-493e-befc-a6ccd768b031', '2026-02-23T17:42:11.382449+00:00');
INSERT INTO public.stock_movements (id, sku_id, product_unit_id, warehouse_id, movement_type, quantity, reference_type, reference_id, created_at) VALUES ('81c5c7a3-d172-4713-8111-6cf3d57bc6a7', '5d8e16d7-74e4-4d46-a186-deb7db108507', NULL, 'ad73083e-460a-4563-a5a1-672a4766c749', 'in', 1, 'purchase', '8fe94c2e-4084-493e-befc-a6ccd768b031', '2026-02-23T17:42:11.382449+00:00');
INSERT INTO public.stock_movements (id, sku_id, product_unit_id, warehouse_id, movement_type, quantity, reference_type, reference_id, created_at) VALUES ('c37b7ba7-579b-48d8-b776-b79464b663cd', 'a9de06c8-bd9a-4163-9d0e-a34391cccd44', NULL, 'ad73083e-460a-4563-a5a1-672a4766c749', 'in', 1, 'purchase', '8fe94c2e-4084-493e-befc-a6ccd768b031', '2026-02-23T17:42:11.382449+00:00');
INSERT INTO public.stock_movements (id, sku_id, product_unit_id, warehouse_id, movement_type, quantity, reference_type, reference_id, created_at) VALUES ('7f43dfec-0545-43c6-895e-829f797040dc', 'dedf18b5-7c67-49c9-9866-239ca751cfa7', NULL, 'ad73083e-460a-4563-a5a1-672a4766c749', 'in', 1, 'purchase', '954af965-84e4-4abd-b8d4-d7e0990805a2', '2026-02-24T16:08:22.67561+00:00');
INSERT INTO public.stock_movements (id, sku_id, product_unit_id, warehouse_id, movement_type, quantity, reference_type, reference_id, created_at) VALUES ('2ba96fe7-e70e-4efb-93a1-72285cb167f8', '7ab7757e-ef7d-443d-b6e4-5ec00cc09696', NULL, 'ad73083e-460a-4563-a5a1-672a4766c749', 'in', 1, 'purchase', '954af965-84e4-4abd-b8d4-d7e0990805a2', '2026-02-24T16:08:22.67561+00:00');
INSERT INTO public.stock_movements (id, sku_id, product_unit_id, warehouse_id, movement_type, quantity, reference_type, reference_id, created_at) VALUES ('8601caa7-22b1-447a-87e5-a579159b4eca', '69a55ef6-530c-4364-85a9-a3a978d6bafc', NULL, 'ad73083e-460a-4563-a5a1-672a4766c749', 'in', 1, 'purchase', '954af965-84e4-4abd-b8d4-d7e0990805a2', '2026-02-24T16:08:22.67561+00:00');
INSERT INTO public.stock_movements (id, sku_id, product_unit_id, warehouse_id, movement_type, quantity, reference_type, reference_id, created_at) VALUES ('ca8b7e61-6c60-4e58-b02d-426fd5594788', 'aa875050-e917-43d9-a8ee-68b3d6d84a5f', NULL, 'ad73083e-460a-4563-a5a1-672a4766c749', 'in', 1, 'purchase', '954af965-84e4-4abd-b8d4-d7e0990805a2', '2026-02-24T16:08:22.67561+00:00');
INSERT INTO public.stock_movements (id, sku_id, product_unit_id, warehouse_id, movement_type, quantity, reference_type, reference_id, created_at) VALUES ('9e6f3f3e-9771-4015-a0d2-a4a9765c6e46', '8400d576-0957-4a3e-a0c5-877bd16705b9', NULL, 'ad73083e-460a-4563-a5a1-672a4766c749', 'in', 1, 'purchase', '954af965-84e4-4abd-b8d4-d7e0990805a2', '2026-02-24T16:08:22.67561+00:00');
INSERT INTO public.stock_movements (id, sku_id, product_unit_id, warehouse_id, movement_type, quantity, reference_type, reference_id, created_at) VALUES ('964167e7-76ae-4779-95d0-4bc1b42b2098', '27f2a920-da58-447a-9999-f0dfca36cfa0', NULL, 'ad73083e-460a-4563-a5a1-672a4766c749', 'in', 1, 'purchase', '954af965-84e4-4abd-b8d4-d7e0990805a2', '2026-02-24T16:08:22.67561+00:00');
INSERT INTO public.stock_movements (id, sku_id, product_unit_id, warehouse_id, movement_type, quantity, reference_type, reference_id, created_at) VALUES ('7e78629c-bda7-4351-a280-73d768a7797c', '690e892f-3f9f-4ca3-b3fa-5a9f7423d978', NULL, 'ad73083e-460a-4563-a5a1-672a4766c749', 'in', 1, 'purchase', '954af965-84e4-4abd-b8d4-d7e0990805a2', '2026-02-24T16:08:22.67561+00:00');
INSERT INTO public.stock_movements (id, sku_id, product_unit_id, warehouse_id, movement_type, quantity, reference_type, reference_id, created_at) VALUES ('63b55600-e898-4ff1-818e-ab00d4124575', 'a6d38dbd-e1b5-42a3-99a5-d3dfa1bfa229', NULL, 'ad73083e-460a-4563-a5a1-672a4766c749', 'in', 1, 'purchase', '954af965-84e4-4abd-b8d4-d7e0990805a2', '2026-02-24T16:08:22.67561+00:00');
INSERT INTO public.stock_movements (id, sku_id, product_unit_id, warehouse_id, movement_type, quantity, reference_type, reference_id, created_at) VALUES ('6878ff77-5f56-44a6-a439-ca9fbc1b9155', 'd9cacdb4-ecec-4169-8aec-d160a5513016', NULL, 'ad73083e-460a-4563-a5a1-672a4766c749', 'in', 1, 'purchase', '954af965-84e4-4abd-b8d4-d7e0990805a2', '2026-02-24T16:08:22.67561+00:00');
INSERT INTO public.stock_movements (id, sku_id, product_unit_id, warehouse_id, movement_type, quantity, reference_type, reference_id, created_at) VALUES ('38c89163-3147-4c85-aac5-e19ae2379c2e', '1cd5a71b-a48e-4ddb-887c-2ad4c557b666', NULL, 'ad73083e-460a-4563-a5a1-672a4766c749', 'in', 1, 'purchase', '954af965-84e4-4abd-b8d4-d7e0990805a2', '2026-02-24T16:08:22.67561+00:00');
INSERT INTO public.stock_movements (id, sku_id, product_unit_id, warehouse_id, movement_type, quantity, reference_type, reference_id, created_at) VALUES ('dfbe27a4-058a-4cf2-b876-5ca6feb99717', 'cc85f1c9-1a90-47e7-b36a-a5aefbbf63a1', NULL, 'ad73083e-460a-4563-a5a1-672a4766c749', 'in', 1, 'purchase', '954af965-84e4-4abd-b8d4-d7e0990805a2', '2026-02-24T16:08:22.67561+00:00');
INSERT INTO public.stock_movements (id, sku_id, product_unit_id, warehouse_id, movement_type, quantity, reference_type, reference_id, created_at) VALUES ('747d02e1-b735-451e-9350-7f797f4ddd41', '423888ae-aaf6-406d-bf42-b7af689ac47c', NULL, 'ad73083e-460a-4563-a5a1-672a4766c749', 'in', 3, 'purchase', '954af965-84e4-4abd-b8d4-d7e0990805a2', '2026-02-24T16:08:22.67561+00:00');
INSERT INTO public.stock_movements (id, sku_id, product_unit_id, warehouse_id, movement_type, quantity, reference_type, reference_id, created_at) VALUES ('c655e8b4-8661-4fd4-9303-97b738bc6dc7', '8f491fee-d67c-456c-bbaa-054552b289e3', NULL, 'ad73083e-460a-4563-a5a1-672a4766c749', 'in', 1, 'purchase', '954af965-84e4-4abd-b8d4-d7e0990805a2', '2026-02-24T16:08:22.67561+00:00');
INSERT INTO public.stock_movements (id, sku_id, product_unit_id, warehouse_id, movement_type, quantity, reference_type, reference_id, created_at) VALUES ('a1f4b8b7-0171-4e08-aad9-49b3cbdcef7f', 'c090f105-3e19-4980-b90e-a27305512f23', NULL, 'ad73083e-460a-4563-a5a1-672a4766c749', 'in', 1, 'purchase', '954af965-84e4-4abd-b8d4-d7e0990805a2', '2026-02-24T16:08:22.67561+00:00');
INSERT INTO public.stock_movements (id, sku_id, product_unit_id, warehouse_id, movement_type, quantity, reference_type, reference_id, created_at) VALUES ('8df683a6-65d5-4656-a8c6-b82fa7aed52f', '0993899f-96ef-4cfd-b7cd-1635c6318fdc', NULL, 'ad73083e-460a-4563-a5a1-672a4766c749', 'in', 1, 'purchase', '954af965-84e4-4abd-b8d4-d7e0990805a2', '2026-02-24T16:08:22.67561+00:00');
INSERT INTO public.stock_movements (id, sku_id, product_unit_id, warehouse_id, movement_type, quantity, reference_type, reference_id, created_at) VALUES ('104714d5-bcca-4069-a69f-d79eb64feb70', '2b7bd8b0-08dd-4b5c-968a-45224330c916', NULL, 'ad73083e-460a-4563-a5a1-672a4766c749', 'in', 1, 'purchase', '954af965-84e4-4abd-b8d4-d7e0990805a2', '2026-02-24T16:08:22.67561+00:00');
INSERT INTO public.stock_movements (id, sku_id, product_unit_id, warehouse_id, movement_type, quantity, reference_type, reference_id, created_at) VALUES ('942bc3c3-555e-44f1-a08d-9ebee1f26bc8', 'fcce65d0-d0d6-40d0-92e8-159fa6813c6d', NULL, 'ad73083e-460a-4563-a5a1-672a4766c749', 'in', 1, 'purchase', '954af965-84e4-4abd-b8d4-d7e0990805a2', '2026-02-24T16:08:22.67561+00:00');
INSERT INTO public.stock_movements (id, sku_id, product_unit_id, warehouse_id, movement_type, quantity, reference_type, reference_id, created_at) VALUES ('408c1eaf-a188-4eac-8185-4b9007f90d50', '76914c02-0a75-4880-879c-384b82e364b5', NULL, 'ad73083e-460a-4563-a5a1-672a4766c749', 'in', 11, 'purchase', '8092aa77-09e4-4907-aec7-c30de265e264', '2026-02-24T16:20:05.649797+00:00');
INSERT INTO public.stock_movements (id, sku_id, product_unit_id, warehouse_id, movement_type, quantity, reference_type, reference_id, created_at) VALUES ('c44c380b-3cc0-476f-82ab-a10dc4a0433a', '8331d416-99df-4c31-a222-06231a28e3de', NULL, 'ad73083e-460a-4563-a5a1-672a4766c749', 'in', 1, 'purchase', 'eb26272c-1456-43d4-a62c-fcafaa4631a9', '2026-02-24T16:34:12.617325+00:00');
INSERT INTO public.stock_movements (id, sku_id, product_unit_id, warehouse_id, movement_type, quantity, reference_type, reference_id, created_at) VALUES ('17137aae-1eec-45d4-9303-0cf206bb1968', '05e222c9-3531-4005-acee-18973b1b09c7', NULL, 'ad73083e-460a-4563-a5a1-672a4766c749', 'in', 1, 'purchase', 'eb26272c-1456-43d4-a62c-fcafaa4631a9', '2026-02-24T16:34:12.617325+00:00');
INSERT INTO public.stock_movements (id, sku_id, product_unit_id, warehouse_id, movement_type, quantity, reference_type, reference_id, created_at) VALUES ('6c36cfad-ca4d-4334-8d71-1252eebc1cbd', 'b912ee0e-c58e-465c-8415-acab3db374c6', NULL, 'ad73083e-460a-4563-a5a1-672a4766c749', 'in', 1, 'purchase', 'eb26272c-1456-43d4-a62c-fcafaa4631a9', '2026-02-24T16:34:12.617325+00:00');
INSERT INTO public.stock_movements (id, sku_id, product_unit_id, warehouse_id, movement_type, quantity, reference_type, reference_id, created_at) VALUES ('b6d3efde-0cea-4f24-bfdf-9b28322c759e', '6f513e02-f690-4ba0-b9b5-457bd4e33568', NULL, 'ad73083e-460a-4563-a5a1-672a4766c749', 'in', 1, 'purchase', 'eb26272c-1456-43d4-a62c-fcafaa4631a9', '2026-02-24T16:34:12.617325+00:00');
INSERT INTO public.stock_movements (id, sku_id, product_unit_id, warehouse_id, movement_type, quantity, reference_type, reference_id, created_at) VALUES ('793866b6-b933-4a28-b3e8-28660ee1ff65', 'd9cacdb4-ecec-4169-8aec-d160a5513016', NULL, 'ad73083e-460a-4563-a5a1-672a4766c749', 'in', 1, 'purchase', 'eb26272c-1456-43d4-a62c-fcafaa4631a9', '2026-02-24T16:34:12.617325+00:00');
INSERT INTO public.stock_movements (id, sku_id, product_unit_id, warehouse_id, movement_type, quantity, reference_type, reference_id, created_at) VALUES ('57ad3aae-594d-4b5b-9d47-f195b306386c', '1b7e0467-3bd5-430f-8043-c4bdb1e2f247', NULL, 'ad73083e-460a-4563-a5a1-672a4766c749', 'in', 1, 'purchase', 'eb26272c-1456-43d4-a62c-fcafaa4631a9', '2026-02-24T16:34:12.617325+00:00');
INSERT INTO public.stock_movements (id, sku_id, product_unit_id, warehouse_id, movement_type, quantity, reference_type, reference_id, created_at) VALUES ('0783d6e0-c9ba-4eab-871b-af2937227951', 'fbe2362c-c373-4747-a36a-b67ae10e74b0', NULL, 'ad73083e-460a-4563-a5a1-672a4766c749', 'in', 2, 'purchase', '21e0b8fa-4b64-4a76-a524-6e9bb885552e', '2026-02-24T16:57:58.450809+00:00');
INSERT INTO public.stock_movements (id, sku_id, product_unit_id, warehouse_id, movement_type, quantity, reference_type, reference_id, created_at) VALUES ('a6202e4e-ae78-4f7f-bd39-18f6d96db48e', 'e7db44e3-1e2d-457e-b240-943a2082ba03', NULL, 'ad73083e-460a-4563-a5a1-672a4766c749', 'in', 6, 'purchase', '21e0b8fa-4b64-4a76-a524-6e9bb885552e', '2026-02-24T16:57:58.450809+00:00');
INSERT INTO public.stock_movements (id, sku_id, product_unit_id, warehouse_id, movement_type, quantity, reference_type, reference_id, created_at) VALUES ('fe5eda1d-44c1-4448-a403-551bf199dd24', '27f2a920-da58-447a-9999-f0dfca36cfa0', NULL, 'ad73083e-460a-4563-a5a1-672a4766c749', 'in', 2, 'purchase', '21e0b8fa-4b64-4a76-a524-6e9bb885552e', '2026-02-24T16:57:58.450809+00:00');
INSERT INTO public.stock_movements (id, sku_id, product_unit_id, warehouse_id, movement_type, quantity, reference_type, reference_id, created_at) VALUES ('2ce96ec5-d18c-4112-a542-40ca472b72b5', '1cd5a71b-a48e-4ddb-887c-2ad4c557b666', NULL, 'ad73083e-460a-4563-a5a1-672a4766c749', 'in', 1, 'purchase', 'c5ebd06e-9ffc-41ef-b4d4-daae6abbf2c8', '2026-02-24T17:31:59.091135+00:00');
INSERT INTO public.stock_movements (id, sku_id, product_unit_id, warehouse_id, movement_type, quantity, reference_type, reference_id, created_at) VALUES ('837a3428-366e-4169-8687-14ead86ab7a0', 'cc85f1c9-1a90-47e7-b36a-a5aefbbf63a1', NULL, 'ad73083e-460a-4563-a5a1-672a4766c749', 'in', 1, 'purchase', 'c5ebd06e-9ffc-41ef-b4d4-daae6abbf2c8', '2026-02-24T17:31:59.091135+00:00');
INSERT INTO public.stock_movements (id, sku_id, product_unit_id, warehouse_id, movement_type, quantity, reference_type, reference_id, created_at) VALUES ('aa1defdd-ac4a-49ea-80cd-d1a6bfaa7690', '423888ae-aaf6-406d-bf42-b7af689ac47c', NULL, 'ad73083e-460a-4563-a5a1-672a4766c749', 'in', 3, 'purchase', 'c5ebd06e-9ffc-41ef-b4d4-daae6abbf2c8', '2026-02-24T17:31:59.091135+00:00');
INSERT INTO public.stock_movements (id, sku_id, product_unit_id, warehouse_id, movement_type, quantity, reference_type, reference_id, created_at) VALUES ('403af7f4-374b-4c99-93c4-235cb644e737', '8f491fee-d67c-456c-bbaa-054552b289e3', NULL, 'ad73083e-460a-4563-a5a1-672a4766c749', 'in', 1, 'purchase', 'c5ebd06e-9ffc-41ef-b4d4-daae6abbf2c8', '2026-02-24T17:31:59.091135+00:00');
INSERT INTO public.stock_movements (id, sku_id, product_unit_id, warehouse_id, movement_type, quantity, reference_type, reference_id, created_at) VALUES ('865299ec-e073-4a08-a57b-dfc469b46990', 'c090f105-3e19-4980-b90e-a27305512f23', NULL, 'ad73083e-460a-4563-a5a1-672a4766c749', 'in', 1, 'purchase', 'c5ebd06e-9ffc-41ef-b4d4-daae6abbf2c8', '2026-02-24T17:31:59.091135+00:00');
INSERT INTO public.stock_movements (id, sku_id, product_unit_id, warehouse_id, movement_type, quantity, reference_type, reference_id, created_at) VALUES ('fad1cb1d-b66f-47da-9f0e-61f351e23bb1', '0993899f-96ef-4cfd-b7cd-1635c6318fdc', NULL, 'ad73083e-460a-4563-a5a1-672a4766c749', 'in', 1, 'purchase', 'c5ebd06e-9ffc-41ef-b4d4-daae6abbf2c8', '2026-02-24T17:31:59.091135+00:00');
INSERT INTO public.stock_movements (id, sku_id, product_unit_id, warehouse_id, movement_type, quantity, reference_type, reference_id, created_at) VALUES ('ecc39f2d-98e3-4340-b485-07919faaf5dd', '2b7bd8b0-08dd-4b5c-968a-45224330c916', NULL, 'ad73083e-460a-4563-a5a1-672a4766c749', 'in', 1, 'purchase', 'c5ebd06e-9ffc-41ef-b4d4-daae6abbf2c8', '2026-02-24T17:31:59.091135+00:00');
INSERT INTO public.stock_movements (id, sku_id, product_unit_id, warehouse_id, movement_type, quantity, reference_type, reference_id, created_at) VALUES ('04526d24-c138-45e3-9e2a-1a03cc81541f', 'a9de06c8-bd9a-4163-9d0e-a34391cccd44', NULL, 'ad73083e-460a-4563-a5a1-672a4766c749', 'in', 1, 'purchase', 'c5ebd06e-9ffc-41ef-b4d4-daae6abbf2c8', '2026-02-24T17:31:59.091135+00:00');
INSERT INTO public.stock_movements (id, sku_id, product_unit_id, warehouse_id, movement_type, quantity, reference_type, reference_id, created_at) VALUES ('8f1edf64-988e-4be5-bc58-5c012583ee9b', 'dedf18b5-7c67-49c9-9866-239ca751cfa7', NULL, 'ad73083e-460a-4563-a5a1-672a4766c749', 'in', 1, 'purchase', 'c5ebd06e-9ffc-41ef-b4d4-daae6abbf2c8', '2026-02-24T17:31:59.091135+00:00');
INSERT INTO public.stock_movements (id, sku_id, product_unit_id, warehouse_id, movement_type, quantity, reference_type, reference_id, created_at) VALUES ('527d0703-30d4-4356-9982-f0c39e620d71', '7ab7757e-ef7d-443d-b6e4-5ec00cc09696', NULL, 'ad73083e-460a-4563-a5a1-672a4766c749', 'in', 1, 'purchase', 'c5ebd06e-9ffc-41ef-b4d4-daae6abbf2c8', '2026-02-24T17:31:59.091135+00:00');
INSERT INTO public.stock_movements (id, sku_id, product_unit_id, warehouse_id, movement_type, quantity, reference_type, reference_id, created_at) VALUES ('49d4a4c1-9871-469e-a939-c75a57e41dec', '69a55ef6-530c-4364-85a9-a3a978d6bafc', NULL, 'ad73083e-460a-4563-a5a1-672a4766c749', 'in', 1, 'purchase', 'c5ebd06e-9ffc-41ef-b4d4-daae6abbf2c8', '2026-02-24T17:31:59.091135+00:00');
INSERT INTO public.stock_movements (id, sku_id, product_unit_id, warehouse_id, movement_type, quantity, reference_type, reference_id, created_at) VALUES ('dd71963c-7a9c-48d7-b3d4-5bfb6e7214e9', 'fcce65d0-d0d6-40d0-92e8-159fa6813c6d', NULL, 'ad73083e-460a-4563-a5a1-672a4766c749', 'in', 1, 'purchase', 'c5ebd06e-9ffc-41ef-b4d4-daae6abbf2c8', '2026-02-24T17:31:59.091135+00:00');
INSERT INTO public.stock_movements (id, sku_id, product_unit_id, warehouse_id, movement_type, quantity, reference_type, reference_id, created_at) VALUES ('509616df-047e-4901-a93c-8a07ed74bc04', '690e892f-3f9f-4ca3-b3fa-5a9f7423d978', NULL, 'ad73083e-460a-4563-a5a1-672a4766c749', 'in', 1, 'purchase', 'c5ebd06e-9ffc-41ef-b4d4-daae6abbf2c8', '2026-02-24T17:31:59.091135+00:00');
INSERT INTO public.stock_movements (id, sku_id, product_unit_id, warehouse_id, movement_type, quantity, reference_type, reference_id, created_at) VALUES ('1e57b8ad-c8a2-457e-80db-532d0e42f119', 'a6d38dbd-e1b5-42a3-99a5-d3dfa1bfa229', NULL, 'ad73083e-460a-4563-a5a1-672a4766c749', 'in', 1, 'purchase', 'c5ebd06e-9ffc-41ef-b4d4-daae6abbf2c8', '2026-02-24T17:31:59.091135+00:00');
INSERT INTO public.stock_movements (id, sku_id, product_unit_id, warehouse_id, movement_type, quantity, reference_type, reference_id, created_at) VALUES ('ea900501-cbfa-42f0-ab5c-4c43ef83bd49', 'd9cacdb4-ecec-4169-8aec-d160a5513016', NULL, 'ad73083e-460a-4563-a5a1-672a4766c749', 'in', 1, 'purchase', 'c5ebd06e-9ffc-41ef-b4d4-daae6abbf2c8', '2026-02-24T17:31:59.091135+00:00');
INSERT INTO public.stock_movements (id, sku_id, product_unit_id, warehouse_id, movement_type, quantity, reference_type, reference_id, created_at) VALUES ('1b349d65-b376-4c89-80d6-3e22a4ee663a', '1b7e0467-3bd5-430f-8043-c4bdb1e2f247', NULL, 'ad73083e-460a-4563-a5a1-672a4766c749', 'in', 1, 'purchase', 'c5ebd06e-9ffc-41ef-b4d4-daae6abbf2c8', '2026-02-24T17:31:59.091135+00:00');
INSERT INTO public.stock_movements (id, sku_id, product_unit_id, warehouse_id, movement_type, quantity, reference_type, reference_id, created_at) VALUES ('fb1b3e64-8c2f-408f-85a0-475c27159abe', '76914c02-0a75-4880-879c-384b82e364b5', NULL, 'ad73083e-460a-4563-a5a1-672a4766c749', 'in', 1, 'purchase', 'c5ebd06e-9ffc-41ef-b4d4-daae6abbf2c8', '2026-02-24T17:31:59.091135+00:00');
INSERT INTO public.stock_movements (id, sku_id, product_unit_id, warehouse_id, movement_type, quantity, reference_type, reference_id, created_at) VALUES ('fc781542-037b-403e-bd00-664f398404de', '38150ded-b34d-49b3-a132-133864679b11', NULL, 'ad73083e-460a-4563-a5a1-672a4766c749', 'in', 1, 'purchase', '04dbc51a-80df-4977-b337-90a5645a811b', '2026-02-24T17:44:14.23304+00:00');
INSERT INTO public.stock_movements (id, sku_id, product_unit_id, warehouse_id, movement_type, quantity, reference_type, reference_id, created_at) VALUES ('1410af0c-1ba4-4558-8c07-034b84cb62c2', '322ec2b6-0a7b-4981-b1c1-a4077ccb4804', NULL, 'ad73083e-460a-4563-a5a1-672a4766c749', 'in', 1, 'purchase', '04dbc51a-80df-4977-b337-90a5645a811b', '2026-02-24T17:44:14.23304+00:00');
INSERT INTO public.stock_movements (id, sku_id, product_unit_id, warehouse_id, movement_type, quantity, reference_type, reference_id, created_at) VALUES ('48d7bed1-cc84-43da-b878-9a6a39ad05f1', '5085bda9-5683-4faf-9511-0e21e3123cc0', NULL, 'ad73083e-460a-4563-a5a1-672a4766c749', 'in', 1, 'purchase', '04dbc51a-80df-4977-b337-90a5645a811b', '2026-02-24T17:44:14.23304+00:00');
INSERT INTO public.stock_movements (id, sku_id, product_unit_id, warehouse_id, movement_type, quantity, reference_type, reference_id, created_at) VALUES ('4db015b5-1496-4ec6-bceb-04701e536938', '1ae8dced-b81d-48b3-9ba9-f26826c34d80', NULL, 'ad73083e-460a-4563-a5a1-672a4766c749', 'in', 1, 'purchase', '04dbc51a-80df-4977-b337-90a5645a811b', '2026-02-24T17:44:14.23304+00:00');
INSERT INTO public.stock_movements (id, sku_id, product_unit_id, warehouse_id, movement_type, quantity, reference_type, reference_id, created_at) VALUES ('1160ddb2-83ea-4119-ba08-c8838bd27506', '03773853-33a4-479f-9faa-a988b450e661', NULL, 'ad73083e-460a-4563-a5a1-672a4766c749', 'in', 2, 'purchase', '04dbc51a-80df-4977-b337-90a5645a811b', '2026-02-24T17:44:14.23304+00:00');
INSERT INTO public.stock_movements (id, sku_id, product_unit_id, warehouse_id, movement_type, quantity, reference_type, reference_id, created_at) VALUES ('6820ab8b-0e8c-4cca-8090-f2a6e6454012', 'a1916c02-8ec2-4df5-83fb-126b663c5433', NULL, 'ad73083e-460a-4563-a5a1-672a4766c749', 'in', 1, 'purchase', '04dbc51a-80df-4977-b337-90a5645a811b', '2026-02-24T17:44:14.23304+00:00');
INSERT INTO public.stock_movements (id, sku_id, product_unit_id, warehouse_id, movement_type, quantity, reference_type, reference_id, created_at) VALUES ('cbef9694-2d97-44d1-ac7e-fe0c18c900fe', '4d12c3e8-7360-471f-bfe2-e03ed250acad', NULL, 'ad73083e-460a-4563-a5a1-672a4766c749', 'in', 3, 'purchase', '04dbc51a-80df-4977-b337-90a5645a811b', '2026-02-24T17:44:14.23304+00:00');
INSERT INTO public.stock_movements (id, sku_id, product_unit_id, warehouse_id, movement_type, quantity, reference_type, reference_id, created_at) VALUES ('779fc57a-30ac-42a0-b3fa-a87c34adf996', 'ab0a852d-a067-4012-b368-cb4671ebc3f7', NULL, 'ad73083e-460a-4563-a5a1-672a4766c749', 'in', 2, 'purchase', 'c330e3b5-d5be-4e12-80e6-8ad3fba8cd10', '2026-02-24T18:51:07.882128+00:00');
INSERT INTO public.stock_movements (id, sku_id, product_unit_id, warehouse_id, movement_type, quantity, reference_type, reference_id, created_at) VALUES ('f4e2de78-44f6-4d8e-8625-46a2e0ce741b', '99ae33d2-576f-425c-a9c8-866926a43dc6', NULL, 'ad73083e-460a-4563-a5a1-672a4766c749', 'in', 1, 'purchase', 'c330e3b5-d5be-4e12-80e6-8ad3fba8cd10', '2026-02-24T18:51:07.882128+00:00');
INSERT INTO public.stock_movements (id, sku_id, product_unit_id, warehouse_id, movement_type, quantity, reference_type, reference_id, created_at) VALUES ('4dc353bb-2d05-4a22-978d-791c8c919db0', '1780c515-95fb-46ed-bfa8-32f920a22ac5', NULL, 'ad73083e-460a-4563-a5a1-672a4766c749', 'in', 3, 'purchase', 'c330e3b5-d5be-4e12-80e6-8ad3fba8cd10', '2026-02-24T18:51:07.882128+00:00');
INSERT INTO public.stock_movements (id, sku_id, product_unit_id, warehouse_id, movement_type, quantity, reference_type, reference_id, created_at) VALUES ('9b4a2955-149a-45e4-b0fe-938ac8183755', 'e7db44e3-1e2d-457e-b240-943a2082ba03', NULL, 'ad73083e-460a-4563-a5a1-672a4766c749', 'in', 12, 'purchase', '71a87dc7-c25f-4c93-999a-862b6f02a085', '2026-02-24T18:53:43.203642+00:00');
INSERT INTO public.stock_movements (id, sku_id, product_unit_id, warehouse_id, movement_type, quantity, reference_type, reference_id, created_at) VALUES ('ff640bc0-f770-4575-9a00-e3f2e7cd5905', '27f2a920-da58-447a-9999-f0dfca36cfa0', NULL, 'ad73083e-460a-4563-a5a1-672a4766c749', 'in', 2, 'purchase', '71a87dc7-c25f-4c93-999a-862b6f02a085', '2026-02-24T18:53:43.203642+00:00');
INSERT INTO public.stock_movements (id, sku_id, product_unit_id, warehouse_id, movement_type, quantity, reference_type, reference_id, created_at) VALUES ('a6dcc689-6df0-437c-a607-9a13d1feeee6', '660cfd6c-9899-491e-a9a8-bb097570d930', NULL, 'ad73083e-460a-4563-a5a1-672a4766c749', 'in', 2, 'purchase', '71a87dc7-c25f-4c93-999a-862b6f02a085', '2026-02-24T18:53:43.203642+00:00');
INSERT INTO public.stock_movements (id, sku_id, product_unit_id, warehouse_id, movement_type, quantity, reference_type, reference_id, created_at) VALUES ('c37bebc0-ea45-46de-a893-781851eabb5d', 'c19ca39b-10bd-4c2b-a072-11ede3b47c9e', NULL, 'ad73083e-460a-4563-a5a1-672a4766c749', 'in', 1, 'manual', '38b6d8cf-0422-4dcc-94ec-f4f0c4cc145e', '2026-02-25T10:57:17.98822+00:00');
INSERT INTO public.stock_movements (id, sku_id, product_unit_id, warehouse_id, movement_type, quantity, reference_type, reference_id, created_at) VALUES ('2e8ceff8-b963-4cd5-8686-9c847cc3ed49', '1cd5a71b-a48e-4ddb-887c-2ad4c557b666', NULL, 'ad73083e-460a-4563-a5a1-672a4766c749', 'in', 3, 'manual', '38b6d8cf-0422-4dcc-94ec-f4f0c4cc145e', '2026-02-25T10:57:18.16764+00:00');
INSERT INTO public.stock_movements (id, sku_id, product_unit_id, warehouse_id, movement_type, quantity, reference_type, reference_id, created_at) VALUES ('b66e1f76-d478-4ddf-817f-247328f971f5', 'c19ca39b-10bd-4c2b-a072-11ede3b47c9e', NULL, 'ad73083e-460a-4563-a5a1-672a4766c749', 'in', 1, 'purchase', 'f0d48757-a69f-4e15-a900-5305ca702d1c', '2026-02-25T11:02:08.293592+00:00');
INSERT INTO public.stock_movements (id, sku_id, product_unit_id, warehouse_id, movement_type, quantity, reference_type, reference_id, created_at) VALUES ('783ad5e5-66d7-485f-92c4-1d86468e1ce3', '1cd5a71b-a48e-4ddb-887c-2ad4c557b666', NULL, 'ad73083e-460a-4563-a5a1-672a4766c749', 'in', 8, 'purchase', 'c56106c7-d2ba-425b-b2f9-87bd7d80f465', '2026-02-25T11:03:14.054187+00:00');
INSERT INTO public.stock_movements (id, sku_id, product_unit_id, warehouse_id, movement_type, quantity, reference_type, reference_id, created_at) VALUES ('6d4ef3f7-db11-420c-95d1-d1334a3b63d4', '69987cce-959f-4448-9fa9-ef2c22faca2f', NULL, 'ad73083e-460a-4563-a5a1-672a4766c749', 'in', 1, 'purchase', 'bab24cde-de58-423e-90ce-92461e1df82f', '2026-02-25T11:07:24.283576+00:00');
INSERT INTO public.stock_movements (id, sku_id, product_unit_id, warehouse_id, movement_type, quantity, reference_type, reference_id, created_at) VALUES ('fb039ea9-b3d7-429b-84ac-b80d31d6090f', '67a132d9-76bc-4d4f-8a67-68d03fed33f5', NULL, 'ad73083e-460a-4563-a5a1-672a4766c749', 'in', 1, 'purchase', 'bab24cde-de58-423e-90ce-92461e1df82f', '2026-02-25T11:07:24.283576+00:00');
INSERT INTO public.stock_movements (id, sku_id, product_unit_id, warehouse_id, movement_type, quantity, reference_type, reference_id, created_at) VALUES ('aff2eb61-15bc-4677-afbd-f11b35065e6d', '88616397-77d4-4efc-89fb-0d466c167dda', NULL, 'ad73083e-460a-4563-a5a1-672a4766c749', 'in', 1, 'purchase', 'bab24cde-de58-423e-90ce-92461e1df82f', '2026-02-25T11:07:24.283576+00:00');
INSERT INTO public.stock_movements (id, sku_id, product_unit_id, warehouse_id, movement_type, quantity, reference_type, reference_id, created_at) VALUES ('544e536c-8dc5-41c0-bba2-faa18a26ade0', '2f8c821e-bdbb-4f2b-9194-b17ef1ea7cad', NULL, 'ad73083e-460a-4563-a5a1-672a4766c749', 'in', 2, 'purchase', 'c797591a-b66d-456d-ba8b-1bd1c5170739', '2026-02-25T11:10:40.457072+00:00');
INSERT INTO public.stock_movements (id, sku_id, product_unit_id, warehouse_id, movement_type, quantity, reference_type, reference_id, created_at) VALUES ('f10b75d4-7dc7-47a2-af27-4174df4da9a5', '8400d576-0957-4a3e-a0c5-877bd16705b9', NULL, 'ad73083e-460a-4563-a5a1-672a4766c749', 'in', 1, 'purchase', 'c797591a-b66d-456d-ba8b-1bd1c5170739', '2026-02-25T11:10:40.457072+00:00');
INSERT INTO public.stock_movements (id, sku_id, product_unit_id, warehouse_id, movement_type, quantity, reference_type, reference_id, created_at) VALUES ('8f376600-735e-431f-b90f-a4ad8189dd97', '05e222c9-3531-4005-acee-18973b1b09c7', NULL, 'ad73083e-460a-4563-a5a1-672a4766c749', 'in', 1, 'purchase', 'c797591a-b66d-456d-ba8b-1bd1c5170739', '2026-02-25T11:10:40.457072+00:00');
INSERT INTO public.stock_movements (id, sku_id, product_unit_id, warehouse_id, movement_type, quantity, reference_type, reference_id, created_at) VALUES ('e07128d5-8cec-42a8-bd07-bbc53c7fa6ff', '05e222c9-3531-4005-acee-18973b1b09c7', NULL, 'ad73083e-460a-4563-a5a1-672a4766c749', 'in', 2, 'purchase', 'c797591a-b66d-456d-ba8b-1bd1c5170739', '2026-02-25T11:10:40.457072+00:00');
INSERT INTO public.stock_movements (id, sku_id, product_unit_id, warehouse_id, movement_type, quantity, reference_type, reference_id, created_at) VALUES ('2a7d893d-384c-4822-90ad-82960da3cc66', 'a6d38dbd-e1b5-42a3-99a5-d3dfa1bfa229', NULL, 'ad73083e-460a-4563-a5a1-672a4766c749', 'in', 1, 'purchase', 'c797591a-b66d-456d-ba8b-1bd1c5170739', '2026-02-25T11:10:40.457072+00:00');
INSERT INTO public.stock_movements (id, sku_id, product_unit_id, warehouse_id, movement_type, quantity, reference_type, reference_id, created_at) VALUES ('cd579095-a2ed-4de4-a1b8-40e1b6e31c72', 'ab1ba9fa-6797-4e2c-a3b2-9ba38d18f8a0', NULL, 'ad73083e-460a-4563-a5a1-672a4766c749', 'in', 1, 'purchase', 'c797591a-b66d-456d-ba8b-1bd1c5170739', '2026-02-25T11:10:40.457072+00:00');
INSERT INTO public.stock_movements (id, sku_id, product_unit_id, warehouse_id, movement_type, quantity, reference_type, reference_id, created_at) VALUES ('bf8d1262-88bc-41f1-9aaf-14df6a5e5781', '7c292049-a568-4d18-8d09-4c532a17723b', NULL, 'ad73083e-460a-4563-a5a1-672a4766c749', 'in', 1, 'purchase', 'c797591a-b66d-456d-ba8b-1bd1c5170739', '2026-02-25T11:10:40.457072+00:00');
INSERT INTO public.stock_movements (id, sku_id, product_unit_id, warehouse_id, movement_type, quantity, reference_type, reference_id, created_at) VALUES ('8805e4b2-f9f6-46aa-bb68-6fe532910cf3', 'ab1ba9fa-6797-4e2c-a3b2-9ba38d18f8a0', NULL, 'ad73083e-460a-4563-a5a1-672a4766c749', 'in', 1, 'purchase', 'c797591a-b66d-456d-ba8b-1bd1c5170739', '2026-02-25T11:12:00.113009+00:00');
INSERT INTO public.stock_movements (id, sku_id, product_unit_id, warehouse_id, movement_type, quantity, reference_type, reference_id, created_at) VALUES ('ea788105-a363-4c52-9436-521b99ea3ca3', '8331d416-99df-4c31-a222-06231a28e3de', NULL, '7cb548d0-1e5c-4b1f-9dc0-f082c4d31673', 'in', 1, 'manual', '6d0aef1e-f15e-410e-98b4-6002f34aa2c6', '2026-02-25T11:48:31.808283+00:00');
INSERT INTO public.stock_movements (id, sku_id, product_unit_id, warehouse_id, movement_type, quantity, reference_type, reference_id, created_at) VALUES ('aef69de2-1857-4cc9-ac10-8d7d489997b4', '05e222c9-3531-4005-acee-18973b1b09c7', NULL, '7cb548d0-1e5c-4b1f-9dc0-f082c4d31673', 'in', 1, 'manual', '6d0aef1e-f15e-410e-98b4-6002f34aa2c6', '2026-02-25T11:48:32.093047+00:00');
INSERT INTO public.stock_movements (id, sku_id, product_unit_id, warehouse_id, movement_type, quantity, reference_type, reference_id, created_at) VALUES ('8c969c06-df6a-4919-8788-b15b91e1797a', 'b912ee0e-c58e-465c-8415-acab3db374c6', NULL, '7cb548d0-1e5c-4b1f-9dc0-f082c4d31673', 'in', 1, 'manual', '6d0aef1e-f15e-410e-98b4-6002f34aa2c6', '2026-02-25T11:48:32.345842+00:00');
INSERT INTO public.stock_movements (id, sku_id, product_unit_id, warehouse_id, movement_type, quantity, reference_type, reference_id, created_at) VALUES ('4544afc5-2597-4d55-8ede-4a1a6e00d501', '6f513e02-f690-4ba0-b9b5-457bd4e33568', NULL, '7cb548d0-1e5c-4b1f-9dc0-f082c4d31673', 'in', 1, 'manual', '6d0aef1e-f15e-410e-98b4-6002f34aa2c6', '2026-02-25T11:48:32.58141+00:00');
INSERT INTO public.stock_movements (id, sku_id, product_unit_id, warehouse_id, movement_type, quantity, reference_type, reference_id, created_at) VALUES ('df23f612-30b2-4dd6-81b4-59183ee7c837', 'd9cacdb4-ecec-4169-8aec-d160a5513016', NULL, '7cb548d0-1e5c-4b1f-9dc0-f082c4d31673', 'in', 1, 'manual', '6d0aef1e-f15e-410e-98b4-6002f34aa2c6', '2026-02-25T11:48:32.818112+00:00');
INSERT INTO public.stock_movements (id, sku_id, product_unit_id, warehouse_id, movement_type, quantity, reference_type, reference_id, created_at) VALUES ('3e5979b6-ebfa-4613-8dc2-010a210132c5', '1b7e0467-3bd5-430f-8043-c4bdb1e2f247', NULL, '7cb548d0-1e5c-4b1f-9dc0-f082c4d31673', 'in', 1, 'manual', '6d0aef1e-f15e-410e-98b4-6002f34aa2c6', '2026-02-25T11:48:33.109197+00:00');
INSERT INTO public.stock_movements (id, sku_id, product_unit_id, warehouse_id, movement_type, quantity, reference_type, reference_id, created_at) VALUES ('fb98912f-9be3-4111-959f-14a798361010', 'bb94d851-4bd5-4dd5-956f-2aa6e47bca78', NULL, 'ad73083e-460a-4563-a5a1-672a4766c749', 'in', 1, 'purchase', '3075b875-5412-4805-9331-5f411d0c6bc8', '2026-02-26T15:14:18.789567+00:00');
INSERT INTO public.stock_movements (id, sku_id, product_unit_id, warehouse_id, movement_type, quantity, reference_type, reference_id, created_at) VALUES ('43e802a2-f36e-4cce-a09a-741e95da643c', '5634d296-c35d-40f8-8593-0b579491cc18', NULL, 'ad73083e-460a-4563-a5a1-672a4766c749', 'in', 1, 'purchase', '3075b875-5412-4805-9331-5f411d0c6bc8', '2026-02-26T15:14:18.789567+00:00');
INSERT INTO public.stock_movements (id, sku_id, product_unit_id, warehouse_id, movement_type, quantity, reference_type, reference_id, created_at) VALUES ('ce99efc0-9b17-4bc9-8512-76921d5f46cc', '4174aeb3-4692-4095-b2bd-96b770d14b09', NULL, 'ad73083e-460a-4563-a5a1-672a4766c749', 'in', 1, 'purchase', '208dda5d-f07d-4148-a433-cde955b541ce', '2026-02-26T15:15:39.393185+00:00');
INSERT INTO public.stock_movements (id, sku_id, product_unit_id, warehouse_id, movement_type, quantity, reference_type, reference_id, created_at) VALUES ('2ad51e87-b985-4181-ba25-a873674ebfa0', 'f4ccf108-8ad3-4266-b6d8-a1d4ad847f69', NULL, 'ad73083e-460a-4563-a5a1-672a4766c749', 'in', 1, 'purchase', '208dda5d-f07d-4148-a433-cde955b541ce', '2026-02-26T15:15:39.393185+00:00');
INSERT INTO public.stock_movements (id, sku_id, product_unit_id, warehouse_id, movement_type, quantity, reference_type, reference_id, created_at) VALUES ('a1f3ba36-6859-475e-ada0-371451939c60', '53c6250d-1585-497e-874b-b67c32addfbe', NULL, 'ad73083e-460a-4563-a5a1-672a4766c749', 'in', 1, 'purchase', 'e34b8e48-16f4-4a93-affd-7de6f2bab605', '2026-02-26T15:17:31.959936+00:00');
INSERT INTO public.stock_movements (id, sku_id, product_unit_id, warehouse_id, movement_type, quantity, reference_type, reference_id, created_at) VALUES ('bae3dfac-416a-431d-9ff7-a8c1410dd5f8', 'e4bd4106-01bb-4e8e-ba02-223ab1fcdfd1', NULL, 'ad73083e-460a-4563-a5a1-672a4766c749', 'in', 1, 'purchase', 'e34b8e48-16f4-4a93-affd-7de6f2bab605', '2026-02-26T15:17:31.959936+00:00');
INSERT INTO public.stock_movements (id, sku_id, product_unit_id, warehouse_id, movement_type, quantity, reference_type, reference_id, created_at) VALUES ('fddb9267-7395-42d8-891e-79a82899a692', '0217a819-29ff-43de-a98d-af787b79adbd', NULL, 'ad73083e-460a-4563-a5a1-672a4766c749', 'in', 1, 'purchase', 'e34b8e48-16f4-4a93-affd-7de6f2bab605', '2026-02-26T15:17:31.959936+00:00');
INSERT INTO public.stock_movements (id, sku_id, product_unit_id, warehouse_id, movement_type, quantity, reference_type, reference_id, created_at) VALUES ('13e86c16-6237-46d0-b8d0-c6448e54c0d9', '7ad5d79e-cee1-4f1f-a1fe-7f8f3989cf29', NULL, 'ad73083e-460a-4563-a5a1-672a4766c749', 'in', 2, 'purchase', 'e34b8e48-16f4-4a93-affd-7de6f2bab605', '2026-02-26T15:17:31.959936+00:00');
INSERT INTO public.stock_movements (id, sku_id, product_unit_id, warehouse_id, movement_type, quantity, reference_type, reference_id, created_at) VALUES ('40f2fef0-2d0f-4372-b284-724b4c115e06', '1cd5a71b-a48e-4ddb-887c-2ad4c557b666', NULL, 'f33dcf9e-12be-40b5-8c5a-845251248fba', 'in', 6, 'purchase', '83304891-110f-46a8-bbbf-34b704172f80', '2026-02-26T16:43:38.770133+00:00');
INSERT INTO public.stock_movements (id, sku_id, product_unit_id, warehouse_id, movement_type, quantity, reference_type, reference_id, created_at) VALUES ('a86a7800-c0ac-4f6b-b625-4df8e7ae0432', 'cc85f1c9-1a90-47e7-b36a-a5aefbbf63a1', NULL, 'f33dcf9e-12be-40b5-8c5a-845251248fba', 'in', 6, 'purchase', '83304891-110f-46a8-bbbf-34b704172f80', '2026-02-26T16:43:38.770133+00:00');
INSERT INTO public.stock_movements (id, sku_id, product_unit_id, warehouse_id, movement_type, quantity, reference_type, reference_id, created_at) VALUES ('e117c8b0-9437-4f8e-af6f-28b5a6515a6f', '423888ae-aaf6-406d-bf42-b7af689ac47c', NULL, 'f33dcf9e-12be-40b5-8c5a-845251248fba', 'in', 18, 'purchase', '83304891-110f-46a8-bbbf-34b704172f80', '2026-02-26T16:43:38.770133+00:00');
INSERT INTO public.stock_movements (id, sku_id, product_unit_id, warehouse_id, movement_type, quantity, reference_type, reference_id, created_at) VALUES ('b33181fd-d0f3-4436-9a5b-25d61e095a56', '8f491fee-d67c-456c-bbaa-054552b289e3', NULL, 'f33dcf9e-12be-40b5-8c5a-845251248fba', 'in', 6, 'purchase', '83304891-110f-46a8-bbbf-34b704172f80', '2026-02-26T16:43:38.770133+00:00');
INSERT INTO public.stock_movements (id, sku_id, product_unit_id, warehouse_id, movement_type, quantity, reference_type, reference_id, created_at) VALUES ('15058f24-afcc-4887-bbd0-52a237f9709c', 'c090f105-3e19-4980-b90e-a27305512f23', NULL, 'f33dcf9e-12be-40b5-8c5a-845251248fba', 'in', 6, 'purchase', '83304891-110f-46a8-bbbf-34b704172f80', '2026-02-26T16:43:38.770133+00:00');
INSERT INTO public.stock_movements (id, sku_id, product_unit_id, warehouse_id, movement_type, quantity, reference_type, reference_id, created_at) VALUES ('6d2aa5f9-fd53-4246-9af6-30953b79ae16', '0993899f-96ef-4cfd-b7cd-1635c6318fdc', NULL, 'f33dcf9e-12be-40b5-8c5a-845251248fba', 'in', 6, 'purchase', '83304891-110f-46a8-bbbf-34b704172f80', '2026-02-26T16:43:38.770133+00:00');
INSERT INTO public.stock_movements (id, sku_id, product_unit_id, warehouse_id, movement_type, quantity, reference_type, reference_id, created_at) VALUES ('8cfd5d15-23f9-497c-84e3-638d4c4d548a', '2b7bd8b0-08dd-4b5c-968a-45224330c916', NULL, 'f33dcf9e-12be-40b5-8c5a-845251248fba', 'in', 6, 'purchase', '83304891-110f-46a8-bbbf-34b704172f80', '2026-02-26T16:43:38.770133+00:00');
INSERT INTO public.stock_movements (id, sku_id, product_unit_id, warehouse_id, movement_type, quantity, reference_type, reference_id, created_at) VALUES ('265c7bff-b12b-485b-842f-6edea2f34ffe', 'a9de06c8-bd9a-4163-9d0e-a34391cccd44', NULL, 'f33dcf9e-12be-40b5-8c5a-845251248fba', 'in', 6, 'purchase', '83304891-110f-46a8-bbbf-34b704172f80', '2026-02-26T16:43:38.770133+00:00');
INSERT INTO public.stock_movements (id, sku_id, product_unit_id, warehouse_id, movement_type, quantity, reference_type, reference_id, created_at) VALUES ('de7ad539-b415-4745-8124-77aa57ac6617', 'dedf18b5-7c67-49c9-9866-239ca751cfa7', NULL, 'f33dcf9e-12be-40b5-8c5a-845251248fba', 'in', 6, 'purchase', '83304891-110f-46a8-bbbf-34b704172f80', '2026-02-26T16:43:38.770133+00:00');
INSERT INTO public.stock_movements (id, sku_id, product_unit_id, warehouse_id, movement_type, quantity, reference_type, reference_id, created_at) VALUES ('564713f0-e8ba-4a40-8de1-11b505661741', '7ab7757e-ef7d-443d-b6e4-5ec00cc09696', NULL, 'f33dcf9e-12be-40b5-8c5a-845251248fba', 'in', 6, 'purchase', '83304891-110f-46a8-bbbf-34b704172f80', '2026-02-26T16:43:38.770133+00:00');
INSERT INTO public.stock_movements (id, sku_id, product_unit_id, warehouse_id, movement_type, quantity, reference_type, reference_id, created_at) VALUES ('85874cdb-eccf-4661-b023-3e7786562eb2', '69a55ef6-530c-4364-85a9-a3a978d6bafc', NULL, 'f33dcf9e-12be-40b5-8c5a-845251248fba', 'in', 6, 'purchase', '83304891-110f-46a8-bbbf-34b704172f80', '2026-02-26T16:43:38.770133+00:00');
INSERT INTO public.stock_movements (id, sku_id, product_unit_id, warehouse_id, movement_type, quantity, reference_type, reference_id, created_at) VALUES ('a6e411c4-339a-4e48-9159-7eb3e8590edf', 'fcce65d0-d0d6-40d0-92e8-159fa6813c6d', NULL, 'f33dcf9e-12be-40b5-8c5a-845251248fba', 'in', 6, 'purchase', '83304891-110f-46a8-bbbf-34b704172f80', '2026-02-26T16:43:38.770133+00:00');
INSERT INTO public.stock_movements (id, sku_id, product_unit_id, warehouse_id, movement_type, quantity, reference_type, reference_id, created_at) VALUES ('13dafb31-3d40-45fc-8e0b-9adddf6deab9', '690e892f-3f9f-4ca3-b3fa-5a9f7423d978', NULL, 'f33dcf9e-12be-40b5-8c5a-845251248fba', 'in', 6, 'purchase', '83304891-110f-46a8-bbbf-34b704172f80', '2026-02-26T16:43:38.770133+00:00');
INSERT INTO public.stock_movements (id, sku_id, product_unit_id, warehouse_id, movement_type, quantity, reference_type, reference_id, created_at) VALUES ('72d7a435-6d94-4527-844b-2eaab69908b4', 'a6d38dbd-e1b5-42a3-99a5-d3dfa1bfa229', NULL, 'f33dcf9e-12be-40b5-8c5a-845251248fba', 'in', 6, 'purchase', '83304891-110f-46a8-bbbf-34b704172f80', '2026-02-26T16:43:38.770133+00:00');
INSERT INTO public.stock_movements (id, sku_id, product_unit_id, warehouse_id, movement_type, quantity, reference_type, reference_id, created_at) VALUES ('405d65d0-a958-45b9-9485-eb05341ef9af', 'd9cacdb4-ecec-4169-8aec-d160a5513016', NULL, 'f33dcf9e-12be-40b5-8c5a-845251248fba', 'in', 6, 'purchase', '83304891-110f-46a8-bbbf-34b704172f80', '2026-02-26T16:43:38.770133+00:00');
INSERT INTO public.stock_movements (id, sku_id, product_unit_id, warehouse_id, movement_type, quantity, reference_type, reference_id, created_at) VALUES ('9b0f93ed-6157-447e-bc07-805438036a6c', '1b7e0467-3bd5-430f-8043-c4bdb1e2f247', NULL, 'f33dcf9e-12be-40b5-8c5a-845251248fba', 'in', 6, 'purchase', '83304891-110f-46a8-bbbf-34b704172f80', '2026-02-26T16:43:38.770133+00:00');
INSERT INTO public.stock_movements (id, sku_id, product_unit_id, warehouse_id, movement_type, quantity, reference_type, reference_id, created_at) VALUES ('5189c671-7be1-438f-bf4e-ec3a956bc5c5', '76914c02-0a75-4880-879c-384b82e364b5', NULL, 'f33dcf9e-12be-40b5-8c5a-845251248fba', 'in', 6, 'purchase', '83304891-110f-46a8-bbbf-34b704172f80', '2026-02-26T16:43:38.770133+00:00');
INSERT INTO public.stock_movements (id, sku_id, product_unit_id, warehouse_id, movement_type, quantity, reference_type, reference_id, created_at) VALUES ('d7f0c7ab-d3a1-4955-b169-5c7f484169c9', '1cd5a71b-a48e-4ddb-887c-2ad4c557b666', NULL, 'f33dcf9e-12be-40b5-8c5a-845251248fba', 'in', 6, 'purchase', 'fc08703f-cbf9-4f96-86fe-8c1c56c03812', '2026-02-26T16:55:08.075821+00:00');
INSERT INTO public.stock_movements (id, sku_id, product_unit_id, warehouse_id, movement_type, quantity, reference_type, reference_id, created_at) VALUES ('f56285ed-7eae-41a4-b93e-1f6a8ad2bba7', 'cc85f1c9-1a90-47e7-b36a-a5aefbbf63a1', NULL, 'f33dcf9e-12be-40b5-8c5a-845251248fba', 'in', 6, 'purchase', 'fc08703f-cbf9-4f96-86fe-8c1c56c03812', '2026-02-26T16:55:08.075821+00:00');
INSERT INTO public.stock_movements (id, sku_id, product_unit_id, warehouse_id, movement_type, quantity, reference_type, reference_id, created_at) VALUES ('cce6f08e-16f7-420c-b2ae-3e4cf1d4909f', '423888ae-aaf6-406d-bf42-b7af689ac47c', NULL, 'f33dcf9e-12be-40b5-8c5a-845251248fba', 'in', 18, 'purchase', 'fc08703f-cbf9-4f96-86fe-8c1c56c03812', '2026-02-26T16:55:08.075821+00:00');
INSERT INTO public.stock_movements (id, sku_id, product_unit_id, warehouse_id, movement_type, quantity, reference_type, reference_id, created_at) VALUES ('a61bc01a-2af8-4176-bc88-960acc48c0f0', '8f491fee-d67c-456c-bbaa-054552b289e3', NULL, 'f33dcf9e-12be-40b5-8c5a-845251248fba', 'in', 6, 'purchase', 'fc08703f-cbf9-4f96-86fe-8c1c56c03812', '2026-02-26T16:55:08.075821+00:00');
INSERT INTO public.stock_movements (id, sku_id, product_unit_id, warehouse_id, movement_type, quantity, reference_type, reference_id, created_at) VALUES ('6676a632-e760-48b8-8475-972d837b03ec', 'c090f105-3e19-4980-b90e-a27305512f23', NULL, 'f33dcf9e-12be-40b5-8c5a-845251248fba', 'in', 6, 'purchase', 'fc08703f-cbf9-4f96-86fe-8c1c56c03812', '2026-02-26T16:55:08.075821+00:00');
INSERT INTO public.stock_movements (id, sku_id, product_unit_id, warehouse_id, movement_type, quantity, reference_type, reference_id, created_at) VALUES ('8f519f53-cad9-4103-84ad-71d81ee16d85', '0993899f-96ef-4cfd-b7cd-1635c6318fdc', NULL, 'f33dcf9e-12be-40b5-8c5a-845251248fba', 'in', 6, 'purchase', 'fc08703f-cbf9-4f96-86fe-8c1c56c03812', '2026-02-26T16:55:08.075821+00:00');
INSERT INTO public.stock_movements (id, sku_id, product_unit_id, warehouse_id, movement_type, quantity, reference_type, reference_id, created_at) VALUES ('e54aa8cd-10a5-4fa5-8561-257a879de687', '2b7bd8b0-08dd-4b5c-968a-45224330c916', NULL, 'f33dcf9e-12be-40b5-8c5a-845251248fba', 'in', 6, 'purchase', 'fc08703f-cbf9-4f96-86fe-8c1c56c03812', '2026-02-26T16:55:08.075821+00:00');
INSERT INTO public.stock_movements (id, sku_id, product_unit_id, warehouse_id, movement_type, quantity, reference_type, reference_id, created_at) VALUES ('32ad2644-2c98-4e2d-9411-e1ff29b06b6e', 'dedf18b5-7c67-49c9-9866-239ca751cfa7', NULL, 'f33dcf9e-12be-40b5-8c5a-845251248fba', 'in', 6, 'purchase', 'fc08703f-cbf9-4f96-86fe-8c1c56c03812', '2026-02-26T16:55:08.075821+00:00');
INSERT INTO public.stock_movements (id, sku_id, product_unit_id, warehouse_id, movement_type, quantity, reference_type, reference_id, created_at) VALUES ('8b266418-50a7-417a-8a25-f840b8a92b7e', '7ab7757e-ef7d-443d-b6e4-5ec00cc09696', NULL, 'f33dcf9e-12be-40b5-8c5a-845251248fba', 'in', 6, 'purchase', 'fc08703f-cbf9-4f96-86fe-8c1c56c03812', '2026-02-26T16:55:08.075821+00:00');
INSERT INTO public.stock_movements (id, sku_id, product_unit_id, warehouse_id, movement_type, quantity, reference_type, reference_id, created_at) VALUES ('eeb6dc02-dbc8-4fef-9e44-01ee7a016efd', '69a55ef6-530c-4364-85a9-a3a978d6bafc', NULL, 'f33dcf9e-12be-40b5-8c5a-845251248fba', 'in', 6, 'purchase', 'fc08703f-cbf9-4f96-86fe-8c1c56c03812', '2026-02-26T16:55:08.075821+00:00');
INSERT INTO public.stock_movements (id, sku_id, product_unit_id, warehouse_id, movement_type, quantity, reference_type, reference_id, created_at) VALUES ('1e7351cb-9376-4c69-bfd8-adf71b3a1d88', 'aa875050-e917-43d9-a8ee-68b3d6d84a5f', NULL, 'f33dcf9e-12be-40b5-8c5a-845251248fba', 'in', 6, 'purchase', 'fc08703f-cbf9-4f96-86fe-8c1c56c03812', '2026-02-26T16:55:08.075821+00:00');
INSERT INTO public.stock_movements (id, sku_id, product_unit_id, warehouse_id, movement_type, quantity, reference_type, reference_id, created_at) VALUES ('a75ad342-f2dd-4898-bcef-be1154e83549', '8400d576-0957-4a3e-a0c5-877bd16705b9', NULL, 'f33dcf9e-12be-40b5-8c5a-845251248fba', 'in', 6, 'purchase', 'fc08703f-cbf9-4f96-86fe-8c1c56c03812', '2026-02-26T16:55:08.075821+00:00');
INSERT INTO public.stock_movements (id, sku_id, product_unit_id, warehouse_id, movement_type, quantity, reference_type, reference_id, created_at) VALUES ('953416ab-93a5-4b70-b8c7-a846d7bc1ddb', 'fcce65d0-d0d6-40d0-92e8-159fa6813c6d', NULL, 'f33dcf9e-12be-40b5-8c5a-845251248fba', 'in', 6, 'purchase', 'fc08703f-cbf9-4f96-86fe-8c1c56c03812', '2026-02-26T16:55:08.075821+00:00');
INSERT INTO public.stock_movements (id, sku_id, product_unit_id, warehouse_id, movement_type, quantity, reference_type, reference_id, created_at) VALUES ('04744dec-b85b-45c5-a4e5-fea3243ebcdb', '690e892f-3f9f-4ca3-b3fa-5a9f7423d978', NULL, 'f33dcf9e-12be-40b5-8c5a-845251248fba', 'in', 6, 'purchase', 'fc08703f-cbf9-4f96-86fe-8c1c56c03812', '2026-02-26T16:55:08.075821+00:00');
INSERT INTO public.stock_movements (id, sku_id, product_unit_id, warehouse_id, movement_type, quantity, reference_type, reference_id, created_at) VALUES ('b83340b1-6b71-4e9c-aa88-ea85232c2902', 'a6d38dbd-e1b5-42a3-99a5-d3dfa1bfa229', NULL, 'f33dcf9e-12be-40b5-8c5a-845251248fba', 'in', 6, 'purchase', 'fc08703f-cbf9-4f96-86fe-8c1c56c03812', '2026-02-26T16:55:08.075821+00:00');
INSERT INTO public.stock_movements (id, sku_id, product_unit_id, warehouse_id, movement_type, quantity, reference_type, reference_id, created_at) VALUES ('a693d720-a146-44cd-9eee-0368cc9ce311', 'd9cacdb4-ecec-4169-8aec-d160a5513016', NULL, 'f33dcf9e-12be-40b5-8c5a-845251248fba', 'in', 6, 'purchase', 'fc08703f-cbf9-4f96-86fe-8c1c56c03812', '2026-02-26T16:55:08.075821+00:00');
INSERT INTO public.stock_movements (id, sku_id, product_unit_id, warehouse_id, movement_type, quantity, reference_type, reference_id, created_at) VALUES ('5682949d-0ffb-40e7-8b4e-efe0da2f4a02', '27f2a920-da58-447a-9999-f0dfca36cfa0', NULL, 'f33dcf9e-12be-40b5-8c5a-845251248fba', 'in', 6, 'purchase', 'fc08703f-cbf9-4f96-86fe-8c1c56c03812', '2026-02-26T16:55:08.075821+00:00');
INSERT INTO public.stock_movements (id, sku_id, product_unit_id, warehouse_id, movement_type, quantity, reference_type, reference_id, created_at) VALUES ('692e7878-f6f8-496e-84da-058d892a0a5a', 'ab0a852d-a067-4012-b368-cb4671ebc3f7', NULL, 'f33dcf9e-12be-40b5-8c5a-845251248fba', 'in', 22, 'purchase', '2dc92fe1-06f5-4a07-a21f-3fa66b3500ca', '2026-02-26T16:58:50.104139+00:00');
INSERT INTO public.stock_movements (id, sku_id, product_unit_id, warehouse_id, movement_type, quantity, reference_type, reference_id, created_at) VALUES ('0b90430e-b359-48a4-b450-f81a7406f580', '99ae33d2-576f-425c-a9c8-866926a43dc6', NULL, 'f33dcf9e-12be-40b5-8c5a-845251248fba', 'in', 11, 'purchase', '2dc92fe1-06f5-4a07-a21f-3fa66b3500ca', '2026-02-26T16:58:50.104139+00:00');
INSERT INTO public.stock_movements (id, sku_id, product_unit_id, warehouse_id, movement_type, quantity, reference_type, reference_id, created_at) VALUES ('0753004e-08a0-4f7e-be3c-8678316707f1', '1780c515-95fb-46ed-bfa8-32f920a22ac5', NULL, 'f33dcf9e-12be-40b5-8c5a-845251248fba', 'in', 33, 'purchase', '2dc92fe1-06f5-4a07-a21f-3fa66b3500ca', '2026-02-26T16:58:50.104139+00:00');
INSERT INTO public.stock_movements (id, sku_id, product_unit_id, warehouse_id, movement_type, quantity, reference_type, reference_id, created_at) VALUES ('1c89740f-dcfc-4a6e-9d43-5c848163c95b', 'fbe2362c-c373-4747-a36a-b67ae10e74b0', NULL, 'f33dcf9e-12be-40b5-8c5a-845251248fba', 'in', 11, 'purchase', '9880d0e9-ab7c-42e9-8021-a1f89503bcce', '2026-02-26T17:01:35.093471+00:00');
INSERT INTO public.stock_movements (id, sku_id, product_unit_id, warehouse_id, movement_type, quantity, reference_type, reference_id, created_at) VALUES ('05c59867-fcb0-4402-bddc-a076a62f82b4', 'e7db44e3-1e2d-457e-b240-943a2082ba03', NULL, 'f33dcf9e-12be-40b5-8c5a-845251248fba', 'in', 33, 'purchase', '9880d0e9-ab7c-42e9-8021-a1f89503bcce', '2026-02-26T17:01:35.093471+00:00');
INSERT INTO public.stock_movements (id, sku_id, product_unit_id, warehouse_id, movement_type, quantity, reference_type, reference_id, created_at) VALUES ('e9c2708d-1899-4a3d-9af0-9868413181ec', '27f2a920-da58-447a-9999-f0dfca36cfa0', NULL, 'f33dcf9e-12be-40b5-8c5a-845251248fba', 'in', 11, 'purchase', '9880d0e9-ab7c-42e9-8021-a1f89503bcce', '2026-02-26T17:01:35.093471+00:00');
INSERT INTO public.stock_movements (id, sku_id, product_unit_id, warehouse_id, movement_type, quantity, reference_type, reference_id, created_at) VALUES ('1626c28a-aa17-49fe-aa4e-3bbbcac73a8e', 'e7db44e3-1e2d-457e-b240-943a2082ba03', NULL, 'f33dcf9e-12be-40b5-8c5a-845251248fba', 'in', 72, 'purchase', '97e77e12-312b-41d5-a865-9f676ccc4982', '2026-02-26T17:05:06.622996+00:00');
INSERT INTO public.stock_movements (id, sku_id, product_unit_id, warehouse_id, movement_type, quantity, reference_type, reference_id, created_at) VALUES ('9fa3a25e-12f2-4417-86ae-8ceb52befeda', '27f2a920-da58-447a-9999-f0dfca36cfa0', NULL, 'f33dcf9e-12be-40b5-8c5a-845251248fba', 'in', 12, 'purchase', '97e77e12-312b-41d5-a865-9f676ccc4982', '2026-02-26T17:05:06.622996+00:00');
INSERT INTO public.stock_movements (id, sku_id, product_unit_id, warehouse_id, movement_type, quantity, reference_type, reference_id, created_at) VALUES ('5ce9f1ec-c23f-419d-8f05-41dcafdcac76', '660cfd6c-9899-491e-a9a8-bb097570d930', NULL, 'f33dcf9e-12be-40b5-8c5a-845251248fba', 'in', 12, 'purchase', '97e77e12-312b-41d5-a865-9f676ccc4982', '2026-02-26T17:05:06.622996+00:00');
INSERT INTO public.stock_movements (id, sku_id, product_unit_id, warehouse_id, movement_type, quantity, reference_type, reference_id, created_at) VALUES ('286b630f-e11c-46a5-b965-5da58d7307f5', '8331d416-99df-4c31-a222-06231a28e3de', NULL, 'f33dcf9e-12be-40b5-8c5a-845251248fba', 'in', 3, 'purchase', '4768fdf2-659e-43df-b385-1ee2ee85a2f4', '2026-02-26T17:11:39.69145+00:00');
INSERT INTO public.stock_movements (id, sku_id, product_unit_id, warehouse_id, movement_type, quantity, reference_type, reference_id, created_at) VALUES ('8c571f0a-856e-496e-aff0-41f20746f7c2', '05e222c9-3531-4005-acee-18973b1b09c7', NULL, 'f33dcf9e-12be-40b5-8c5a-845251248fba', 'in', 3, 'purchase', '4768fdf2-659e-43df-b385-1ee2ee85a2f4', '2026-02-26T17:11:39.69145+00:00');
INSERT INTO public.stock_movements (id, sku_id, product_unit_id, warehouse_id, movement_type, quantity, reference_type, reference_id, created_at) VALUES ('141581da-52ce-4712-ad55-cbb3a1e29f23', 'b912ee0e-c58e-465c-8415-acab3db374c6', NULL, 'f33dcf9e-12be-40b5-8c5a-845251248fba', 'in', 3, 'purchase', '4768fdf2-659e-43df-b385-1ee2ee85a2f4', '2026-02-26T17:11:39.69145+00:00');
INSERT INTO public.stock_movements (id, sku_id, product_unit_id, warehouse_id, movement_type, quantity, reference_type, reference_id, created_at) VALUES ('5dc84100-89fd-4817-88b8-9841ed7d2af6', 'a6d38dbd-e1b5-42a3-99a5-d3dfa1bfa229', NULL, 'f33dcf9e-12be-40b5-8c5a-845251248fba', 'in', 3, 'purchase', '4768fdf2-659e-43df-b385-1ee2ee85a2f4', '2026-02-26T17:11:39.69145+00:00');
INSERT INTO public.stock_movements (id, sku_id, product_unit_id, warehouse_id, movement_type, quantity, reference_type, reference_id, created_at) VALUES ('532d6d6f-5541-47b7-af98-61d5441c46f3', 'd9cacdb4-ecec-4169-8aec-d160a5513016', NULL, 'f33dcf9e-12be-40b5-8c5a-845251248fba', 'in', 3, 'purchase', '4768fdf2-659e-43df-b385-1ee2ee85a2f4', '2026-02-26T17:11:39.69145+00:00');
INSERT INTO public.stock_movements (id, sku_id, product_unit_id, warehouse_id, movement_type, quantity, reference_type, reference_id, created_at) VALUES ('793ae474-fed7-455b-8ef9-c7291d856aca', '1b7e0467-3bd5-430f-8043-c4bdb1e2f247', NULL, 'f33dcf9e-12be-40b5-8c5a-845251248fba', 'in', 3, 'purchase', '4768fdf2-659e-43df-b385-1ee2ee85a2f4', '2026-02-26T17:11:39.69145+00:00');
INSERT INTO public.stock_movements (id, sku_id, product_unit_id, warehouse_id, movement_type, quantity, reference_type, reference_id, created_at) VALUES ('20c5d29e-c5de-4e91-a555-26e249cd8875', '6f513e02-f690-4ba0-b9b5-457bd4e33568', NULL, 'f33dcf9e-12be-40b5-8c5a-845251248fba', 'in', 1, 'purchase', '098da4cf-f2fc-45d8-8335-588bf4c99884', '2026-02-26T17:13:43.965251+00:00');
INSERT INTO public.stock_movements (id, sku_id, product_unit_id, warehouse_id, movement_type, quantity, reference_type, reference_id, created_at) VALUES ('14739ab6-32fa-4cbe-82df-3683797ece46', 'c98997a3-af8b-4946-ab17-821abd88697c', NULL, 'f33dcf9e-12be-40b5-8c5a-845251248fba', 'in', 2, 'purchase', '098da4cf-f2fc-45d8-8335-588bf4c99884', '2026-02-26T17:13:43.965251+00:00');
INSERT INTO public.stock_movements (id, sku_id, product_unit_id, warehouse_id, movement_type, quantity, reference_type, reference_id, created_at) VALUES ('fd2471ad-a3b1-456d-a916-5a76793386d5', 'd9cacdb4-ecec-4169-8aec-d160a5513016', NULL, 'f33dcf9e-12be-40b5-8c5a-845251248fba', 'in', 1, 'purchase', '098da4cf-f2fc-45d8-8335-588bf4c99884', '2026-02-26T17:13:43.965251+00:00');
INSERT INTO public.stock_movements (id, sku_id, product_unit_id, warehouse_id, movement_type, quantity, reference_type, reference_id, created_at) VALUES ('be7d2cbe-8f04-4c49-9618-a27fca7660d4', 'cc85f1c9-1a90-47e7-b36a-a5aefbbf63a1', NULL, 'f33dcf9e-12be-40b5-8c5a-845251248fba', 'in', 10, 'purchase', '6f3b0455-5e6d-4562-a219-5bfe7a9d2dc6', '2026-02-26T17:23:31.33334+00:00');
INSERT INTO public.stock_movements (id, sku_id, product_unit_id, warehouse_id, movement_type, quantity, reference_type, reference_id, created_at) VALUES ('94f2b2fc-43a8-4e47-ab24-4e202708eaa6', 'a9de06c8-bd9a-4163-9d0e-a34391cccd44', NULL, 'f33dcf9e-12be-40b5-8c5a-845251248fba', 'in', 10, 'purchase', '6f3b0455-5e6d-4562-a219-5bfe7a9d2dc6', '2026-02-26T17:23:31.33334+00:00');
INSERT INTO public.stock_movements (id, sku_id, product_unit_id, warehouse_id, movement_type, quantity, reference_type, reference_id, created_at) VALUES ('8a5d7b97-afff-4848-8e2d-eb92a439c588', '7ab7757e-ef7d-443d-b6e4-5ec00cc09696', NULL, 'f33dcf9e-12be-40b5-8c5a-845251248fba', 'in', 30, 'purchase', '6f3b0455-5e6d-4562-a219-5bfe7a9d2dc6', '2026-02-26T17:23:31.33334+00:00');
INSERT INTO public.stock_movements (id, sku_id, product_unit_id, warehouse_id, movement_type, quantity, reference_type, reference_id, created_at) VALUES ('83e6e5ac-434e-48a0-98ef-300831c6af7d', 'aa875050-e917-43d9-a8ee-68b3d6d84a5f', NULL, 'f33dcf9e-12be-40b5-8c5a-845251248fba', 'in', 10, 'purchase', '6f3b0455-5e6d-4562-a219-5bfe7a9d2dc6', '2026-02-26T17:23:31.33334+00:00');
INSERT INTO public.stock_movements (id, sku_id, product_unit_id, warehouse_id, movement_type, quantity, reference_type, reference_id, created_at) VALUES ('a89d8929-0afb-4de4-af3c-0dc0baeadc0b', '5d8e16d7-74e4-4d46-a186-deb7db108507', NULL, 'f33dcf9e-12be-40b5-8c5a-845251248fba', 'in', 10, 'purchase', '6f3b0455-5e6d-4562-a219-5bfe7a9d2dc6', '2026-02-26T17:23:31.33334+00:00');
INSERT INTO public.stock_movements (id, sku_id, product_unit_id, warehouse_id, movement_type, quantity, reference_type, reference_id, created_at) VALUES ('b1e54cb5-d646-4b73-8d89-8aeaac834743', 'cc85f1c9-1a90-47e7-b36a-a5aefbbf63a1', NULL, 'bedcc8f7-6b87-4740-bebf-416dd5f25361', 'in', 1, 'purchase', 'a9a2b899-cdab-4084-ad9c-9f2e5d9a2fd6', '2026-02-26T17:25:58.463446+00:00');
INSERT INTO public.stock_movements (id, sku_id, product_unit_id, warehouse_id, movement_type, quantity, reference_type, reference_id, created_at) VALUES ('42596a0f-2c0a-4b30-ad72-5a53547e70d3', 'a9de06c8-bd9a-4163-9d0e-a34391cccd44', NULL, 'bedcc8f7-6b87-4740-bebf-416dd5f25361', 'in', 1, 'purchase', 'a9a2b899-cdab-4084-ad9c-9f2e5d9a2fd6', '2026-02-26T17:25:58.463446+00:00');
INSERT INTO public.stock_movements (id, sku_id, product_unit_id, warehouse_id, movement_type, quantity, reference_type, reference_id, created_at) VALUES ('61c7a7bd-4816-4882-8a31-7e8100d3ef1c', '7ab7757e-ef7d-443d-b6e4-5ec00cc09696', NULL, 'bedcc8f7-6b87-4740-bebf-416dd5f25361', 'in', 3, 'purchase', 'a9a2b899-cdab-4084-ad9c-9f2e5d9a2fd6', '2026-02-26T17:25:58.463446+00:00');
INSERT INTO public.stock_movements (id, sku_id, product_unit_id, warehouse_id, movement_type, quantity, reference_type, reference_id, created_at) VALUES ('e7e24757-ee89-4824-8431-54daee1262d8', '5d8e16d7-74e4-4d46-a186-deb7db108507', NULL, 'bedcc8f7-6b87-4740-bebf-416dd5f25361', 'in', 1, 'purchase', 'a9a2b899-cdab-4084-ad9c-9f2e5d9a2fd6', '2026-02-26T17:25:58.463446+00:00');
INSERT INTO public.stock_movements (id, sku_id, product_unit_id, warehouse_id, movement_type, quantity, reference_type, reference_id, created_at) VALUES ('a668e278-93e2-4b98-bfc7-ab1026c9ed71', 'aa875050-e917-43d9-a8ee-68b3d6d84a5f', NULL, 'bedcc8f7-6b87-4740-bebf-416dd5f25361', 'in', 1, 'purchase', 'a9a2b899-cdab-4084-ad9c-9f2e5d9a2fd6', '2026-02-26T17:25:58.463446+00:00');
INSERT INTO public.stock_movements (id, sku_id, product_unit_id, warehouse_id, movement_type, quantity, reference_type, reference_id, created_at) VALUES ('97fe3c78-95f5-4ed5-9e17-c5b368f4fcc7', '76914c02-0a75-4880-879c-384b82e364b5', NULL, 'f33dcf9e-12be-40b5-8c5a-845251248fba', 'in', 148, 'purchase', 'de541b56-7d48-4849-b684-1fbcd9ce1653', '2026-02-26T17:28:58.489912+00:00');
INSERT INTO public.stock_movements (id, sku_id, product_unit_id, warehouse_id, movement_type, quantity, reference_type, reference_id, created_at) VALUES ('8a357342-ad79-4258-a964-fd55a0bfa25c', 'c19ca39b-10bd-4c2b-a072-11ede3b47c9e', NULL, 'f33dcf9e-12be-40b5-8c5a-845251248fba', 'in', 4, 'purchase', '3d562568-5fe0-4ffc-b944-9b31820e160a', '2026-02-26T17:30:41.159157+00:00');
INSERT INTO public.stock_movements (id, sku_id, product_unit_id, warehouse_id, movement_type, quantity, reference_type, reference_id, created_at) VALUES ('b59c1118-52cb-4203-8aec-876c09814635', '1cd5a71b-a48e-4ddb-887c-2ad4c557b666', NULL, 'f33dcf9e-12be-40b5-8c5a-845251248fba', 'in', 155, 'purchase', 'db2e9651-9632-4240-b3e3-cdf55554720a', '2026-02-26T17:33:20.178775+00:00');
INSERT INTO public.stock_movements (id, sku_id, product_unit_id, warehouse_id, movement_type, quantity, reference_type, reference_id, created_at) VALUES ('934ea679-4550-4f0d-bd70-2adc5a4a8160', '690e892f-3f9f-4ca3-b3fa-5a9f7423d978', NULL, 'f33dcf9e-12be-40b5-8c5a-845251248fba', 'in', 5, 'purchase', 'ae529527-fce1-4cd6-8566-0b23734c742e', '2026-02-26T17:43:15.943963+00:00');
INSERT INTO public.stock_movements (id, sku_id, product_unit_id, warehouse_id, movement_type, quantity, reference_type, reference_id, created_at) VALUES ('5f15a8b2-58d5-46f1-ad44-4c5b08d99f0b', '80a2fe30-215e-47cd-b190-c006ee70cf6b', NULL, 'f33dcf9e-12be-40b5-8c5a-845251248fba', 'in', 1, 'purchase', 'ae529527-fce1-4cd6-8566-0b23734c742e', '2026-02-26T17:43:15.943963+00:00');
INSERT INTO public.stock_movements (id, sku_id, product_unit_id, warehouse_id, movement_type, quantity, reference_type, reference_id, created_at) VALUES ('b602e9f7-ddbd-4940-8c2a-7856b2c36c39', '69987cce-959f-4448-9fa9-ef2c22faca2f', NULL, 'f33dcf9e-12be-40b5-8c5a-845251248fba', 'in', 8, 'purchase', 'ae529527-fce1-4cd6-8566-0b23734c742e', '2026-02-26T17:43:15.943963+00:00');
INSERT INTO public.stock_movements (id, sku_id, product_unit_id, warehouse_id, movement_type, quantity, reference_type, reference_id, created_at) VALUES ('e4f953c0-c353-4387-880d-3bb38864d8e9', 'f23116bc-97fa-4fa2-9b6c-1a44de74d737', NULL, 'f33dcf9e-12be-40b5-8c5a-845251248fba', 'in', 1, 'purchase', 'ae529527-fce1-4cd6-8566-0b23734c742e', '2026-02-26T17:43:15.943963+00:00');
INSERT INTO public.stock_movements (id, sku_id, product_unit_id, warehouse_id, movement_type, quantity, reference_type, reference_id, created_at) VALUES ('2976ed8a-e8c5-48e4-8193-8742d5f2d37d', 'bfc9f8d5-92ec-45be-8067-c20fa820d7fa', NULL, 'f33dcf9e-12be-40b5-8c5a-845251248fba', 'in', 2, 'purchase', 'ae529527-fce1-4cd6-8566-0b23734c742e', '2026-02-26T17:43:15.943963+00:00');
INSERT INTO public.stock_movements (id, sku_id, product_unit_id, warehouse_id, movement_type, quantity, reference_type, reference_id, created_at) VALUES ('33486dba-8728-4973-b7f9-74cb14c69794', 'eb9fd195-3a43-4033-9e4b-6a794dcc6e5e', NULL, 'f33dcf9e-12be-40b5-8c5a-845251248fba', 'in', 1, 'purchase', 'ae529527-fce1-4cd6-8566-0b23734c742e', '2026-02-26T17:43:15.943963+00:00');
INSERT INTO public.stock_movements (id, sku_id, product_unit_id, warehouse_id, movement_type, quantity, reference_type, reference_id, created_at) VALUES ('3f6381e8-bc27-4a3f-b5ec-90e5d42e345c', '27f2a920-da58-447a-9999-f0dfca36cfa0', NULL, 'f33dcf9e-12be-40b5-8c5a-845251248fba', 'in', 148, 'purchase', 'cff2d0d9-04d4-47cb-b20c-f447aa467115', '2026-02-26T17:44:32.685337+00:00');
INSERT INTO public.stock_movements (id, sku_id, product_unit_id, warehouse_id, movement_type, quantity, reference_type, reference_id, created_at) VALUES ('33bee898-12da-4760-a5c6-e0d83f80aa41', '7ab7757e-ef7d-443d-b6e4-5ec00cc09696', NULL, 'f33dcf9e-12be-40b5-8c5a-845251248fba', 'in', 15, 'purchase', '58b63c16-f765-490f-b335-b0893ecb22d9', '2026-02-26T17:46:08.097764+00:00');
INSERT INTO public.stock_movements (id, sku_id, product_unit_id, warehouse_id, movement_type, quantity, reference_type, reference_id, created_at) VALUES ('8d345902-8fb4-4c4f-befd-cde315c21ade', 'e7db44e3-1e2d-457e-b240-943a2082ba03', NULL, 'f33dcf9e-12be-40b5-8c5a-845251248fba', 'in', 7, 'purchase', '58b63c16-f765-490f-b335-b0893ecb22d9', '2026-02-26T17:46:08.097764+00:00');
INSERT INTO public.stock_movements (id, sku_id, product_unit_id, warehouse_id, movement_type, quantity, reference_type, reference_id, created_at) VALUES ('3f2f6f21-4285-439e-b2ce-ff7c5282b6a0', '8331d416-99df-4c31-a222-06231a28e3de', NULL, 'f33dcf9e-12be-40b5-8c5a-845251248fba', 'in', 5, 'purchase', '9f18ef37-6f5a-41ea-9d59-846a2748f175', '2026-02-26T17:54:33.339985+00:00');
INSERT INTO public.stock_movements (id, sku_id, product_unit_id, warehouse_id, movement_type, quantity, reference_type, reference_id, created_at) VALUES ('4521c13c-b7ae-4b36-9ec6-de3b5e77d911', '8400d576-0957-4a3e-a0c5-877bd16705b9', NULL, 'f33dcf9e-12be-40b5-8c5a-845251248fba', 'in', 26, 'purchase', '9f18ef37-6f5a-41ea-9d59-846a2748f175', '2026-02-26T17:54:33.339985+00:00');
INSERT INTO public.stock_movements (id, sku_id, product_unit_id, warehouse_id, movement_type, quantity, reference_type, reference_id, created_at) VALUES ('e7be282b-7ccc-4e7a-919b-91ff3020409a', '05e222c9-3531-4005-acee-18973b1b09c7', NULL, 'f33dcf9e-12be-40b5-8c5a-845251248fba', 'in', 22, 'purchase', '9f18ef37-6f5a-41ea-9d59-846a2748f175', '2026-02-26T17:54:33.339985+00:00');
INSERT INTO public.stock_movements (id, sku_id, product_unit_id, warehouse_id, movement_type, quantity, reference_type, reference_id, created_at) VALUES ('c5645245-7547-4858-9caa-b9a180c4f0e2', '05e222c9-3531-4005-acee-18973b1b09c7', NULL, 'f33dcf9e-12be-40b5-8c5a-845251248fba', 'in', 38, 'purchase', '9f18ef37-6f5a-41ea-9d59-846a2748f175', '2026-02-26T17:54:33.339985+00:00');
INSERT INTO public.stock_movements (id, sku_id, product_unit_id, warehouse_id, movement_type, quantity, reference_type, reference_id, created_at) VALUES ('3d7d39c8-c853-4baa-89f8-1d9bb5b7785f', 'fcce65d0-d0d6-40d0-92e8-159fa6813c6d', NULL, 'f33dcf9e-12be-40b5-8c5a-845251248fba', 'in', 80, 'purchase', '9f18ef37-6f5a-41ea-9d59-846a2748f175', '2026-02-26T17:54:33.339985+00:00');
INSERT INTO public.stock_movements (id, sku_id, product_unit_id, warehouse_id, movement_type, quantity, reference_type, reference_id, created_at) VALUES ('b3996aee-720e-4e1c-8e03-fe3073d13c17', 'b912ee0e-c58e-465c-8415-acab3db374c6', NULL, 'f33dcf9e-12be-40b5-8c5a-845251248fba', 'in', 10, 'purchase', '9f18ef37-6f5a-41ea-9d59-846a2748f175', '2026-02-26T17:54:33.339985+00:00');
INSERT INTO public.stock_movements (id, sku_id, product_unit_id, warehouse_id, movement_type, quantity, reference_type, reference_id, created_at) VALUES ('62bbf19f-43a5-4a20-804e-6ebb0e326eb5', 'a6d38dbd-e1b5-42a3-99a5-d3dfa1bfa229', NULL, 'f33dcf9e-12be-40b5-8c5a-845251248fba', 'in', 44, 'purchase', '9f18ef37-6f5a-41ea-9d59-846a2748f175', '2026-02-26T17:54:33.339985+00:00');
INSERT INTO public.stock_movements (id, sku_id, product_unit_id, warehouse_id, movement_type, quantity, reference_type, reference_id, created_at) VALUES ('0bf97ffb-2513-4ba0-9731-069b84bc6104', '6f513e02-f690-4ba0-b9b5-457bd4e33568', NULL, 'f33dcf9e-12be-40b5-8c5a-845251248fba', 'in', 17, 'purchase', '9f18ef37-6f5a-41ea-9d59-846a2748f175', '2026-02-26T17:54:33.339985+00:00');
INSERT INTO public.stock_movements (id, sku_id, product_unit_id, warehouse_id, movement_type, quantity, reference_type, reference_id, created_at) VALUES ('88d8b335-042f-416a-ac81-f7f0e2ff9442', 'd9cacdb4-ecec-4169-8aec-d160a5513016', NULL, 'f33dcf9e-12be-40b5-8c5a-845251248fba', 'in', 6, 'purchase', '9f18ef37-6f5a-41ea-9d59-846a2748f175', '2026-02-26T17:54:33.339985+00:00');
INSERT INTO public.stock_movements (id, sku_id, product_unit_id, warehouse_id, movement_type, quantity, reference_type, reference_id, created_at) VALUES ('b06a6862-72c4-49a8-b520-696f74962083', 'ab1ba9fa-6797-4e2c-a3b2-9ba38d18f8a0', NULL, 'f33dcf9e-12be-40b5-8c5a-845251248fba', 'in', 6, 'purchase', '9f18ef37-6f5a-41ea-9d59-846a2748f175', '2026-02-26T17:54:33.339985+00:00');
INSERT INTO public.stock_movements (id, sku_id, product_unit_id, warehouse_id, movement_type, quantity, reference_type, reference_id, created_at) VALUES ('8ae3f238-807d-4f68-9686-d2cf45efd0c3', '38150ded-b34d-49b3-a132-133864679b11', NULL, 'f33dcf9e-12be-40b5-8c5a-845251248fba', 'in', 29, 'purchase', '1fbeb8aa-47ef-4134-b6cd-be2eb9018541', '2026-02-26T18:02:04.143165+00:00');
INSERT INTO public.stock_movements (id, sku_id, product_unit_id, warehouse_id, movement_type, quantity, reference_type, reference_id, created_at) VALUES ('264fdde0-19da-46c1-ac4c-5b58ce6eb9b7', '322ec2b6-0a7b-4981-b1c1-a4077ccb4804', NULL, 'f33dcf9e-12be-40b5-8c5a-845251248fba', 'in', 7, 'purchase', '1fbeb8aa-47ef-4134-b6cd-be2eb9018541', '2026-02-26T18:02:04.143165+00:00');
INSERT INTO public.stock_movements (id, sku_id, product_unit_id, warehouse_id, movement_type, quantity, reference_type, reference_id, created_at) VALUES ('cd1544b8-f71a-412a-9e24-8c312da06fe6', '5085bda9-5683-4faf-9511-0e21e3123cc0', NULL, 'f33dcf9e-12be-40b5-8c5a-845251248fba', 'in', 5, 'purchase', '1fbeb8aa-47ef-4134-b6cd-be2eb9018541', '2026-02-26T18:02:04.143165+00:00');
INSERT INTO public.stock_movements (id, sku_id, product_unit_id, warehouse_id, movement_type, quantity, reference_type, reference_id, created_at) VALUES ('3824e12e-63b4-43a6-9d80-9b0670bd540e', '1ae8dced-b81d-48b3-9ba9-f26826c34d80', NULL, 'f33dcf9e-12be-40b5-8c5a-845251248fba', 'in', 5, 'purchase', '1fbeb8aa-47ef-4134-b6cd-be2eb9018541', '2026-02-26T18:02:04.143165+00:00');
INSERT INTO public.stock_movements (id, sku_id, product_unit_id, warehouse_id, movement_type, quantity, reference_type, reference_id, created_at) VALUES ('15a30e83-4f31-4a85-a62b-389369e38b40', '03773853-33a4-479f-9faa-a988b450e661', NULL, 'f33dcf9e-12be-40b5-8c5a-845251248fba', 'in', 10, 'purchase', '1fbeb8aa-47ef-4134-b6cd-be2eb9018541', '2026-02-26T18:02:04.143165+00:00');
INSERT INTO public.stock_movements (id, sku_id, product_unit_id, warehouse_id, movement_type, quantity, reference_type, reference_id, created_at) VALUES ('b9b8edf8-808a-4efb-b88a-cf1d51fa2d50', 'e160638e-3cde-415f-9bb6-d9374e31b629', NULL, 'f33dcf9e-12be-40b5-8c5a-845251248fba', 'in', 1, 'purchase', '41a1b53e-19ed-4cdc-b278-15eb5f310c9c', '2026-02-26T18:18:31.949051+00:00');
INSERT INTO public.stock_movements (id, sku_id, product_unit_id, warehouse_id, movement_type, quantity, reference_type, reference_id, created_at) VALUES ('64450152-128b-4dd2-8b1b-92ae56c3dcc4', 'f026ec4b-3df5-4f1a-a2c5-8c0c7579e715', NULL, 'f33dcf9e-12be-40b5-8c5a-845251248fba', 'in', 8, 'purchase', '41a1b53e-19ed-4cdc-b278-15eb5f310c9c', '2026-02-26T18:18:31.949051+00:00');
INSERT INTO public.stock_movements (id, sku_id, product_unit_id, warehouse_id, movement_type, quantity, reference_type, reference_id, created_at) VALUES ('223137ac-0979-4aad-aedf-d394c7284446', 'a1916c02-8ec2-4df5-83fb-126b663c5433', NULL, 'f33dcf9e-12be-40b5-8c5a-845251248fba', 'in', 16, 'purchase', '41a1b53e-19ed-4cdc-b278-15eb5f310c9c', '2026-02-26T18:18:31.949051+00:00');
INSERT INTO public.stock_movements (id, sku_id, product_unit_id, warehouse_id, movement_type, quantity, reference_type, reference_id, created_at) VALUES ('b94ee77f-8e55-43d1-bdfc-57e57fcedf62', '4d12c3e8-7360-471f-bfe2-e03ed250acad', NULL, 'f33dcf9e-12be-40b5-8c5a-845251248fba', 'in', 13, 'purchase', '41a1b53e-19ed-4cdc-b278-15eb5f310c9c', '2026-02-26T18:18:31.949051+00:00');
INSERT INTO public.stock_movements (id, sku_id, product_unit_id, warehouse_id, movement_type, quantity, reference_type, reference_id, created_at) VALUES ('f7d971ef-6642-43d9-bad9-3daa6b64433f', '9e89a2e7-eb39-43fd-8123-99d85cf909a7', NULL, 'f33dcf9e-12be-40b5-8c5a-845251248fba', 'in', 1, 'purchase', '41a1b53e-19ed-4cdc-b278-15eb5f310c9c', '2026-02-26T18:18:31.949051+00:00');
INSERT INTO public.stock_movements (id, sku_id, product_unit_id, warehouse_id, movement_type, quantity, reference_type, reference_id, created_at) VALUES ('cc8778b4-9e9b-40ca-b947-a69141288078', '51e7dced-faae-403e-b284-6610d9631df8', NULL, 'f33dcf9e-12be-40b5-8c5a-845251248fba', 'in', 6, 'purchase', '41a1b53e-19ed-4cdc-b278-15eb5f310c9c', '2026-02-26T18:18:31.949051+00:00');
INSERT INTO public.stock_movements (id, sku_id, product_unit_id, warehouse_id, movement_type, quantity, reference_type, reference_id, created_at) VALUES ('e5fa8f09-6165-453b-ab8e-f63b16fa4a62', '6ac84b20-eda9-48f2-94ee-c597adecc7cd', NULL, 'f33dcf9e-12be-40b5-8c5a-845251248fba', 'in', 1, 'purchase', '41a1b53e-19ed-4cdc-b278-15eb5f310c9c', '2026-02-26T18:18:31.949051+00:00');
INSERT INTO public.stock_movements (id, sku_id, product_unit_id, warehouse_id, movement_type, quantity, reference_type, reference_id, created_at) VALUES ('b02130e6-c18d-469e-9939-d03ab2419ac3', '2b0f4b89-78fe-4ddd-81f5-d9a426d41ba6', NULL, 'f33dcf9e-12be-40b5-8c5a-845251248fba', 'in', 2, 'purchase', '41a1b53e-19ed-4cdc-b278-15eb5f310c9c', '2026-02-26T18:18:31.949051+00:00');
INSERT INTO public.stock_movements (id, sku_id, product_unit_id, warehouse_id, movement_type, quantity, reference_type, reference_id, created_at) VALUES ('3fbd125c-8b90-4bb4-be82-5a3829e11124', '9366c795-0606-40ce-89ec-6d31198ec470', NULL, 'f33dcf9e-12be-40b5-8c5a-845251248fba', 'in', 11, 'purchase', '41a1b53e-19ed-4cdc-b278-15eb5f310c9c', '2026-02-26T18:18:31.949051+00:00');
INSERT INTO public.stock_movements (id, sku_id, product_unit_id, warehouse_id, movement_type, quantity, reference_type, reference_id, created_at) VALUES ('4973b197-3399-4be9-b854-d8b85737eab3', '1806d623-77ef-4d12-9c16-0fc80b92dc9b', NULL, 'f33dcf9e-12be-40b5-8c5a-845251248fba', 'in', 1, 'purchase', '41a1b53e-19ed-4cdc-b278-15eb5f310c9c', '2026-02-26T18:18:31.949051+00:00');
INSERT INTO public.stock_movements (id, sku_id, product_unit_id, warehouse_id, movement_type, quantity, reference_type, reference_id, created_at) VALUES ('fe872368-03a5-403f-ba90-c0595684d289', '76743f78-b319-405f-af23-a8b2694b048c', NULL, 'f33dcf9e-12be-40b5-8c5a-845251248fba', 'in', 1, 'purchase', '41a1b53e-19ed-4cdc-b278-15eb5f310c9c', '2026-02-26T18:18:31.949051+00:00');
INSERT INTO public.stock_movements (id, sku_id, product_unit_id, warehouse_id, movement_type, quantity, reference_type, reference_id, created_at) VALUES ('1ffaf239-81d5-479e-a2f4-7a84d0153807', 'd6d0bd98-c549-4507-bcb9-82f6dc29c1e4', NULL, 'f33dcf9e-12be-40b5-8c5a-845251248fba', 'in', 2, 'purchase', '41a1b53e-19ed-4cdc-b278-15eb5f310c9c', '2026-02-26T18:18:31.949051+00:00');
INSERT INTO public.stock_movements (id, sku_id, product_unit_id, warehouse_id, movement_type, quantity, reference_type, reference_id, created_at) VALUES ('51b9a797-c090-481e-b68f-b725ae70c830', '322ec2b6-0a7b-4981-b1c1-a4077ccb4804', NULL, 'bedcc8f7-6b87-4740-bebf-416dd5f25361', 'in', 1, 'purchase', 'e64a2ed0-f242-4cab-9386-179c7a3aee59', '2026-02-26T18:32:42.009499+00:00');
INSERT INTO public.stock_movements (id, sku_id, product_unit_id, warehouse_id, movement_type, quantity, reference_type, reference_id, created_at) VALUES ('7e1370b1-c10a-4c56-93c2-b67cc9539648', '5085bda9-5683-4faf-9511-0e21e3123cc0', NULL, 'bedcc8f7-6b87-4740-bebf-416dd5f25361', 'in', 1, 'purchase', 'e64a2ed0-f242-4cab-9386-179c7a3aee59', '2026-02-26T18:32:42.009499+00:00');
INSERT INTO public.stock_movements (id, sku_id, product_unit_id, warehouse_id, movement_type, quantity, reference_type, reference_id, created_at) VALUES ('82965bc1-07a5-4936-832f-ced736ce0e9f', '1ae8dced-b81d-48b3-9ba9-f26826c34d80', NULL, 'bedcc8f7-6b87-4740-bebf-416dd5f25361', 'in', 1, 'purchase', 'e64a2ed0-f242-4cab-9386-179c7a3aee59', '2026-02-26T18:32:42.009499+00:00');
INSERT INTO public.stock_movements (id, sku_id, product_unit_id, warehouse_id, movement_type, quantity, reference_type, reference_id, created_at) VALUES ('c45014d4-ab0d-4ba5-bfa7-ea775c88fca0', '03773853-33a4-479f-9faa-a988b450e661', NULL, 'bedcc8f7-6b87-4740-bebf-416dd5f25361', 'in', 1, 'purchase', 'e64a2ed0-f242-4cab-9386-179c7a3aee59', '2026-02-26T18:32:42.009499+00:00');
INSERT INTO public.stock_movements (id, sku_id, product_unit_id, warehouse_id, movement_type, quantity, reference_type, reference_id, created_at) VALUES ('27d2daa6-2f9c-48b4-9f81-c0b7cd2bfe13', '9366c795-0606-40ce-89ec-6d31198ec470', NULL, 'bedcc8f7-6b87-4740-bebf-416dd5f25361', 'in', 2, 'purchase', 'e64a2ed0-f242-4cab-9386-179c7a3aee59', '2026-02-26T18:32:42.009499+00:00');
INSERT INTO public.stock_movements (id, sku_id, product_unit_id, warehouse_id, movement_type, quantity, reference_type, reference_id, created_at) VALUES ('31863b02-072e-45a3-bc48-eb82be932f70', 'a1916c02-8ec2-4df5-83fb-126b663c5433', NULL, 'bedcc8f7-6b87-4740-bebf-416dd5f25361', 'in', 1, 'purchase', 'e64a2ed0-f242-4cab-9386-179c7a3aee59', '2026-02-26T18:32:42.009499+00:00');
INSERT INTO public.stock_movements (id, sku_id, product_unit_id, warehouse_id, movement_type, quantity, reference_type, reference_id, created_at) VALUES ('912fb9e6-481a-4a9d-a791-768e7f8e5738', '1cd5a71b-a48e-4ddb-887c-2ad4c557b666', NULL, 'bedcc8f7-6b87-4740-bebf-416dd5f25361', 'in', 5, 'purchase', 'cc2caa63-aa41-4911-a5ef-d739b04efb67', '2026-02-26T18:35:03.936765+00:00');
INSERT INTO public.stock_movements (id, sku_id, product_unit_id, warehouse_id, movement_type, quantity, reference_type, reference_id, created_at) VALUES ('6abc1738-3c92-4213-84ae-cee88cb4fd6c', '27f2a920-da58-447a-9999-f0dfca36cfa0', NULL, 'bedcc8f7-6b87-4740-bebf-416dd5f25361', 'in', 10, 'purchase', 'cc2caa63-aa41-4911-a5ef-d739b04efb67', '2026-02-26T18:35:03.936765+00:00');
INSERT INTO public.stock_movements (id, sku_id, product_unit_id, warehouse_id, movement_type, quantity, reference_type, reference_id, created_at) VALUES ('f876f423-aa73-441b-b3a6-203d9d36fe64', '1cd5a71b-a48e-4ddb-887c-2ad4c557b666', NULL, 'bedcc8f7-6b87-4740-bebf-416dd5f25361', 'in', 5, 'purchase', 'b68961ae-ebce-4675-91e9-fa89e44cc734', '2026-02-26T18:36:06.637375+00:00');
INSERT INTO public.stock_movements (id, sku_id, product_unit_id, warehouse_id, movement_type, quantity, reference_type, reference_id, created_at) VALUES ('2c1015b4-9e4f-4031-8631-834ebe710cc1', '27f2a920-da58-447a-9999-f0dfca36cfa0', NULL, 'bedcc8f7-6b87-4740-bebf-416dd5f25361', 'in', 15, 'purchase', 'b68961ae-ebce-4675-91e9-fa89e44cc734', '2026-02-26T18:36:06.637375+00:00');
INSERT INTO public.stock_movements (id, sku_id, product_unit_id, warehouse_id, movement_type, quantity, reference_type, reference_id, created_at) VALUES ('8d690418-6d05-4e39-a096-13eba8a7facb', '8e7129b7-d83b-4683-979c-44528565e289', NULL, 'bedcc8f7-6b87-4740-bebf-416dd5f25361', 'in', 1, 'purchase', '33d7f992-13aa-415c-959e-e142f75fb76b', '2026-02-26T18:37:16.365587+00:00');
INSERT INTO public.stock_movements (id, sku_id, product_unit_id, warehouse_id, movement_type, quantity, reference_type, reference_id, created_at) VALUES ('7143dc78-363a-4ed1-8d3f-e912f99f09f2', '624b257b-b152-4efb-8ccc-2b8a244aaf89', NULL, 'bedcc8f7-6b87-4740-bebf-416dd5f25361', 'in', 2, 'purchase', '02beac60-85d6-481e-bf2a-c6e4312f0004', '2026-02-26T18:40:49.982958+00:00');
INSERT INTO public.stock_movements (id, sku_id, product_unit_id, warehouse_id, movement_type, quantity, reference_type, reference_id, created_at) VALUES ('e2454c00-30e4-4f07-902b-71941f334346', 'ad93e5bd-4490-4909-9356-98821abd9688', NULL, 'bedcc8f7-6b87-4740-bebf-416dd5f25361', 'in', 2, 'purchase', '02beac60-85d6-481e-bf2a-c6e4312f0004', '2026-02-26T18:40:49.982958+00:00');
INSERT INTO public.stock_movements (id, sku_id, product_unit_id, warehouse_id, movement_type, quantity, reference_type, reference_id, created_at) VALUES ('3f0c540c-60dc-48f2-8f7b-1c4264b6e1a9', 'da2bc8a5-cb91-41f6-ac93-2857f723bdca', NULL, 'bedcc8f7-6b87-4740-bebf-416dd5f25361', 'in', 2, 'purchase', '02beac60-85d6-481e-bf2a-c6e4312f0004', '2026-02-26T18:40:49.982958+00:00');
INSERT INTO public.stock_movements (id, sku_id, product_unit_id, warehouse_id, movement_type, quantity, reference_type, reference_id, created_at) VALUES ('f1b7b9d2-18b9-459e-8e6f-e2aa9fed6833', '756a0b04-22c6-433a-b014-882011b0de82', NULL, 'bedcc8f7-6b87-4740-bebf-416dd5f25361', 'in', 2, 'purchase', '02beac60-85d6-481e-bf2a-c6e4312f0004', '2026-02-26T18:40:49.982958+00:00');
INSERT INTO public.stock_movements (id, sku_id, product_unit_id, warehouse_id, movement_type, quantity, reference_type, reference_id, created_at) VALUES ('43ce7689-6c5f-4b75-a455-55c2d0ef9381', '53c6250d-1585-497e-874b-b67c32addfbe', NULL, 'bedcc8f7-6b87-4740-bebf-416dd5f25361', 'in', 1, 'purchase', '02beac60-85d6-481e-bf2a-c6e4312f0004', '2026-02-26T18:40:49.982958+00:00');
INSERT INTO public.stock_movements (id, sku_id, product_unit_id, warehouse_id, movement_type, quantity, reference_type, reference_id, created_at) VALUES ('cfd000e8-3f14-46c0-9d66-4588b1c0dfa9', '0217a819-29ff-43de-a98d-af787b79adbd', NULL, 'bedcc8f7-6b87-4740-bebf-416dd5f25361', 'in', 1, 'purchase', '02beac60-85d6-481e-bf2a-c6e4312f0004', '2026-02-26T18:40:49.982958+00:00');
INSERT INTO public.stock_movements (id, sku_id, product_unit_id, warehouse_id, movement_type, quantity, reference_type, reference_id, created_at) VALUES ('b9bd62a3-1f65-4c91-ad16-2604c4552d1a', '0217a819-29ff-43de-a98d-af787b79adbd', NULL, 'bedcc8f7-6b87-4740-bebf-416dd5f25361', 'in', 1, 'purchase', '02beac60-85d6-481e-bf2a-c6e4312f0004', '2026-02-26T18:40:49.982958+00:00');
INSERT INTO public.stock_movements (id, sku_id, product_unit_id, warehouse_id, movement_type, quantity, reference_type, reference_id, created_at) VALUES ('02f20bb9-e093-4ab4-a36b-7543eb726bf8', 'bb94d851-4bd5-4dd5-956f-2aa6e47bca78', NULL, 'bdc77d3b-6f92-403b-9d0a-4bd7071a3a84', 'in', 11, 'purchase', '237e57dd-0732-4e78-8080-76b987b77699', '2026-02-26T18:44:42.370292+00:00');
INSERT INTO public.stock_movements (id, sku_id, product_unit_id, warehouse_id, movement_type, quantity, reference_type, reference_id, created_at) VALUES ('860385b6-3e95-432a-b9d7-260401497e2d', '5634d296-c35d-40f8-8593-0b579491cc18', NULL, 'bdc77d3b-6f92-403b-9d0a-4bd7071a3a84', 'in', 11, 'purchase', '237e57dd-0732-4e78-8080-76b987b77699', '2026-02-26T18:44:42.370292+00:00');
INSERT INTO public.stock_movements (id, sku_id, product_unit_id, warehouse_id, movement_type, quantity, reference_type, reference_id, created_at) VALUES ('1eb5df97-c577-4c32-9a2e-4b39b3f72a9d', 'f4ccf108-8ad3-4266-b6d8-a1d4ad847f69', NULL, 'bdc77d3b-6f92-403b-9d0a-4bd7071a3a84', 'in', 11, 'purchase', 'f37f707e-4713-4741-90dc-9b6550cbd045', '2026-02-26T18:46:37.127271+00:00');
INSERT INTO public.stock_movements (id, sku_id, product_unit_id, warehouse_id, movement_type, quantity, reference_type, reference_id, created_at) VALUES ('95f6a14c-2180-447a-9ce2-b6e70e69e32e', '4174aeb3-4692-4095-b2bd-96b770d14b09', NULL, 'bdc77d3b-6f92-403b-9d0a-4bd7071a3a84', 'in', 11, 'purchase', 'f37f707e-4713-4741-90dc-9b6550cbd045', '2026-02-26T18:46:37.127271+00:00');
INSERT INTO public.stock_movements (id, sku_id, product_unit_id, warehouse_id, movement_type, quantity, reference_type, reference_id, created_at) VALUES ('5f4b856f-9e83-4ebe-84b3-5f947b57e373', '53c6250d-1585-497e-874b-b67c32addfbe', NULL, 'bdc77d3b-6f92-403b-9d0a-4bd7071a3a84', 'in', 9, 'purchase', '08219246-e644-4cc6-875e-2cf63df3ee83', '2026-02-26T18:50:27.508807+00:00');
INSERT INTO public.stock_movements (id, sku_id, product_unit_id, warehouse_id, movement_type, quantity, reference_type, reference_id, created_at) VALUES ('b9caf747-2bf4-44fa-a464-0074bab94691', 'e4bd4106-01bb-4e8e-ba02-223ab1fcdfd1', NULL, 'bdc77d3b-6f92-403b-9d0a-4bd7071a3a84', 'in', 9, 'purchase', '08219246-e644-4cc6-875e-2cf63df3ee83', '2026-02-26T18:50:27.508807+00:00');
INSERT INTO public.stock_movements (id, sku_id, product_unit_id, warehouse_id, movement_type, quantity, reference_type, reference_id, created_at) VALUES ('aae4b37e-dfa3-4402-b957-eba7fa2eef11', '0217a819-29ff-43de-a98d-af787b79adbd', NULL, 'bdc77d3b-6f92-403b-9d0a-4bd7071a3a84', 'in', 9, 'purchase', '08219246-e644-4cc6-875e-2cf63df3ee83', '2026-02-26T18:50:27.508807+00:00');
INSERT INTO public.stock_movements (id, sku_id, product_unit_id, warehouse_id, movement_type, quantity, reference_type, reference_id, created_at) VALUES ('548c6c7a-eb8f-4cc6-8ef3-02c46ee16972', '7ad5d79e-cee1-4f1f-a1fe-7f8f3989cf29', NULL, 'bdc77d3b-6f92-403b-9d0a-4bd7071a3a84', 'in', 18, 'purchase', '08219246-e644-4cc6-875e-2cf63df3ee83', '2026-02-26T18:50:27.508807+00:00');
INSERT INTO public.stock_movements (id, sku_id, product_unit_id, warehouse_id, movement_type, quantity, reference_type, reference_id, created_at) VALUES ('f49726e8-3ba9-4802-9fa8-05281332c44d', '53c6250d-1585-497e-874b-b67c32addfbe', NULL, 'bdc77d3b-6f92-403b-9d0a-4bd7071a3a84', 'in', 1, 'purchase', '670b100b-7a15-4543-a856-c7655baa5d53', '2026-02-26T18:51:48.404219+00:00');
INSERT INTO public.stock_movements (id, sku_id, product_unit_id, warehouse_id, movement_type, quantity, reference_type, reference_id, created_at) VALUES ('47b65820-8d43-4772-b379-071883c16143', 'e4bd4106-01bb-4e8e-ba02-223ab1fcdfd1', NULL, 'bdc77d3b-6f92-403b-9d0a-4bd7071a3a84', 'in', 1, 'purchase', '670b100b-7a15-4543-a856-c7655baa5d53', '2026-02-26T18:51:48.404219+00:00');
INSERT INTO public.stock_movements (id, sku_id, product_unit_id, warehouse_id, movement_type, quantity, reference_type, reference_id, created_at) VALUES ('9e1958c8-7e63-4365-8246-2904252ab1b1', '0217a819-29ff-43de-a98d-af787b79adbd', NULL, 'bdc77d3b-6f92-403b-9d0a-4bd7071a3a84', 'in', 1, 'purchase', '670b100b-7a15-4543-a856-c7655baa5d53', '2026-02-26T18:51:48.404219+00:00');
INSERT INTO public.stock_movements (id, sku_id, product_unit_id, warehouse_id, movement_type, quantity, reference_type, reference_id, created_at) VALUES ('524cabcd-27e1-4b7b-8ee9-ce1fc23ac1a6', '7ad5d79e-cee1-4f1f-a1fe-7f8f3989cf29', NULL, 'bdc77d3b-6f92-403b-9d0a-4bd7071a3a84', 'in', 2, 'purchase', '670b100b-7a15-4543-a856-c7655baa5d53', '2026-02-26T18:51:48.404219+00:00');
INSERT INTO public.stock_movements (id, sku_id, product_unit_id, warehouse_id, movement_type, quantity, reference_type, reference_id, created_at) VALUES ('2a26c15e-fdb0-49d0-ad12-2af8bd76c0a7', '53c6250d-1585-497e-874b-b67c32addfbe', NULL, 'bdc77d3b-6f92-403b-9d0a-4bd7071a3a84', 'in', 1, 'purchase', '9533f733-9bef-49a5-b1d7-6bbcb763b071', '2026-02-26T18:53:14.340443+00:00');
INSERT INTO public.stock_movements (id, sku_id, product_unit_id, warehouse_id, movement_type, quantity, reference_type, reference_id, created_at) VALUES ('a71696a2-d79f-489d-a4a4-759a07f01cb9', 'e4bd4106-01bb-4e8e-ba02-223ab1fcdfd1', NULL, 'bdc77d3b-6f92-403b-9d0a-4bd7071a3a84', 'in', 1, 'purchase', '9533f733-9bef-49a5-b1d7-6bbcb763b071', '2026-02-26T18:53:14.340443+00:00');
INSERT INTO public.stock_movements (id, sku_id, product_unit_id, warehouse_id, movement_type, quantity, reference_type, reference_id, created_at) VALUES ('08c95e9d-15eb-4735-a8d7-faae0b467253', '0217a819-29ff-43de-a98d-af787b79adbd', NULL, 'bdc77d3b-6f92-403b-9d0a-4bd7071a3a84', 'in', 1, 'purchase', '9533f733-9bef-49a5-b1d7-6bbcb763b071', '2026-02-26T18:53:14.340443+00:00');
INSERT INTO public.stock_movements (id, sku_id, product_unit_id, warehouse_id, movement_type, quantity, reference_type, reference_id, created_at) VALUES ('df1f4776-77ac-4819-8e2f-f9a8ab8d5918', '7ad5d79e-cee1-4f1f-a1fe-7f8f3989cf29', NULL, 'bdc77d3b-6f92-403b-9d0a-4bd7071a3a84', 'in', 2, 'purchase', '9533f733-9bef-49a5-b1d7-6bbcb763b071', '2026-02-26T18:53:14.340443+00:00');
INSERT INTO public.stock_movements (id, sku_id, product_unit_id, warehouse_id, movement_type, quantity, reference_type, reference_id, created_at) VALUES ('8b45c812-8ba2-4ab9-b0a1-5c9462739240', 'cc85f1c9-1a90-47e7-b36a-a5aefbbf63a1', NULL, 'f33dcf9e-12be-40b5-8c5a-845251248fba', 'in', 60, 'purchase', 'a377d713-7244-4ba8-9f3d-d2fe537b828d', '2026-03-02T13:39:54.671475+00:00');
INSERT INTO public.stock_movements (id, sku_id, product_unit_id, warehouse_id, movement_type, quantity, reference_type, reference_id, created_at) VALUES ('c75da3f2-833b-4c5f-ad2c-59af408dacd9', '1cd5a71b-a48e-4ddb-887c-2ad4c557b666', NULL, 'f33dcf9e-12be-40b5-8c5a-845251248fba', 'in', 18, 'purchase', 'a377d713-7244-4ba8-9f3d-d2fe537b828d', '2026-03-02T13:39:54.671475+00:00');
INSERT INTO public.stock_movements (id, sku_id, product_unit_id, warehouse_id, movement_type, quantity, reference_type, reference_id, created_at) VALUES ('d65ebde3-a26a-4f0d-a310-e87e081a7cbe', 'cc85f1c9-1a90-47e7-b36a-a5aefbbf63a1', NULL, 'f33dcf9e-12be-40b5-8c5a-845251248fba', 'in', 45, 'purchase', 'ff1052f1-9932-4868-b96e-eb241d0e75d6', '2026-03-02T13:41:14.910513+00:00');
INSERT INTO public.stock_movements (id, sku_id, product_unit_id, warehouse_id, movement_type, quantity, reference_type, reference_id, created_at) VALUES ('a0187be6-e742-437c-8ca4-e2bfc1011f84', '1cd5a71b-a48e-4ddb-887c-2ad4c557b666', NULL, 'f33dcf9e-12be-40b5-8c5a-845251248fba', 'in', 8, 'purchase', 'ff1052f1-9932-4868-b96e-eb241d0e75d6', '2026-03-02T13:41:14.910513+00:00');
INSERT INTO public.stock_movements (id, sku_id, product_unit_id, warehouse_id, movement_type, quantity, reference_type, reference_id, created_at) VALUES ('2f368e65-d0d7-4cb0-8c1e-43cb59a6ac01', 'cc85f1c9-1a90-47e7-b36a-a5aefbbf63a1', NULL, 'f33dcf9e-12be-40b5-8c5a-845251248fba', 'in', 60, 'purchase', '3bdb4939-9c61-43de-9bab-723adbff4085', '2026-03-02T13:42:32.069522+00:00');
INSERT INTO public.stock_movements (id, sku_id, product_unit_id, warehouse_id, movement_type, quantity, reference_type, reference_id, created_at) VALUES ('8359319a-a7e2-4588-8807-987af5eea83f', '1cd5a71b-a48e-4ddb-887c-2ad4c557b666', NULL, 'f33dcf9e-12be-40b5-8c5a-845251248fba', 'in', 18, 'purchase', '3bdb4939-9c61-43de-9bab-723adbff4085', '2026-03-02T13:42:32.069522+00:00');
INSERT INTO public.stock_movements (id, sku_id, product_unit_id, warehouse_id, movement_type, quantity, reference_type, reference_id, created_at) VALUES ('df12c83a-5bbc-47d1-9faf-662c7ab29c48', 'cc85f1c9-1a90-47e7-b36a-a5aefbbf63a1', NULL, 'ad73083e-460a-4563-a5a1-672a4766c749', 'in', 15, 'purchase', '75a76efa-b2b8-41c1-968b-98469288c83a', '2026-03-02T13:43:56.134364+00:00');
INSERT INTO public.stock_movements (id, sku_id, product_unit_id, warehouse_id, movement_type, quantity, reference_type, reference_id, created_at) VALUES ('bd2fb531-aa09-4179-a8a5-a8a018dafb50', '1cd5a71b-a48e-4ddb-887c-2ad4c557b666', NULL, 'ad73083e-460a-4563-a5a1-672a4766c749', 'in', 10, 'purchase', '75a76efa-b2b8-41c1-968b-98469288c83a', '2026-03-02T13:43:56.134364+00:00');
INSERT INTO public.stock_movements (id, sku_id, product_unit_id, warehouse_id, movement_type, quantity, reference_type, reference_id, created_at) VALUES ('080e78c0-74e4-4293-b7da-5072dd266285', '25b1f76b-44aa-4a4f-a81d-9a5a90632084', NULL, '25d7a3e5-ca76-4c6f-991e-742e3549315a', 'out', 1, 'return', 'c1ac8cbe-9a4b-4652-9d17-b924b5ac7872', '2026-03-06T09:19:04.781002+00:00');
INSERT INTO public.stock_movements (id, sku_id, product_unit_id, warehouse_id, movement_type, quantity, reference_type, reference_id, created_at) VALUES ('4f0967d6-ad9e-4e3d-8c8a-5f1a133bbf12', '1cd5a71b-a48e-4ddb-887c-2ad4c557b666', NULL, '4346a651-e623-4fc5-81dd-87823053dc94', 'in', 10, 'purchase', '83c30331-ecdb-4c2e-acf6-f1ee5a991e33', '2026-03-06T10:02:00.38997+00:00');
INSERT INTO public.stock_movements (id, sku_id, product_unit_id, warehouse_id, movement_type, quantity, reference_type, reference_id, created_at) VALUES ('7fda967b-c815-4de3-b2e2-55f96da35dc0', '1cd5a71b-a48e-4ddb-887c-2ad4c557b666', NULL, '4346a651-e623-4fc5-81dd-87823053dc94', 'in', 2, 'purchase', 'ff32e497-4361-4083-a44f-f4f30fe70e4b', '2026-03-06T10:17:15.342609+00:00');
INSERT INTO public.stock_movements (id, sku_id, product_unit_id, warehouse_id, movement_type, quantity, reference_type, reference_id, created_at) VALUES ('499ae34e-1aa7-4053-925b-b475123bca0e', 'cc85f1c9-1a90-47e7-b36a-a5aefbbf63a1', NULL, '4346a651-e623-4fc5-81dd-87823053dc94', 'in', 2, 'purchase', 'ff32e497-4361-4083-a44f-f4f30fe70e4b', '2026-03-06T10:17:15.342609+00:00');
INSERT INTO public.stock_movements (id, sku_id, product_unit_id, warehouse_id, movement_type, quantity, reference_type, reference_id, created_at) VALUES ('7e78e1d4-22ad-40a2-8275-cff21711ea6c', '423888ae-aaf6-406d-bf42-b7af689ac47c', NULL, '4346a651-e623-4fc5-81dd-87823053dc94', 'in', 6, 'purchase', 'ff32e497-4361-4083-a44f-f4f30fe70e4b', '2026-03-06T10:17:15.342609+00:00');
INSERT INTO public.stock_movements (id, sku_id, product_unit_id, warehouse_id, movement_type, quantity, reference_type, reference_id, created_at) VALUES ('234cdc4c-e440-47cb-b829-5c4581b908cd', '8f491fee-d67c-456c-bbaa-054552b289e3', NULL, '4346a651-e623-4fc5-81dd-87823053dc94', 'in', 2, 'purchase', 'ff32e497-4361-4083-a44f-f4f30fe70e4b', '2026-03-06T10:17:15.342609+00:00');
INSERT INTO public.stock_movements (id, sku_id, product_unit_id, warehouse_id, movement_type, quantity, reference_type, reference_id, created_at) VALUES ('47bab306-67ad-40f5-81da-7fbdbdfa1a6f', 'c090f105-3e19-4980-b90e-a27305512f23', NULL, '4346a651-e623-4fc5-81dd-87823053dc94', 'in', 2, 'purchase', 'ff32e497-4361-4083-a44f-f4f30fe70e4b', '2026-03-06T10:17:15.342609+00:00');
INSERT INTO public.stock_movements (id, sku_id, product_unit_id, warehouse_id, movement_type, quantity, reference_type, reference_id, created_at) VALUES ('05f55978-fd8c-4d1b-a0b7-a143fd3b9ccb', '0993899f-96ef-4cfd-b7cd-1635c6318fdc', NULL, '4346a651-e623-4fc5-81dd-87823053dc94', 'in', 2, 'purchase', 'ff32e497-4361-4083-a44f-f4f30fe70e4b', '2026-03-06T10:17:15.342609+00:00');
INSERT INTO public.stock_movements (id, sku_id, product_unit_id, warehouse_id, movement_type, quantity, reference_type, reference_id, created_at) VALUES ('09621b87-740a-4267-bffc-99158cb61380', '2b7bd8b0-08dd-4b5c-968a-45224330c916', NULL, '4346a651-e623-4fc5-81dd-87823053dc94', 'in', 2, 'purchase', 'ff32e497-4361-4083-a44f-f4f30fe70e4b', '2026-03-06T10:17:15.342609+00:00');
INSERT INTO public.stock_movements (id, sku_id, product_unit_id, warehouse_id, movement_type, quantity, reference_type, reference_id, created_at) VALUES ('04e020cb-9933-4b44-b651-682c6c95ff4e', 'a9de06c8-bd9a-4163-9d0e-a34391cccd44', NULL, '4346a651-e623-4fc5-81dd-87823053dc94', 'in', 2, 'purchase', 'ff32e497-4361-4083-a44f-f4f30fe70e4b', '2026-03-06T10:17:15.342609+00:00');
INSERT INTO public.stock_movements (id, sku_id, product_unit_id, warehouse_id, movement_type, quantity, reference_type, reference_id, created_at) VALUES ('597a0daf-42f5-4bf1-84cf-2075b52c3451', '7ab7757e-ef7d-443d-b6e4-5ec00cc09696', NULL, '4346a651-e623-4fc5-81dd-87823053dc94', 'in', 2, 'purchase', 'ff32e497-4361-4083-a44f-f4f30fe70e4b', '2026-03-06T10:17:15.342609+00:00');
INSERT INTO public.stock_movements (id, sku_id, product_unit_id, warehouse_id, movement_type, quantity, reference_type, reference_id, created_at) VALUES ('28960e99-08b4-4d8d-8d1b-7a0d2f822135', '69a55ef6-530c-4364-85a9-a3a978d6bafc', NULL, '4346a651-e623-4fc5-81dd-87823053dc94', 'in', 2, 'purchase', 'ff32e497-4361-4083-a44f-f4f30fe70e4b', '2026-03-06T10:17:15.342609+00:00');
INSERT INTO public.stock_movements (id, sku_id, product_unit_id, warehouse_id, movement_type, quantity, reference_type, reference_id, created_at) VALUES ('2f0b33e9-1797-4d96-95fb-f54745f500ac', 'c98997a3-af8b-4946-ab17-821abd88697c', NULL, '4346a651-e623-4fc5-81dd-87823053dc94', 'in', 2, 'purchase', 'ff32e497-4361-4083-a44f-f4f30fe70e4b', '2026-03-06T10:17:15.342609+00:00');
INSERT INTO public.stock_movements (id, sku_id, product_unit_id, warehouse_id, movement_type, quantity, reference_type, reference_id, created_at) VALUES ('f055c768-197d-4dee-bcae-3a925621b455', '27f2a920-da58-447a-9999-f0dfca36cfa0', NULL, '4346a651-e623-4fc5-81dd-87823053dc94', 'in', 2, 'purchase', 'ff32e497-4361-4083-a44f-f4f30fe70e4b', '2026-03-06T10:17:15.342609+00:00');
INSERT INTO public.stock_movements (id, sku_id, product_unit_id, warehouse_id, movement_type, quantity, reference_type, reference_id, created_at) VALUES ('07a365d3-5dda-46c4-bea4-1f863e8f8a8c', 'fcce65d0-d0d6-40d0-92e8-159fa6813c6d', NULL, '4346a651-e623-4fc5-81dd-87823053dc94', 'in', 2, 'purchase', 'ff32e497-4361-4083-a44f-f4f30fe70e4b', '2026-03-06T10:17:15.342609+00:00');
INSERT INTO public.stock_movements (id, sku_id, product_unit_id, warehouse_id, movement_type, quantity, reference_type, reference_id, created_at) VALUES ('d1f5c060-df9b-46d7-a299-1f9e5c00c89e', '690e892f-3f9f-4ca3-b3fa-5a9f7423d978', NULL, '4346a651-e623-4fc5-81dd-87823053dc94', 'in', 2, 'purchase', 'ff32e497-4361-4083-a44f-f4f30fe70e4b', '2026-03-06T10:17:15.342609+00:00');
INSERT INTO public.stock_movements (id, sku_id, product_unit_id, warehouse_id, movement_type, quantity, reference_type, reference_id, created_at) VALUES ('0019f9c7-7688-4548-a8fb-6c0632e5c3d0', 'a6d38dbd-e1b5-42a3-99a5-d3dfa1bfa229', NULL, '4346a651-e623-4fc5-81dd-87823053dc94', 'in', 2, 'purchase', 'ff32e497-4361-4083-a44f-f4f30fe70e4b', '2026-03-06T10:17:15.342609+00:00');
INSERT INTO public.stock_movements (id, sku_id, product_unit_id, warehouse_id, movement_type, quantity, reference_type, reference_id, created_at) VALUES ('548b99d6-c008-407c-a918-3c6afac23886', 'd9cacdb4-ecec-4169-8aec-d160a5513016', NULL, '4346a651-e623-4fc5-81dd-87823053dc94', 'in', 2, 'purchase', 'ff32e497-4361-4083-a44f-f4f30fe70e4b', '2026-03-06T10:17:15.342609+00:00');
INSERT INTO public.stock_movements (id, sku_id, product_unit_id, warehouse_id, movement_type, quantity, reference_type, reference_id, created_at) VALUES ('fee7ccbc-4cdd-4681-add1-08aa310f5c6a', 'ab1ba9fa-6797-4e2c-a3b2-9ba38d18f8a0', NULL, '4346a651-e623-4fc5-81dd-87823053dc94', 'in', 2, 'purchase', 'ff32e497-4361-4083-a44f-f4f30fe70e4b', '2026-03-06T10:17:15.342609+00:00');
INSERT INTO public.stock_movements (id, sku_id, product_unit_id, warehouse_id, movement_type, quantity, reference_type, reference_id, created_at) VALUES ('126247ae-0fa6-4c45-afc5-46388b893d86', '76914c02-0a75-4880-879c-384b82e364b5', NULL, '4346a651-e623-4fc5-81dd-87823053dc94', 'in', 2, 'purchase', 'ff32e497-4361-4083-a44f-f4f30fe70e4b', '2026-03-06T10:17:15.342609+00:00');
INSERT INTO public.stock_movements (id, sku_id, product_unit_id, warehouse_id, movement_type, quantity, reference_type, reference_id, created_at) VALUES ('a1f93fab-8ad5-48e4-a71c-62a3163ed810', '1cd5a71b-a48e-4ddb-887c-2ad4c557b666', NULL, '4346a651-e623-4fc5-81dd-87823053dc94', 'in', 48, 'purchase', '0b9253eb-8110-44aa-9448-f1f4fa691358', '2026-03-17T10:50:22.74198+00:00');
INSERT INTO public.stock_movements (id, sku_id, product_unit_id, warehouse_id, movement_type, quantity, reference_type, reference_id, created_at) VALUES ('798fd5d3-1fa9-4571-a893-bdc6832d3098', '46b3f569-eb4a-4910-8294-3cb839781f22', NULL, '4346a651-e623-4fc5-81dd-87823053dc94', 'in', 12, 'purchase', '0b9253eb-8110-44aa-9448-f1f4fa691358', '2026-03-17T10:50:22.74198+00:00');
INSERT INTO public.stock_movements (id, sku_id, product_unit_id, warehouse_id, movement_type, quantity, reference_type, reference_id, created_at) VALUES ('759bea2f-a083-48a0-b1eb-d887af53c262', '5634d296-c35d-40f8-8593-0b579491cc18', NULL, '4346a651-e623-4fc5-81dd-87823053dc94', 'in', 12, 'purchase', '0b9253eb-8110-44aa-9448-f1f4fa691358', '2026-03-17T10:50:22.74198+00:00');
INSERT INTO public.stock_movements (id, sku_id, product_unit_id, warehouse_id, movement_type, quantity, reference_type, reference_id, created_at) VALUES ('76ffecee-834e-4793-9991-af787aa41b2d', '69a55ef6-530c-4364-85a9-a3a978d6bafc', NULL, '4346a651-e623-4fc5-81dd-87823053dc94', 'in', 12, 'purchase', '0b9253eb-8110-44aa-9448-f1f4fa691358', '2026-03-17T10:50:22.74198+00:00');
INSERT INTO public.stock_movements (id, sku_id, product_unit_id, warehouse_id, movement_type, quantity, reference_type, reference_id, created_at) VALUES ('46a0f5e7-7045-46e3-909e-f3cbebf2b0a1', '76914c02-0a75-4880-879c-384b82e364b5', NULL, '4346a651-e623-4fc5-81dd-87823053dc94', 'in', 4, 'purchase', 'f1960a32-c37e-4c5c-92ee-385dea56f151', '2026-03-17T11:25:08.642697+00:00');
INSERT INTO public.stock_movements (id, sku_id, product_unit_id, warehouse_id, movement_type, quantity, reference_type, reference_id, created_at) VALUES ('3b8c47ad-21f8-45b6-9142-a72125bbba0f', '1cd5a71b-a48e-4ddb-887c-2ad4c557b666', NULL, '4346a651-e623-4fc5-81dd-87823053dc94', 'in', 4, 'purchase', 'f1960a32-c37e-4c5c-92ee-385dea56f151', '2026-03-17T11:25:08.642697+00:00');
INSERT INTO public.stock_movements (id, sku_id, product_unit_id, warehouse_id, movement_type, quantity, reference_type, reference_id, created_at) VALUES ('180586df-70ec-4e3e-823f-ba4599164a9e', '69a55ef6-530c-4364-85a9-a3a978d6bafc', NULL, '4346a651-e623-4fc5-81dd-87823053dc94', 'in', 4, 'purchase', 'f1960a32-c37e-4c5c-92ee-385dea56f151', '2026-03-17T11:25:08.642697+00:00');
INSERT INTO public.stock_movements (id, sku_id, product_unit_id, warehouse_id, movement_type, quantity, reference_type, reference_id, created_at) VALUES ('71d8d7fa-b101-4410-8fcf-fe6ee5a49546', '690e892f-3f9f-4ca3-b3fa-5a9f7423d978', NULL, '4346a651-e623-4fc5-81dd-87823053dc94', 'in', 4, 'purchase', 'f1960a32-c37e-4c5c-92ee-385dea56f151', '2026-03-17T11:25:08.642697+00:00');
INSERT INTO public.stock_movements (id, sku_id, product_unit_id, warehouse_id, movement_type, quantity, reference_type, reference_id, created_at) VALUES ('b6655ebf-b199-40da-baa8-1257c35a62b6', '2b7bd8b0-08dd-4b5c-968a-45224330c916', NULL, '4346a651-e623-4fc5-81dd-87823053dc94', 'in', 4, 'purchase', 'f1960a32-c37e-4c5c-92ee-385dea56f151', '2026-03-17T11:25:08.642697+00:00');
INSERT INTO public.stock_movements (id, sku_id, product_unit_id, warehouse_id, movement_type, quantity, reference_type, reference_id, created_at) VALUES ('1aa911de-df91-42f9-9635-e1cc30123d42', '0993899f-96ef-4cfd-b7cd-1635c6318fdc', NULL, '4346a651-e623-4fc5-81dd-87823053dc94', 'in', 4, 'purchase', 'f1960a32-c37e-4c5c-92ee-385dea56f151', '2026-03-17T11:25:08.642697+00:00');
INSERT INTO public.stock_movements (id, sku_id, product_unit_id, warehouse_id, movement_type, quantity, reference_type, reference_id, created_at) VALUES ('be138035-86d1-475f-9ca8-521c6b342ede', 'c090f105-3e19-4980-b90e-a27305512f23', NULL, '4346a651-e623-4fc5-81dd-87823053dc94', 'in', 4, 'purchase', 'f1960a32-c37e-4c5c-92ee-385dea56f151', '2026-03-17T11:25:08.642697+00:00');
INSERT INTO public.stock_movements (id, sku_id, product_unit_id, warehouse_id, movement_type, quantity, reference_type, reference_id, created_at) VALUES ('fea5df45-78be-4823-adfe-67880024049a', '423888ae-aaf6-406d-bf42-b7af689ac47c', NULL, '4346a651-e623-4fc5-81dd-87823053dc94', 'in', 12, 'purchase', 'f1960a32-c37e-4c5c-92ee-385dea56f151', '2026-03-17T11:25:08.642697+00:00');
INSERT INTO public.stock_movements (id, sku_id, product_unit_id, warehouse_id, movement_type, quantity, reference_type, reference_id, created_at) VALUES ('7b589343-552c-4fc8-a86f-f0695189fdd0', '8f491fee-d67c-456c-bbaa-054552b289e3', NULL, '4346a651-e623-4fc5-81dd-87823053dc94', 'in', 4, 'purchase', 'f1960a32-c37e-4c5c-92ee-385dea56f151', '2026-03-17T11:25:08.642697+00:00');
INSERT INTO public.stock_movements (id, sku_id, product_unit_id, warehouse_id, movement_type, quantity, reference_type, reference_id, created_at) VALUES ('6cb02867-7ea4-4478-ae43-01e8d99851c2', '27f2a920-da58-447a-9999-f0dfca36cfa0', NULL, '4346a651-e623-4fc5-81dd-87823053dc94', 'in', 4, 'purchase', 'f1960a32-c37e-4c5c-92ee-385dea56f151', '2026-03-17T11:25:08.642697+00:00');
INSERT INTO public.stock_movements (id, sku_id, product_unit_id, warehouse_id, movement_type, quantity, reference_type, reference_id, created_at) VALUES ('421724e3-f08a-4273-97d1-47b5e7390f4c', '8400d576-0957-4a3e-a0c5-877bd16705b9', NULL, '4346a651-e623-4fc5-81dd-87823053dc94', 'in', 4, 'purchase', 'f1960a32-c37e-4c5c-92ee-385dea56f151', '2026-03-17T11:25:08.642697+00:00');
INSERT INTO public.stock_movements (id, sku_id, product_unit_id, warehouse_id, movement_type, quantity, reference_type, reference_id, created_at) VALUES ('7e4727e7-bf8e-494e-98d2-170d14ebf8a1', 'fcce65d0-d0d6-40d0-92e8-159fa6813c6d', NULL, '4346a651-e623-4fc5-81dd-87823053dc94', 'in', 4, 'purchase', 'f1960a32-c37e-4c5c-92ee-385dea56f151', '2026-03-17T11:25:08.642697+00:00');
INSERT INTO public.stock_movements (id, sku_id, product_unit_id, warehouse_id, movement_type, quantity, reference_type, reference_id, created_at) VALUES ('6b5c481a-dc03-4566-8d6e-53640900efb0', '6f513e02-f690-4ba0-b9b5-457bd4e33568', NULL, '4346a651-e623-4fc5-81dd-87823053dc94', 'in', 4, 'purchase', 'f1960a32-c37e-4c5c-92ee-385dea56f151', '2026-03-17T11:25:08.642697+00:00');
INSERT INTO public.stock_movements (id, sku_id, product_unit_id, warehouse_id, movement_type, quantity, reference_type, reference_id, created_at) VALUES ('557bde67-9bc9-403f-8169-288ee996580e', 'd9cacdb4-ecec-4169-8aec-d160a5513016', NULL, '4346a651-e623-4fc5-81dd-87823053dc94', 'in', 4, 'purchase', 'f1960a32-c37e-4c5c-92ee-385dea56f151', '2026-03-17T11:25:08.642697+00:00');
INSERT INTO public.stock_movements (id, sku_id, product_unit_id, warehouse_id, movement_type, quantity, reference_type, reference_id, created_at) VALUES ('8a55b67d-6df7-40de-b3ba-e6593fee0129', '1b7e0467-3bd5-430f-8043-c4bdb1e2f247', NULL, '4346a651-e623-4fc5-81dd-87823053dc94', 'in', 4, 'purchase', 'f1960a32-c37e-4c5c-92ee-385dea56f151', '2026-03-17T11:25:08.642697+00:00');
INSERT INTO public.stock_movements (id, sku_id, product_unit_id, warehouse_id, movement_type, quantity, reference_type, reference_id, created_at) VALUES ('59ba86f2-beef-4ae5-b883-14a2d2a2890c', 'cc85f1c9-1a90-47e7-b36a-a5aefbbf63a1', NULL, '4346a651-e623-4fc5-81dd-87823053dc94', 'in', 4, 'purchase', 'f1960a32-c37e-4c5c-92ee-385dea56f151', '2026-03-17T11:25:08.642697+00:00');
INSERT INTO public.stock_movements (id, sku_id, product_unit_id, warehouse_id, movement_type, quantity, reference_type, reference_id, created_at) VALUES ('ea3f5462-c8cf-4828-b8d4-98506ac865f2', '7ab7757e-ef7d-443d-b6e4-5ec00cc09696', NULL, '4346a651-e623-4fc5-81dd-87823053dc94', 'in', 4, 'purchase', 'f1960a32-c37e-4c5c-92ee-385dea56f151', '2026-03-17T11:25:08.642697+00:00');
INSERT INTO public.stock_movements (id, sku_id, product_unit_id, warehouse_id, movement_type, quantity, reference_type, reference_id, created_at) VALUES ('33b7e0fa-7440-4901-a794-f73b7ba52665', 'a9de06c8-bd9a-4163-9d0e-a34391cccd44', NULL, '4346a651-e623-4fc5-81dd-87823053dc94', 'in', 4, 'purchase', 'f1960a32-c37e-4c5c-92ee-385dea56f151', '2026-03-17T11:25:08.642697+00:00');
INSERT INTO public.stock_movements (id, sku_id, product_unit_id, warehouse_id, movement_type, quantity, reference_type, reference_id, created_at) VALUES ('4c86d322-d471-432d-bbc3-15b41f48bea9', '38150ded-b34d-49b3-a132-133864679b11', NULL, '4346a651-e623-4fc5-81dd-87823053dc94', 'in', 5, 'purchase', 'a9fdc0d7-b8a1-474e-968b-1f418cffbf7d', '2026-03-17T11:31:33.864314+00:00');
INSERT INTO public.stock_movements (id, sku_id, product_unit_id, warehouse_id, movement_type, quantity, reference_type, reference_id, created_at) VALUES ('a9988830-9e3e-4efc-9e64-19c0ae1f351d', '322ec2b6-0a7b-4981-b1c1-a4077ccb4804', NULL, '4346a651-e623-4fc5-81dd-87823053dc94', 'in', 2, 'purchase', 'a9fdc0d7-b8a1-474e-968b-1f418cffbf7d', '2026-03-17T11:31:33.864314+00:00');
INSERT INTO public.stock_movements (id, sku_id, product_unit_id, warehouse_id, movement_type, quantity, reference_type, reference_id, created_at) VALUES ('c1085ed1-e0af-487c-a4f6-934466522f8c', '5085bda9-5683-4faf-9511-0e21e3123cc0', NULL, '4346a651-e623-4fc5-81dd-87823053dc94', 'in', 3, 'purchase', 'a9fdc0d7-b8a1-474e-968b-1f418cffbf7d', '2026-03-17T11:31:33.864314+00:00');
INSERT INTO public.stock_movements (id, sku_id, product_unit_id, warehouse_id, movement_type, quantity, reference_type, reference_id, created_at) VALUES ('ed3afa83-51db-4352-bae2-d9c76c34d7f8', '03773853-33a4-479f-9faa-a988b450e661', NULL, '4346a651-e623-4fc5-81dd-87823053dc94', 'in', 3, 'purchase', 'a9fdc0d7-b8a1-474e-968b-1f418cffbf7d', '2026-03-17T11:31:33.864314+00:00');
INSERT INTO public.stock_movements (id, sku_id, product_unit_id, warehouse_id, movement_type, quantity, reference_type, reference_id, created_at) VALUES ('222f1f08-8e7f-4aa3-80db-13451467f0df', '9e89a2e7-eb39-43fd-8123-99d85cf909a7', NULL, '4346a651-e623-4fc5-81dd-87823053dc94', 'in', 1, 'purchase', 'a7099b5a-eb5c-4457-9a42-ba3368551f46', '2026-03-17T11:33:57.138703+00:00');
INSERT INTO public.stock_movements (id, sku_id, product_unit_id, warehouse_id, movement_type, quantity, reference_type, reference_id, created_at) VALUES ('c7daeb1b-a684-4650-b50d-05efab870151', 'f026ec4b-3df5-4f1a-a2c5-8c0c7579e715', NULL, '4346a651-e623-4fc5-81dd-87823053dc94', 'in', 1, 'purchase', 'a7099b5a-eb5c-4457-9a42-ba3368551f46', '2026-03-17T11:33:57.138703+00:00');
INSERT INTO public.stock_movements (id, sku_id, product_unit_id, warehouse_id, movement_type, quantity, reference_type, reference_id, created_at) VALUES ('08e145e1-442d-45c7-92ca-94443ecf7390', '2b0f4b89-78fe-4ddd-81f5-d9a426d41ba6', NULL, '4346a651-e623-4fc5-81dd-87823053dc94', 'in', 1, 'purchase', 'a7099b5a-eb5c-4457-9a42-ba3368551f46', '2026-03-17T11:33:57.138703+00:00');
INSERT INTO public.stock_movements (id, sku_id, product_unit_id, warehouse_id, movement_type, quantity, reference_type, reference_id, created_at) VALUES ('17f11a4d-800b-42b7-b303-2460f9eb2ab3', '1806d623-77ef-4d12-9c16-0fc80b92dc9b', NULL, '4346a651-e623-4fc5-81dd-87823053dc94', 'in', 1, 'purchase', 'a7099b5a-eb5c-4457-9a42-ba3368551f46', '2026-03-17T11:33:57.138703+00:00');
INSERT INTO public.stock_movements (id, sku_id, product_unit_id, warehouse_id, movement_type, quantity, reference_type, reference_id, created_at) VALUES ('c195a5d5-82ef-40d2-b9ba-e3adf35ae8cf', 'bc59eb97-77fd-4d13-af7f-748e83218bf8', NULL, '4346a651-e623-4fc5-81dd-87823053dc94', 'in', 2, 'purchase', '23f7d03d-19ca-45d5-9adf-3410ae7aa62c', '2026-03-17T11:35:13.634275+00:00');
INSERT INTO public.stock_movements (id, sku_id, product_unit_id, warehouse_id, movement_type, quantity, reference_type, reference_id, created_at) VALUES ('85d1667d-b2df-42ee-9ed6-7e220b59ec69', '764bcbe1-77ca-4724-8acb-3478e8d2d965', NULL, '4346a651-e623-4fc5-81dd-87823053dc94', 'in', 1, 'purchase', '23f7d03d-19ca-45d5-9adf-3410ae7aa62c', '2026-03-17T11:35:13.634275+00:00');
INSERT INTO public.stock_movements (id, sku_id, product_unit_id, warehouse_id, movement_type, quantity, reference_type, reference_id, created_at) VALUES ('a964f81c-c299-4004-959b-fe65d1441d41', '624b257b-b152-4efb-8ccc-2b8a244aaf89', NULL, '4346a651-e623-4fc5-81dd-87823053dc94', 'in', 1, 'purchase', '600b60bd-2f7d-469e-a59a-541e54392f19', '2026-03-17T11:38:02.878588+00:00');
INSERT INTO public.stock_movements (id, sku_id, product_unit_id, warehouse_id, movement_type, quantity, reference_type, reference_id, created_at) VALUES ('9d305939-8359-43e9-8deb-a83fd7376803', 'da2bc8a5-cb91-41f6-ac93-2857f723bdca', NULL, '4346a651-e623-4fc5-81dd-87823053dc94', 'in', 1, 'purchase', '600b60bd-2f7d-469e-a59a-541e54392f19', '2026-03-17T11:38:02.878588+00:00');
INSERT INTO public.stock_movements (id, sku_id, product_unit_id, warehouse_id, movement_type, quantity, reference_type, reference_id, created_at) VALUES ('f5e917a4-b30d-49a5-950e-0f2028f205d1', '38150ded-b34d-49b3-a132-133864679b11', NULL, 'ad73083e-460a-4563-a5a1-672a4766c749', 'in', 1, 'purchase', 'd199a555-e12b-48d3-8959-81dbdf149ae7', '2026-03-17T13:54:03.54318+00:00');
INSERT INTO public.stock_movements (id, sku_id, product_unit_id, warehouse_id, movement_type, quantity, reference_type, reference_id, created_at) VALUES ('bacf9e53-14b9-4635-ba9d-6bdd23ef7a08', '322ec2b6-0a7b-4981-b1c1-a4077ccb4804', NULL, 'ad73083e-460a-4563-a5a1-672a4766c749', 'in', 1, 'purchase', 'd199a555-e12b-48d3-8959-81dbdf149ae7', '2026-03-17T13:54:03.54318+00:00');
INSERT INTO public.stock_movements (id, sku_id, product_unit_id, warehouse_id, movement_type, quantity, reference_type, reference_id, created_at) VALUES ('ba7df1e0-3a4f-4775-bd83-6542124d6794', '1cd5a71b-a48e-4ddb-887c-2ad4c557b666', NULL, 'ad73083e-460a-4563-a5a1-672a4766c749', 'in', 4, 'purchase', '00925fbc-74c2-45b4-a070-e1e2940a28e4', '2026-03-17T13:55:44.40863+00:00');
INSERT INTO public.stock_movements (id, sku_id, product_unit_id, warehouse_id, movement_type, quantity, reference_type, reference_id, created_at) VALUES ('2c8f4daf-f1e3-4dba-a909-b28378da9368', '69a55ef6-530c-4364-85a9-a3a978d6bafc', NULL, 'ad73083e-460a-4563-a5a1-672a4766c749', 'in', 1, 'purchase', '00925fbc-74c2-45b4-a070-e1e2940a28e4', '2026-03-17T13:55:44.40863+00:00');
INSERT INTO public.stock_movements (id, sku_id, product_unit_id, warehouse_id, movement_type, quantity, reference_type, reference_id, created_at) VALUES ('e9389208-756c-47bc-98a9-abbfb394987c', '46b3f569-eb4a-4910-8294-3cb839781f22', NULL, 'ad73083e-460a-4563-a5a1-672a4766c749', 'in', 1, 'purchase', '00925fbc-74c2-45b4-a070-e1e2940a28e4', '2026-03-17T13:55:44.40863+00:00');
INSERT INTO public.stock_movements (id, sku_id, product_unit_id, warehouse_id, movement_type, quantity, reference_type, reference_id, created_at) VALUES ('c665d3f0-5319-453d-91a8-0c5691d6b933', '5634d296-c35d-40f8-8593-0b579491cc18', NULL, 'ad73083e-460a-4563-a5a1-672a4766c749', 'in', 1, 'purchase', '00925fbc-74c2-45b4-a070-e1e2940a28e4', '2026-03-17T13:55:44.40863+00:00');
INSERT INTO public.stock_movements (id, sku_id, product_unit_id, warehouse_id, movement_type, quantity, reference_type, reference_id, created_at) VALUES ('d9919835-5a60-4424-8ad5-99be85ef3161', '1cd5a71b-a48e-4ddb-887c-2ad4c557b666', NULL, 'ad73083e-460a-4563-a5a1-672a4766c749', 'in', 1, 'purchase', '00c3010a-797b-4294-95af-d6df9a847217', '2026-03-17T14:02:54.760657+00:00');
INSERT INTO public.stock_movements (id, sku_id, product_unit_id, warehouse_id, movement_type, quantity, reference_type, reference_id, created_at) VALUES ('02c25672-ec1f-477b-9beb-85f99b307b94', '7ab7757e-ef7d-443d-b6e4-5ec00cc09696', NULL, 'ad73083e-460a-4563-a5a1-672a4766c749', 'in', 1, 'purchase', '00c3010a-797b-4294-95af-d6df9a847217', '2026-03-17T14:02:54.760657+00:00');
INSERT INTO public.stock_movements (id, sku_id, product_unit_id, warehouse_id, movement_type, quantity, reference_type, reference_id, created_at) VALUES ('87a66a65-ee82-4669-ba3b-fedeb6c8bc7a', '423888ae-aaf6-406d-bf42-b7af689ac47c', NULL, 'ad73083e-460a-4563-a5a1-672a4766c749', 'in', 3, 'purchase', '00c3010a-797b-4294-95af-d6df9a847217', '2026-03-17T14:02:54.760657+00:00');
INSERT INTO public.stock_movements (id, sku_id, product_unit_id, warehouse_id, movement_type, quantity, reference_type, reference_id, created_at) VALUES ('1e15561a-d935-4f7c-a85a-d7f32850d709', '8f491fee-d67c-456c-bbaa-054552b289e3', NULL, 'ad73083e-460a-4563-a5a1-672a4766c749', 'in', 1, 'purchase', '00c3010a-797b-4294-95af-d6df9a847217', '2026-03-17T14:02:54.760657+00:00');
INSERT INTO public.stock_movements (id, sku_id, product_unit_id, warehouse_id, movement_type, quantity, reference_type, reference_id, created_at) VALUES ('4e766ce1-fa54-4dab-956e-bb049c13ef85', 'c090f105-3e19-4980-b90e-a27305512f23', NULL, 'ad73083e-460a-4563-a5a1-672a4766c749', 'in', 1, 'purchase', '00c3010a-797b-4294-95af-d6df9a847217', '2026-03-17T14:02:54.760657+00:00');
INSERT INTO public.stock_movements (id, sku_id, product_unit_id, warehouse_id, movement_type, quantity, reference_type, reference_id, created_at) VALUES ('0b57e353-986c-400b-b0a3-ff5d13cf0c3e', '0993899f-96ef-4cfd-b7cd-1635c6318fdc', NULL, 'ad73083e-460a-4563-a5a1-672a4766c749', 'in', 1, 'purchase', '00c3010a-797b-4294-95af-d6df9a847217', '2026-03-17T14:02:54.760657+00:00');
INSERT INTO public.stock_movements (id, sku_id, product_unit_id, warehouse_id, movement_type, quantity, reference_type, reference_id, created_at) VALUES ('59c4d7f7-9239-4927-86e4-04fa930666bf', '2b7bd8b0-08dd-4b5c-968a-45224330c916', NULL, 'ad73083e-460a-4563-a5a1-672a4766c749', 'in', 1, 'purchase', '00c3010a-797b-4294-95af-d6df9a847217', '2026-03-17T14:02:54.760657+00:00');
INSERT INTO public.stock_movements (id, sku_id, product_unit_id, warehouse_id, movement_type, quantity, reference_type, reference_id, created_at) VALUES ('4521291c-c7b6-4c5f-ae57-47534f46512f', 'a9de06c8-bd9a-4163-9d0e-a34391cccd44', NULL, 'ad73083e-460a-4563-a5a1-672a4766c749', 'in', 1, 'purchase', '00c3010a-797b-4294-95af-d6df9a847217', '2026-03-17T14:02:54.760657+00:00');
INSERT INTO public.stock_movements (id, sku_id, product_unit_id, warehouse_id, movement_type, quantity, reference_type, reference_id, created_at) VALUES ('ad675bba-c3b2-420f-b737-a394476c22e0', '7ab7757e-ef7d-443d-b6e4-5ec00cc09696', NULL, 'ad73083e-460a-4563-a5a1-672a4766c749', 'in', 1, 'purchase', '00c3010a-797b-4294-95af-d6df9a847217', '2026-03-17T14:02:54.760657+00:00');
INSERT INTO public.stock_movements (id, sku_id, product_unit_id, warehouse_id, movement_type, quantity, reference_type, reference_id, created_at) VALUES ('eecec6d8-bd76-44a8-9b5c-caf887586374', '69a55ef6-530c-4364-85a9-a3a978d6bafc', NULL, 'ad73083e-460a-4563-a5a1-672a4766c749', 'in', 1, 'purchase', '00c3010a-797b-4294-95af-d6df9a847217', '2026-03-17T14:02:54.760657+00:00');
INSERT INTO public.stock_movements (id, sku_id, product_unit_id, warehouse_id, movement_type, quantity, reference_type, reference_id, created_at) VALUES ('ed28e99f-59c0-4069-acf3-cb201b5c6f11', '8400d576-0957-4a3e-a0c5-877bd16705b9', NULL, 'ad73083e-460a-4563-a5a1-672a4766c749', 'in', 1, 'purchase', '00c3010a-797b-4294-95af-d6df9a847217', '2026-03-17T14:02:54.760657+00:00');
INSERT INTO public.stock_movements (id, sku_id, product_unit_id, warehouse_id, movement_type, quantity, reference_type, reference_id, created_at) VALUES ('0363addc-f0f8-445f-a467-c0ea190b174a', '27f2a920-da58-447a-9999-f0dfca36cfa0', NULL, 'ad73083e-460a-4563-a5a1-672a4766c749', 'in', 1, 'purchase', '00c3010a-797b-4294-95af-d6df9a847217', '2026-03-17T14:02:54.760657+00:00');
INSERT INTO public.stock_movements (id, sku_id, product_unit_id, warehouse_id, movement_type, quantity, reference_type, reference_id, created_at) VALUES ('cb7b7d2f-bc16-4194-be0e-beea72957ba8', 'fcce65d0-d0d6-40d0-92e8-159fa6813c6d', NULL, 'ad73083e-460a-4563-a5a1-672a4766c749', 'in', 1, 'purchase', '00c3010a-797b-4294-95af-d6df9a847217', '2026-03-17T14:02:54.760657+00:00');
INSERT INTO public.stock_movements (id, sku_id, product_unit_id, warehouse_id, movement_type, quantity, reference_type, reference_id, created_at) VALUES ('125cd9c4-9e9f-40aa-9869-c81576afeda4', '690e892f-3f9f-4ca3-b3fa-5a9f7423d978', NULL, 'ad73083e-460a-4563-a5a1-672a4766c749', 'in', 1, 'purchase', '00c3010a-797b-4294-95af-d6df9a847217', '2026-03-17T14:02:54.760657+00:00');
INSERT INTO public.stock_movements (id, sku_id, product_unit_id, warehouse_id, movement_type, quantity, reference_type, reference_id, created_at) VALUES ('75fb7ccf-10f8-495d-be0b-0dea0a57f5b9', 'c98997a3-af8b-4946-ab17-821abd88697c', NULL, 'ad73083e-460a-4563-a5a1-672a4766c749', 'in', 1, 'purchase', '00c3010a-797b-4294-95af-d6df9a847217', '2026-03-17T14:02:54.760657+00:00');
INSERT INTO public.stock_movements (id, sku_id, product_unit_id, warehouse_id, movement_type, quantity, reference_type, reference_id, created_at) VALUES ('a364a887-e22c-4944-8600-27fa548a0137', 'd9cacdb4-ecec-4169-8aec-d160a5513016', NULL, 'ad73083e-460a-4563-a5a1-672a4766c749', 'in', 1, 'purchase', '00c3010a-797b-4294-95af-d6df9a847217', '2026-03-17T14:02:54.760657+00:00');
INSERT INTO public.stock_movements (id, sku_id, product_unit_id, warehouse_id, movement_type, quantity, reference_type, reference_id, created_at) VALUES ('ec15422c-0915-4b3c-8026-792354928ebb', 'ab1ba9fa-6797-4e2c-a3b2-9ba38d18f8a0', NULL, 'ad73083e-460a-4563-a5a1-672a4766c749', 'in', 1, 'purchase', '00c3010a-797b-4294-95af-d6df9a847217', '2026-03-17T14:02:54.760657+00:00');
INSERT INTO public.stock_movements (id, sku_id, product_unit_id, warehouse_id, movement_type, quantity, reference_type, reference_id, created_at) VALUES ('c644a1e6-7748-42a9-bb0a-514d98c23575', '76914c02-0a75-4880-879c-384b82e364b5', NULL, 'ad73083e-460a-4563-a5a1-672a4766c749', 'in', 1, 'purchase', '00c3010a-797b-4294-95af-d6df9a847217', '2026-03-17T14:02:54.760657+00:00');
INSERT INTO public.stock_movements (id, sku_id, product_unit_id, warehouse_id, movement_type, quantity, reference_type, reference_id, created_at) VALUES ('2c133cf0-a5fb-46ff-99e9-811abd8e5f71', '8c9b5319-1bc0-4311-bc6b-8953daec1767', NULL, 'bdc77d3b-6f92-403b-9d0a-4bd7071a3a84', 'in', 12, 'purchase', '2122267a-e7dc-462c-9183-b75ce06fb619', '2026-03-18T18:10:49.694522+00:00');
INSERT INTO public.stock_movements (id, sku_id, product_unit_id, warehouse_id, movement_type, quantity, reference_type, reference_id, created_at) VALUES ('dd466192-65cc-4c75-86a5-44bbf16835af', '6cd8beaa-969f-4ac8-9269-1c8e2570c845', NULL, 'bdc77d3b-6f92-403b-9d0a-4bd7071a3a84', 'in', 12, 'purchase', '2122267a-e7dc-462c-9183-b75ce06fb619', '2026-03-18T18:10:49.694522+00:00');
INSERT INTO public.stock_movements (id, sku_id, product_unit_id, warehouse_id, movement_type, quantity, reference_type, reference_id, created_at) VALUES ('fe5e0288-903e-4372-9274-602f363d624b', 'acd35fbd-c6da-4af0-9c66-58198e0db241', NULL, 'bdc77d3b-6f92-403b-9d0a-4bd7071a3a84', 'in', 12, 'purchase', 'cfbc5f19-442a-4ab2-aa87-f703e6c0a236', '2026-03-18T18:14:03.070599+00:00');
INSERT INTO public.stock_movements (id, sku_id, product_unit_id, warehouse_id, movement_type, quantity, reference_type, reference_id, created_at) VALUES ('06ce21b6-461a-490b-ae5d-ad08e10c5865', '61fb29b9-90ff-4d64-9525-bca38165f882', NULL, 'bdc77d3b-6f92-403b-9d0a-4bd7071a3a84', 'in', 12, 'purchase', 'cfbc5f19-442a-4ab2-aa87-f703e6c0a236', '2026-03-18T18:14:03.070599+00:00');
INSERT INTO public.stock_movements (id, sku_id, product_unit_id, warehouse_id, movement_type, quantity, reference_type, reference_id, created_at) VALUES ('957df526-4014-489b-a4fc-3f8c889df34e', '8e7129b7-d83b-4683-979c-44528565e289', NULL, '4346a651-e623-4fc5-81dd-87823053dc94', 'in', 4, 'purchase', 'f7dacf33-86f2-4ad1-bac1-bd35a478a40a', '2026-03-23T08:56:25.449076+00:00');
INSERT INTO public.stock_movements (id, sku_id, product_unit_id, warehouse_id, movement_type, quantity, reference_type, reference_id, created_at) VALUES ('1c3e72ec-393d-4027-bb37-8b8d25e83440', '7ab7757e-ef7d-443d-b6e4-5ec00cc09696', NULL, 'ad73083e-460a-4563-a5a1-672a4766c749', 'in', 5, 'purchase', '27fa781c-177e-461e-adc9-664bafef6ce7', '2026-03-25T15:35:51.301324+00:00');
INSERT INTO public.stock_movements (id, sku_id, product_unit_id, warehouse_id, movement_type, quantity, reference_type, reference_id, created_at) VALUES ('8e761b55-2606-4214-a7ee-2f98b0b87acf', 'a9de06c8-bd9a-4163-9d0e-a34391cccd44', NULL, 'ad73083e-460a-4563-a5a1-672a4766c749', 'in', 6, 'purchase', '27fa781c-177e-461e-adc9-664bafef6ce7', '2026-03-25T15:35:51.301324+00:00');
INSERT INTO public.stock_movements (id, sku_id, product_unit_id, warehouse_id, movement_type, quantity, reference_type, reference_id, created_at) VALUES ('bafc5b5b-0d37-4864-bf3a-1037bd4dc9d6', '0993899f-96ef-4cfd-b7cd-1635c6318fdc', NULL, 'ad73083e-460a-4563-a5a1-672a4766c749', 'in', 3, 'purchase', '64ed7a65-fa5b-48c7-b412-84af87498207', '2026-03-25T15:38:02.963095+00:00');
INSERT INTO public.stock_movements (id, sku_id, product_unit_id, warehouse_id, movement_type, quantity, reference_type, reference_id, created_at) VALUES ('98aa02a3-6466-494d-8a96-32377f610c53', 'c090f105-3e19-4980-b90e-a27305512f23', NULL, 'ad73083e-460a-4563-a5a1-672a4766c749', 'in', 3, 'purchase', '64ed7a65-fa5b-48c7-b412-84af87498207', '2026-03-25T15:38:02.963095+00:00');
INSERT INTO public.stock_movements (id, sku_id, product_unit_id, warehouse_id, movement_type, quantity, reference_type, reference_id, created_at) VALUES ('03e1a6ed-94a8-4858-be30-428acfb03e9a', '53c6250d-1585-497e-874b-b67c32addfbe', NULL, 'ad73083e-460a-4563-a5a1-672a4766c749', 'in', 1, 'purchase', '6147d01d-1258-4b61-bb7a-ece777ce4956', '2026-03-25T15:45:39.264803+00:00');
INSERT INTO public.stock_movements (id, sku_id, product_unit_id, warehouse_id, movement_type, quantity, reference_type, reference_id, created_at) VALUES ('2ec7733c-2ed5-44f2-942f-8423a19ff249', 'e4bd4106-01bb-4e8e-ba02-223ab1fcdfd1', NULL, 'ad73083e-460a-4563-a5a1-672a4766c749', 'in', 1, 'purchase', '6147d01d-1258-4b61-bb7a-ece777ce4956', '2026-03-25T15:45:39.264803+00:00');
INSERT INTO public.stock_movements (id, sku_id, product_unit_id, warehouse_id, movement_type, quantity, reference_type, reference_id, created_at) VALUES ('e6eaed6e-0089-43a2-adf3-18b124782940', '0217a819-29ff-43de-a98d-af787b79adbd', NULL, 'ad73083e-460a-4563-a5a1-672a4766c749', 'in', 2, 'purchase', '6147d01d-1258-4b61-bb7a-ece777ce4956', '2026-03-25T15:45:39.264803+00:00');
INSERT INTO public.stock_movements (id, sku_id, product_unit_id, warehouse_id, movement_type, quantity, reference_type, reference_id, created_at) VALUES ('c4de308a-8c11-4d93-8070-c1e8e2b71e6e', '0217a819-29ff-43de-a98d-af787b79adbd', NULL, 'ad73083e-460a-4563-a5a1-672a4766c749', 'in', 2, 'purchase', '6147d01d-1258-4b61-bb7a-ece777ce4956', '2026-03-25T15:45:39.264803+00:00');
INSERT INTO public.stock_movements (id, sku_id, product_unit_id, warehouse_id, movement_type, quantity, reference_type, reference_id, created_at) VALUES ('2d2581c6-a7aa-4084-be67-4f71a1c00aa5', '2b0f4b89-78fe-4ddd-81f5-d9a426d41ba6', NULL, 'ad73083e-460a-4563-a5a1-672a4766c749', 'in', 1, 'purchase', 'd78e106a-3f06-4785-878f-c341dabc39fe', '2026-03-25T15:47:01.70686+00:00');
INSERT INTO public.stock_movements (id, sku_id, product_unit_id, warehouse_id, movement_type, quantity, reference_type, reference_id, created_at) VALUES ('7af9e48b-3a3c-404f-b26b-784895e72887', '7ab7757e-ef7d-443d-b6e4-5ec00cc09696', NULL, '4346a651-e623-4fc5-81dd-87823053dc94', 'in', 79, 'purchase', '3cae27c5-1bc3-4285-a160-fdd9018ee657', '2026-03-26T15:00:12.162288+00:00');
INSERT INTO public.stock_movements (id, sku_id, product_unit_id, warehouse_id, movement_type, quantity, reference_type, reference_id, created_at) VALUES ('f134c054-53cb-4f93-9c27-b62c3f15d4ff', 'a9de06c8-bd9a-4163-9d0e-a34391cccd44', NULL, '4346a651-e623-4fc5-81dd-87823053dc94', 'in', 83, 'purchase', '3cae27c5-1bc3-4285-a160-fdd9018ee657', '2026-03-26T15:00:12.162288+00:00');
INSERT INTO public.stock_movements (id, sku_id, product_unit_id, warehouse_id, movement_type, quantity, reference_type, reference_id, created_at) VALUES ('71e9fb56-45db-4477-9469-ef584eb0a988', '624b257b-b152-4efb-8ccc-2b8a244aaf89', NULL, '4346a651-e623-4fc5-81dd-87823053dc94', 'in', 1, 'purchase', 'e9485ba0-7d57-4e24-b07c-dc1b7599f202', '2026-03-26T15:04:27.829435+00:00');
INSERT INTO public.stock_movements (id, sku_id, product_unit_id, warehouse_id, movement_type, quantity, reference_type, reference_id, created_at) VALUES ('84a855cf-d0da-46c9-b1f7-707dfc9f33e6', 'da2bc8a5-cb91-41f6-ac93-2857f723bdca', NULL, '4346a651-e623-4fc5-81dd-87823053dc94', 'in', 2, 'purchase', 'e9485ba0-7d57-4e24-b07c-dc1b7599f202', '2026-03-26T15:04:27.829435+00:00');
INSERT INTO public.stock_movements (id, sku_id, product_unit_id, warehouse_id, movement_type, quantity, reference_type, reference_id, created_at) VALUES ('c532a82d-9037-497e-acd4-0f51f473ad29', 'ad93e5bd-4490-4909-9356-98821abd9688', NULL, '4346a651-e623-4fc5-81dd-87823053dc94', 'in', 1, 'purchase', 'e9485ba0-7d57-4e24-b07c-dc1b7599f202', '2026-03-26T15:04:27.829435+00:00');
INSERT INTO public.stock_movements (id, sku_id, product_unit_id, warehouse_id, movement_type, quantity, reference_type, reference_id, created_at) VALUES ('8d38a350-1148-4036-a9e4-b699d1457933', '756a0b04-22c6-433a-b014-882011b0de82', NULL, '4346a651-e623-4fc5-81dd-87823053dc94', 'in', 1, 'purchase', 'e9485ba0-7d57-4e24-b07c-dc1b7599f202', '2026-03-26T15:04:27.829435+00:00');
INSERT INTO public.stock_movements (id, sku_id, product_unit_id, warehouse_id, movement_type, quantity, reference_type, reference_id, created_at) VALUES ('fa7ae9f3-d370-4905-9fea-e84165be6f5c', '0217a819-29ff-43de-a98d-af787b79adbd', NULL, '4346a651-e623-4fc5-81dd-87823053dc94', 'in', 2, 'purchase', '38389eb2-45b6-4ebd-bc0a-27d06903f51d', '2026-03-26T15:05:52.806002+00:00');
INSERT INTO public.stock_movements (id, sku_id, product_unit_id, warehouse_id, movement_type, quantity, reference_type, reference_id, created_at) VALUES ('32cbe7ec-868e-42a7-86a0-a0ab042e4aeb', '7ad5d79e-cee1-4f1f-a1fe-7f8f3989cf29', NULL, '4346a651-e623-4fc5-81dd-87823053dc94', 'in', 2, 'purchase', '38389eb2-45b6-4ebd-bc0a-27d06903f51d', '2026-03-26T15:05:52.806002+00:00');
INSERT INTO public.stock_movements (id, sku_id, product_unit_id, warehouse_id, movement_type, quantity, reference_type, reference_id, created_at) VALUES ('164c829e-865c-413b-a71a-cb8fd675329d', '764bcbe1-77ca-4724-8acb-3478e8d2d965', NULL, '4346a651-e623-4fc5-81dd-87823053dc94', 'in', 3, 'purchase', 'c9e1a111-8aae-437a-b112-e89f01cab356', '2026-03-26T15:07:22.811577+00:00');
INSERT INTO public.stock_movements (id, sku_id, product_unit_id, warehouse_id, movement_type, quantity, reference_type, reference_id, created_at) VALUES ('f0fa1675-b1f7-4672-a877-6c73850467bb', 'd6d0bd98-c549-4507-bcb9-82f6dc29c1e4', NULL, '4346a651-e623-4fc5-81dd-87823053dc94', 'in', 1, 'purchase', 'c9e1a111-8aae-437a-b112-e89f01cab356', '2026-03-26T15:07:22.811577+00:00');
INSERT INTO public.stock_movements (id, sku_id, product_unit_id, warehouse_id, movement_type, quantity, reference_type, reference_id, created_at) VALUES ('bf41ca05-bdae-4b6f-b3e7-de161376e507', 'acd35fbd-c6da-4af0-9c66-58198e0db241', NULL, '4346a651-e623-4fc5-81dd-87823053dc94', 'in', 6, 'purchase', '1d7d10e0-56e9-485f-b8e3-8bac4a0e035e', '2026-03-31T17:14:34.178995+00:00');
INSERT INTO public.stock_movements (id, sku_id, product_unit_id, warehouse_id, movement_type, quantity, reference_type, reference_id, created_at) VALUES ('82eda598-e7da-493b-8c35-9aaf475942a3', '660cfd6c-9899-491e-a9a8-bb097570d930', NULL, '4346a651-e623-4fc5-81dd-87823053dc94', 'in', 6, 'purchase', '1d7d10e0-56e9-485f-b8e3-8bac4a0e035e', '2026-03-31T17:14:34.178995+00:00');
INSERT INTO public.stock_movements (id, sku_id, product_unit_id, warehouse_id, movement_type, quantity, reference_type, reference_id, created_at) VALUES ('9da621b6-c532-40ef-9d8b-41faa1f2fae3', 'acd35fbd-c6da-4af0-9c66-58198e0db241', NULL, '4346a651-e623-4fc5-81dd-87823053dc94', 'in', 7, 'purchase', 'aab527c7-3b92-4fdc-bf2a-f6f4deb4d00d', '2026-03-31T17:14:58.201702+00:00');
INSERT INTO public.stock_movements (id, sku_id, product_unit_id, warehouse_id, movement_type, quantity, reference_type, reference_id, created_at) VALUES ('ba65237e-b1a3-4f29-9e5e-df106592e69f', '660cfd6c-9899-491e-a9a8-bb097570d930', NULL, '4346a651-e623-4fc5-81dd-87823053dc94', 'in', 10, 'purchase', 'aab527c7-3b92-4fdc-bf2a-f6f4deb4d00d', '2026-03-31T17:14:58.201702+00:00');
INSERT INTO public.stock_movements (id, sku_id, product_unit_id, warehouse_id, movement_type, quantity, reference_type, reference_id, created_at) VALUES ('0c73ca00-b088-48eb-8cda-e9c02dde4a1c', '660cfd6c-9899-491e-a9a8-bb097570d930', NULL, '4346a651-e623-4fc5-81dd-87823053dc94', 'out', 3, 'purchase', '1d7d10e0-56e9-485f-b8e3-8bac4a0e035e', '2026-03-31T17:17:15.364025+00:00');
INSERT INTO public.stock_movements (id, sku_id, product_unit_id, warehouse_id, movement_type, quantity, reference_type, reference_id, created_at) VALUES ('e9e62f10-bf60-4f15-a311-b6991e8a51c7', 'acd35fbd-c6da-4af0-9c66-58198e0db241', NULL, '4346a651-e623-4fc5-81dd-87823053dc94', 'out', 3, 'purchase', '1d7d10e0-56e9-485f-b8e3-8bac4a0e035e', '2026-03-31T17:17:21.632885+00:00');
INSERT INTO public.stock_movements (id, sku_id, product_unit_id, warehouse_id, movement_type, quantity, reference_type, reference_id, created_at) VALUES ('502c195d-58f1-4235-aa49-787871d3c3ba', 'acd35fbd-c6da-4af0-9c66-58198e0db241', NULL, 'ad73083e-460a-4563-a5a1-672a4766c749', 'in', 2, 'purchase', 'df14936a-d26a-4e5f-bfbb-f14ab0a54e6a', '2026-04-02T08:25:18.297522+00:00');
INSERT INTO public.stock_movements (id, sku_id, product_unit_id, warehouse_id, movement_type, quantity, reference_type, reference_id, created_at) VALUES ('da18ae01-ee7b-4d7c-b7cf-244d3c4febff', 'acd35fbd-c6da-4af0-9c66-58198e0db241', NULL, '4346a651-e623-4fc5-81dd-87823053dc94', 'in', 9, 'purchase', 'b319b4fe-0758-42b9-bd85-8df3773dc467', '2026-04-02T08:26:05.144718+00:00');
INSERT INTO public.stock_movements (id, sku_id, product_unit_id, warehouse_id, movement_type, quantity, reference_type, reference_id, created_at) VALUES ('50733be3-676c-4439-9f42-56af0762c259', 'acd35fbd-c6da-4af0-9c66-58198e0db241', NULL, '4346a651-e623-4fc5-81dd-87823053dc94', 'in', 2, 'purchase', 'b319b4fe-0758-42b9-bd85-8df3773dc467', '2026-04-02T08:26:05.144718+00:00');
INSERT INTO public.stock_movements (id, sku_id, product_unit_id, warehouse_id, movement_type, quantity, reference_type, reference_id, created_at) VALUES ('3dd6b99e-f562-40b5-ad35-68f0b61471da', '38150ded-b34d-49b3-a132-133864679b11', NULL, '4346a651-e623-4fc5-81dd-87823053dc94', 'in', 5, 'purchase', '7fd30e2f-9b9c-4bcc-9188-6622e07d5946', '2026-04-02T08:28:39.437186+00:00');
INSERT INTO public.stock_movements (id, sku_id, product_unit_id, warehouse_id, movement_type, quantity, reference_type, reference_id, created_at) VALUES ('5aabda55-d85c-4765-aa19-61279a6e0c31', 'd6d0bd98-c549-4507-bcb9-82f6dc29c1e4', NULL, '4346a651-e623-4fc5-81dd-87823053dc94', 'in', 1, 'purchase', '7fd30e2f-9b9c-4bcc-9188-6622e07d5946', '2026-04-02T08:28:39.437186+00:00');
INSERT INTO public.stock_movements (id, sku_id, product_unit_id, warehouse_id, movement_type, quantity, reference_type, reference_id, created_at) VALUES ('77fcc759-7852-4366-936f-dc7aa7d6a5d3', '6ac84b20-eda9-48f2-94ee-c597adecc7cd', NULL, '4346a651-e623-4fc5-81dd-87823053dc94', 'in', 1, 'purchase', '7fd30e2f-9b9c-4bcc-9188-6622e07d5946', '2026-04-02T08:28:39.437186+00:00');
INSERT INTO public.stock_movements (id, sku_id, product_unit_id, warehouse_id, movement_type, quantity, reference_type, reference_id, created_at) VALUES ('8b909fa4-48b2-41ea-bf44-05e5cfa34d63', 'a9de06c8-bd9a-4163-9d0e-a34391cccd44', NULL, '4346a651-e623-4fc5-81dd-87823053dc94', 'in', 5, 'purchase', 'dac417ae-6b2c-4f1a-81d8-974c97c1cfea', '2026-04-02T12:54:29.149708+00:00');
INSERT INTO public.stock_movements (id, sku_id, product_unit_id, warehouse_id, movement_type, quantity, reference_type, reference_id, created_at) VALUES ('fd80c6f4-8835-423b-b18d-09e12ca6a815', '38150ded-b34d-49b3-a132-133864679b11', NULL, '4346a651-e623-4fc5-81dd-87823053dc94', 'in', 1, 'purchase', '7fd30e2f-9b9c-4bcc-9188-6622e07d5946', '2026-04-02T12:57:24.348502+00:00');

-- TABLE: purchase_documents
-- Columns: id, supplier_id, store_id, warehouse_id, document_type, status, notes, created_by, created_at, updated_at, attachment_urls, purchase_date
-- 76 row(s)

INSERT INTO public.purchase_documents (id, supplier_id, store_id, warehouse_id, document_type, status, notes, created_by, created_at, updated_at, attachment_urls, purchase_date) VALUES ('8092aa77-09e4-4907-aec7-c30de265e264', '60b997f0-e605-413f-9c9f-f6418bd35834', 'ef4934b4-db06-4def-98e4-3a63110c2b4e', 'ad73083e-460a-4563-a5a1-672a4766c749', 'invoice', 'registered', 'OPERAZIONE HONOR 8 LITE', 'ae1909fa-447b-4fcc-a264-3b9209c77dc5', '2026-02-24T16:20:05.28055+00:00', '2026-02-24T16:54:07.309077+00:00', '[]', '2026-02-28T15:06:44.971785+00:00');
INSERT INTO public.purchase_documents (id, supplier_id, store_id, warehouse_id, document_type, status, notes, created_by, created_at, updated_at, attachment_urls, purchase_date) VALUES ('21e0b8fa-4b64-4a76-a524-6e9bb885552e', '60b997f0-e605-413f-9c9f-f6418bd35834', 'ef4934b4-db06-4def-98e4-3a63110c2b4e', 'ad73083e-460a-4563-a5a1-672a4766c749', 'invoice', 'registered', 'Pack Smartphone Gennaio 2026 Vivo Capitan D+ (V50)', 'ae1909fa-447b-4fcc-a264-3b9209c77dc5', '2026-02-24T16:57:57.819421+00:00', '2026-02-24T16:57:57.819421+00:00', '[]', '2026-02-28T15:06:44.971785+00:00');
INSERT INTO public.purchase_documents (id, supplier_id, store_id, warehouse_id, document_type, status, notes, created_by, created_at, updated_at, attachment_urls, purchase_date) VALUES ('c5ebd06e-9ffc-41ef-b4d4-daae6abbf2c8', '60b997f0-e605-413f-9c9f-f6418bd35834', 'ef4934b4-db06-4def-98e4-3a63110c2b4e', 'ad73083e-460a-4563-a5a1-672a4766c749', 'invoice', 'registered', 'Pack Smartphone Febbraio 2026 Mono', 'ae1909fa-447b-4fcc-a264-3b9209c77dc5', '2026-02-24T17:31:56.661503+00:00', '2026-02-24T17:31:56.661503+00:00', '[]', '2026-02-28T15:06:44.971785+00:00');
INSERT INTO public.purchase_documents (id, supplier_id, store_id, warehouse_id, document_type, status, notes, created_by, created_at, updated_at, attachment_urls, purchase_date) VALUES ('04dbc51a-80df-4977-b337-90a5645a811b', '60b997f0-e605-413f-9c9f-f6418bd35834', 'ef4934b4-db06-4def-98e4-3a63110c2b4e', 'ad73083e-460a-4563-a5a1-672a4766c749', 'invoice', 'registered', 'iPhone 17', 'ae1909fa-447b-4fcc-a264-3b9209c77dc5', '2026-02-24T17:44:13.08883+00:00', '2026-02-24T17:44:13.08883+00:00', '[]', '2026-02-28T15:06:44.971785+00:00');
INSERT INTO public.purchase_documents (id, supplier_id, store_id, warehouse_id, document_type, status, notes, created_by, created_at, updated_at, attachment_urls, purchase_date) VALUES ('eb26272c-1456-43d4-a62c-fcafaa4631a9', '60b997f0-e605-413f-9c9f-f6418bd35834', 'ef4934b4-db06-4def-98e4-3a63110c2b4e', 'ad73083e-460a-4563-a5a1-672a4766c749', 'invoice', 'registered', 'Pack Smartphone Gennaio 2026 Xiaomi Vip Club', 'ae1909fa-447b-4fcc-a264-3b9209c77dc5', '2026-02-24T16:34:11.594209+00:00', '2026-02-24T16:46:08.570508+00:00', '[]', '2026-02-28T15:06:44.971785+00:00');
INSERT INTO public.purchase_documents (id, supplier_id, store_id, warehouse_id, document_type, status, notes, created_by, created_at, updated_at, attachment_urls, purchase_date) VALUES ('954af965-84e4-4abd-b8d4-d7e0990805a2', '60b997f0-e605-413f-9c9f-f6418bd35834', 'ef4934b4-db06-4def-98e4-3a63110c2b4e', 'ad73083e-460a-4563-a5a1-672a4766c749', 'invoice', 'registered', 'Pack Smartphone Gennaio 2026 Mono', 'ae1909fa-447b-4fcc-a264-3b9209c77dc5', '2026-02-24T16:08:19.865808+00:00', '2026-02-24T16:46:35.601072+00:00', '[]', '2026-02-28T15:06:44.971785+00:00');
INSERT INTO public.purchase_documents (id, supplier_id, store_id, warehouse_id, document_type, status, notes, created_by, created_at, updated_at, attachment_urls, purchase_date) VALUES ('3d562568-5fe0-4ffc-b944-9b31820e160a', '60b997f0-e605-413f-9c9f-f6418bd35834', '6261582a-d13f-4ac6-bad5-b19b57a02bfc', 'f33dcf9e-12be-40b5-8c5a-845251248fba', 'invoice', 'registered', 'Ordine sciolto Honor 8 PRO', 'ae1909fa-447b-4fcc-a264-3b9209c77dc5', '2026-02-26T17:30:40.43185+00:00', '2026-02-26T17:30:40.43185+00:00', '[]', '2026-02-28T15:06:44.971785+00:00');
INSERT INTO public.purchase_documents (id, supplier_id, store_id, warehouse_id, document_type, status, notes, created_by, created_at, updated_at, attachment_urls, purchase_date) VALUES ('c330e3b5-d5be-4e12-80e6-8ad3fba8cd10', '60b997f0-e605-413f-9c9f-f6418bd35834', 'ef4934b4-db06-4def-98e4-3a63110c2b4e', 'ad73083e-460a-4563-a5a1-672a4766c749', 'invoice', 'registered', 'Pack Smartphone Gennaio 2026 Honor Capitan D+', 'ae1909fa-447b-4fcc-a264-3b9209c77dc5', '2026-02-24T18:51:07.221224+00:00', '2026-02-24T18:51:07.221224+00:00', '[]', '2026-02-28T15:06:44.971785+00:00');
INSERT INTO public.purchase_documents (id, supplier_id, store_id, warehouse_id, document_type, status, notes, created_by, created_at, updated_at, attachment_urls, purchase_date) VALUES ('71a87dc7-c25f-4c93-999a-862b6f02a085', '60b997f0-e605-413f-9c9f-f6418bd35834', 'ef4934b4-db06-4def-98e4-3a63110c2b4e', 'ad73083e-460a-4563-a5a1-672a4766c749', 'invoice', 'registered', 'Pack Smartphone Gennaio 2026 Vivo Capitan D+ (X300)', 'ae1909fa-447b-4fcc-a264-3b9209c77dc5', '2026-02-24T18:53:42.481198+00:00', '2026-02-24T18:53:42.481198+00:00', '[]', '2026-02-28T15:06:44.971785+00:00');
INSERT INTO public.purchase_documents (id, supplier_id, store_id, warehouse_id, document_type, status, notes, created_by, created_at, updated_at, attachment_urls, purchase_date) VALUES ('f0d48757-a69f-4e15-a900-5305ca702d1c', '60b997f0-e605-413f-9c9f-f6418bd35834', 'ef4934b4-db06-4def-98e4-3a63110c2b4e', 'ad73083e-460a-4563-a5a1-672a4766c749', 'invoice', 'registered', NULL, 'ae1909fa-447b-4fcc-a264-3b9209c77dc5', '2026-02-25T11:02:07.976138+00:00', '2026-02-25T11:02:07.976138+00:00', '[]', '2026-02-28T15:06:44.971785+00:00');
INSERT INTO public.purchase_documents (id, supplier_id, store_id, warehouse_id, document_type, status, notes, created_by, created_at, updated_at, attachment_urls, purchase_date) VALUES ('c797591a-b66d-456d-ba8b-1bd1c5170739', '60b997f0-e605-413f-9c9f-f6418bd35834', 'ef4934b4-db06-4def-98e4-3a63110c2b4e', 'ad73083e-460a-4563-a5a1-672a4766c749', 'invoice', 'registered', 'Ordine sciolto XIAOMI', 'ae1909fa-447b-4fcc-a264-3b9209c77dc5', '2026-02-25T11:10:38.523292+00:00', '2026-02-25T11:12:10.538002+00:00', '[]', '2026-02-28T15:06:44.971785+00:00');
INSERT INTO public.purchase_documents (id, supplier_id, store_id, warehouse_id, document_type, status, notes, created_by, created_at, updated_at, attachment_urls, purchase_date) VALUES ('c56106c7-d2ba-425b-b2f9-87bd7d80f465', '60b997f0-e605-413f-9c9f-f6418bd35834', 'ef4934b4-db06-4def-98e4-3a63110c2b4e', 'ad73083e-460a-4563-a5a1-672a4766c749', 'invoice', 'registered', 'MOTOROLA G35', 'ae1909fa-447b-4fcc-a264-3b9209c77dc5', '2026-02-25T11:03:13.564153+00:00', '2026-02-25T11:24:55.572119+00:00', '[]', '2026-02-28T15:06:44.971785+00:00');
INSERT INTO public.purchase_documents (id, supplier_id, store_id, warehouse_id, document_type, status, notes, created_by, created_at, updated_at, attachment_urls, purchase_date) VALUES ('db2e9651-9632-4240-b3e3-cdf55554720a', '60b997f0-e605-413f-9c9f-f6418bd35834', '6261582a-d13f-4ac6-bad5-b19b57a02bfc', 'f33dcf9e-12be-40b5-8c5a-845251248fba', 'invoice', 'registered', 'Ordine Sciolto Moto G35', 'ae1909fa-447b-4fcc-a264-3b9209c77dc5', '2026-02-26T17:33:19.763341+00:00', '2026-02-26T17:33:19.763341+00:00', '[]', '2026-02-28T15:06:44.971785+00:00');
INSERT INTO public.purchase_documents (id, supplier_id, store_id, warehouse_id, document_type, status, notes, created_by, created_at, updated_at, attachment_urls, purchase_date) VALUES ('ae529527-fce1-4cd6-8566-0b23734c742e', '60b997f0-e605-413f-9c9f-f6418bd35834', '6261582a-d13f-4ac6-bad5-b19b57a02bfc', 'f33dcf9e-12be-40b5-8c5a-845251248fba', 'invoice', 'registered', 'Ordine Sciolto Samsung Galaxy ', 'ae1909fa-447b-4fcc-a264-3b9209c77dc5', '2026-02-26T17:43:14.963193+00:00', '2026-02-26T17:43:14.963193+00:00', '[]', '2026-02-28T15:06:44.971785+00:00');
INSERT INTO public.purchase_documents (id, supplier_id, store_id, warehouse_id, document_type, status, notes, created_by, created_at, updated_at, attachment_urls, purchase_date) VALUES ('cff2d0d9-04d4-47cb-b20c-f447aa467115', '60b997f0-e605-413f-9c9f-f6418bd35834', '6261582a-d13f-4ac6-bad5-b19b57a02bfc', 'f33dcf9e-12be-40b5-8c5a-845251248fba', 'invoice', 'registered', 'Ordine Sciolto V60 Lite ', 'ae1909fa-447b-4fcc-a264-3b9209c77dc5', '2026-02-26T17:44:32.309635+00:00', '2026-02-26T17:44:32.309635+00:00', '[]', '2026-02-28T15:06:44.971785+00:00');
INSERT INTO public.purchase_documents (id, supplier_id, store_id, warehouse_id, document_type, status, notes, created_by, created_at, updated_at, attachment_urls, purchase_date) VALUES ('58b63c16-f765-490f-b335-b0893ecb22d9', '60b997f0-e605-413f-9c9f-f6418bd35834', '6261582a-d13f-4ac6-bad5-b19b57a02bfc', 'f33dcf9e-12be-40b5-8c5a-845251248fba', 'invoice', 'registered', 'Smartphone a Zero', 'ae1909fa-447b-4fcc-a264-3b9209c77dc5', '2026-02-26T17:46:07.465503+00:00', '2026-02-26T17:46:07.465503+00:00', '[]', '2026-02-28T15:06:44.971785+00:00');
INSERT INTO public.purchase_documents (id, supplier_id, store_id, warehouse_id, document_type, status, notes, created_by, created_at, updated_at, attachment_urls, purchase_date) VALUES ('bab24cde-de58-423e-90ce-92461e1df82f', '60b997f0-e605-413f-9c9f-f6418bd35834', 'ef4934b4-db06-4def-98e4-3a63110c2b4e', 'ad73083e-460a-4563-a5a1-672a4766c749', 'invoice', 'registered', 'ordine sciolto samsung', 'ae1909fa-447b-4fcc-a264-3b9209c77dc5', '2026-02-25T11:07:23.648806+00:00', '2026-02-26T14:47:18.866592+00:00', '[]', '2026-02-28T15:06:44.971785+00:00');
INSERT INTO public.purchase_documents (id, supplier_id, store_id, warehouse_id, document_type, status, notes, created_by, created_at, updated_at, attachment_urls, purchase_date) VALUES ('3075b875-5412-4805-9331-5f411d0c6bc8', '60b997f0-e605-413f-9c9f-f6418bd35834', 'ef4934b4-db06-4def-98e4-3a63110c2b4e', 'ad73083e-460a-4563-a5a1-672a4766c749', 'invoice', 'registered', 'Pack Lancio Gennaio ', 'ae1909fa-447b-4fcc-a264-3b9209c77dc5', '2026-02-26T15:14:18.07819+00:00', '2026-02-26T15:14:18.07819+00:00', '[]', '2026-02-28T15:06:44.971785+00:00');
INSERT INTO public.purchase_documents (id, supplier_id, store_id, warehouse_id, document_type, status, notes, created_by, created_at, updated_at, attachment_urls, purchase_date) VALUES ('208dda5d-f07d-4148-a433-cde955b541ce', '60b997f0-e605-413f-9c9f-f6418bd35834', 'ef4934b4-db06-4def-98e4-3a63110c2b4e', 'ad73083e-460a-4563-a5a1-672a4766c749', 'invoice', 'registered', 'Pack Lancio Febbraio', 'ae1909fa-447b-4fcc-a264-3b9209c77dc5', '2026-02-26T15:15:30.914908+00:00', '2026-02-27T08:56:15.077995+00:00', '[]', '2026-02-28T15:06:44.971785+00:00');
INSERT INTO public.purchase_documents (id, supplier_id, store_id, warehouse_id, document_type, status, notes, created_by, created_at, updated_at, attachment_urls, purchase_date) VALUES ('83304891-110f-46a8-bbbf-34b704172f80', '60b997f0-e605-413f-9c9f-f6418bd35834', '6261582a-d13f-4ac6-bad5-b19b57a02bfc', 'f33dcf9e-12be-40b5-8c5a-845251248fba', 'invoice', 'registered', '6 Pack Febbraio 2026 Mono', 'ae1909fa-447b-4fcc-a264-3b9209c77dc5', '2026-02-26T16:43:35.658261+00:00', '2026-02-26T16:43:35.658261+00:00', '[]', '2026-02-28T15:06:44.971785+00:00');
INSERT INTO public.purchase_documents (id, supplier_id, store_id, warehouse_id, document_type, status, notes, created_by, created_at, updated_at, attachment_urls, purchase_date) VALUES ('fc08703f-cbf9-4f96-86fe-8c1c56c03812', '60b997f0-e605-413f-9c9f-f6418bd35834', '6261582a-d13f-4ac6-bad5-b19b57a02bfc', 'f33dcf9e-12be-40b5-8c5a-845251248fba', 'invoice', 'registered', 'Pack Febbraio Mono 2026', 'ae1909fa-447b-4fcc-a264-3b9209c77dc5', '2026-02-26T16:55:04.85423+00:00', '2026-02-26T16:55:04.85423+00:00', '[]', '2026-02-28T15:06:44.971785+00:00');
INSERT INTO public.purchase_documents (id, supplier_id, store_id, warehouse_id, document_type, status, notes, created_by, created_at, updated_at, attachment_urls, purchase_date) VALUES ('2dc92fe1-06f5-4a07-a21f-3fa66b3500ca', '60b997f0-e605-413f-9c9f-f6418bd35834', '6261582a-d13f-4ac6-bad5-b19b57a02bfc', 'f33dcf9e-12be-40b5-8c5a-845251248fba', 'invoice', 'registered', 'Pack Honor Capitan D+ (Gennaio)', 'ae1909fa-447b-4fcc-a264-3b9209c77dc5', '2026-02-26T16:58:49.422866+00:00', '2026-02-26T16:58:49.422866+00:00', '[]', '2026-02-28T15:06:44.971785+00:00');
INSERT INTO public.purchase_documents (id, supplier_id, store_id, warehouse_id, document_type, status, notes, created_by, created_at, updated_at, attachment_urls, purchase_date) VALUES ('9880d0e9-ab7c-42e9-8021-a1f89503bcce', '60b997f0-e605-413f-9c9f-f6418bd35834', '6261582a-d13f-4ac6-bad5-b19b57a02bfc', 'f33dcf9e-12be-40b5-8c5a-845251248fba', 'invoice', 'registered', 'Pack Vivo Capitan D+ Gennaio 2026', 'ae1909fa-447b-4fcc-a264-3b9209c77dc5', '2026-02-26T17:01:34.297472+00:00', '2026-02-26T17:01:34.297472+00:00', '[]', '2026-02-28T15:06:44.971785+00:00');
INSERT INTO public.purchase_documents (id, supplier_id, store_id, warehouse_id, document_type, status, notes, created_by, created_at, updated_at, attachment_urls, purchase_date) VALUES ('97e77e12-312b-41d5-a865-9f676ccc4982', '60b997f0-e605-413f-9c9f-f6418bd35834', '6261582a-d13f-4ac6-bad5-b19b57a02bfc', 'f33dcf9e-12be-40b5-8c5a-845251248fba', 'invoice', 'registered', 'Pack Vivo Capitan D+ (Gennaio 2026 X300)', 'ae1909fa-447b-4fcc-a264-3b9209c77dc5', '2026-02-26T17:05:05.371502+00:00', '2026-02-26T17:05:05.371502+00:00', '[]', '2026-02-28T15:06:44.971785+00:00');
INSERT INTO public.purchase_documents (id, supplier_id, store_id, warehouse_id, document_type, status, notes, created_by, created_at, updated_at, attachment_urls, purchase_date) VALUES ('4768fdf2-659e-43df-b385-1ee2ee85a2f4', '60b997f0-e605-413f-9c9f-f6418bd35834', '6261582a-d13f-4ac6-bad5-b19b57a02bfc', 'f33dcf9e-12be-40b5-8c5a-845251248fba', 'invoice', 'registered', 'Vip Club XIAOMI - Gennaio 2026', 'ae1909fa-447b-4fcc-a264-3b9209c77dc5', '2026-02-26T17:11:38.680429+00:00', '2026-02-26T17:11:38.680429+00:00', '[]', '2026-02-28T15:06:44.971785+00:00');
INSERT INTO public.purchase_documents (id, supplier_id, store_id, warehouse_id, document_type, status, notes, created_by, created_at, updated_at, attachment_urls, purchase_date) VALUES ('098da4cf-f2fc-45d8-8335-588bf4c99884', '60b997f0-e605-413f-9c9f-f6418bd35834', '6261582a-d13f-4ac6-bad5-b19b57a02bfc', 'f33dcf9e-12be-40b5-8c5a-845251248fba', 'invoice', 'registered', 'Vip Club XIAOMI (Febbraio 2026)', 'ae1909fa-447b-4fcc-a264-3b9209c77dc5', '2026-02-26T17:13:43.128501+00:00', '2026-02-26T17:13:43.128501+00:00', '[]', '2026-02-28T15:06:44.971785+00:00');
INSERT INTO public.purchase_documents (id, supplier_id, store_id, warehouse_id, document_type, status, notes, created_by, created_at, updated_at, attachment_urls, purchase_date) VALUES ('6f3b0455-5e6d-4562-a219-5bfe7a9d2dc6', '60b997f0-e605-413f-9c9f-f6418bd35834', '6261582a-d13f-4ac6-bad5-b19b57a02bfc', 'f33dcf9e-12be-40b5-8c5a-845251248fba', 'invoice', 'registered', 'Pack ZTE Vip Club (10 pack)', 'ae1909fa-447b-4fcc-a264-3b9209c77dc5', '2026-02-26T17:23:30.379486+00:00', '2026-02-26T17:23:30.379486+00:00', '[]', '2026-02-28T15:06:44.971785+00:00');
INSERT INTO public.purchase_documents (id, supplier_id, store_id, warehouse_id, document_type, status, notes, created_by, created_at, updated_at, attachment_urls, purchase_date) VALUES ('de541b56-7d48-4849-b684-1fbcd9ce1653', '60b997f0-e605-413f-9c9f-f6418bd35834', '6261582a-d13f-4ac6-bad5-b19b57a02bfc', 'f33dcf9e-12be-40b5-8c5a-845251248fba', 'invoice', 'registered', 'Ordini sciolti HONOR MAGIC 8 LITE', 'ae1909fa-447b-4fcc-a264-3b9209c77dc5', '2026-02-26T17:28:58.052634+00:00', '2026-02-26T17:28:58.052634+00:00', '[]', '2026-02-28T15:06:44.971785+00:00');
INSERT INTO public.purchase_documents (id, supplier_id, store_id, warehouse_id, document_type, status, notes, created_by, created_at, updated_at, attachment_urls, purchase_date) VALUES ('9f18ef37-6f5a-41ea-9d59-846a2748f175', '60b997f0-e605-413f-9c9f-f6418bd35834', '6261582a-d13f-4ac6-bad5-b19b57a02bfc', 'f33dcf9e-12be-40b5-8c5a-845251248fba', 'invoice', 'registered', 'Ordine Sciolto Xiaomi ', 'ae1909fa-447b-4fcc-a264-3b9209c77dc5', '2026-02-26T17:54:30.780248+00:00', '2026-02-26T17:54:30.780248+00:00', '[]', '2026-02-28T15:06:44.971785+00:00');
INSERT INTO public.purchase_documents (id, supplier_id, store_id, warehouse_id, document_type, status, notes, created_by, created_at, updated_at, attachment_urls, purchase_date) VALUES ('1fbeb8aa-47ef-4134-b6cd-be2eb9018541', '60b997f0-e605-413f-9c9f-f6418bd35834', '6261582a-d13f-4ac6-bad5-b19b57a02bfc', 'f33dcf9e-12be-40b5-8c5a-845251248fba', 'invoice', 'registered', 'Ordini iPhone', 'ae1909fa-447b-4fcc-a264-3b9209c77dc5', '2026-02-26T18:02:03.043701+00:00', '2026-02-26T18:02:03.043701+00:00', '[]', '2026-02-28T15:06:44.971785+00:00');
INSERT INTO public.purchase_documents (id, supplier_id, store_id, warehouse_id, document_type, status, notes, created_by, created_at, updated_at, attachment_urls, purchase_date) VALUES ('41a1b53e-19ed-4cdc-b278-15eb5f310c9c', '60b997f0-e605-413f-9c9f-f6418bd35834', '6261582a-d13f-4ac6-bad5-b19b57a02bfc', 'f33dcf9e-12be-40b5-8c5a-845251248fba', 'invoice', 'registered', 'Ordine iPhone', 'ae1909fa-447b-4fcc-a264-3b9209c77dc5', '2026-02-26T18:18:30.126806+00:00', '2026-02-26T18:18:30.126806+00:00', '[]', '2026-02-28T15:06:44.971785+00:00');
INSERT INTO public.purchase_documents (id, supplier_id, store_id, warehouse_id, document_type, status, notes, created_by, created_at, updated_at, attachment_urls, purchase_date) VALUES ('237e57dd-0732-4e78-8080-76b987b77699', '60b997f0-e605-413f-9c9f-f6418bd35834', 'b9c2a011-0a7e-4f96-8b1a-7419c62c8aa0', 'bdc77d3b-6f92-403b-9d0a-4bd7071a3a84', 'invoice', 'registered', 'Pack Lancio Gennaio', 'ae1909fa-447b-4fcc-a264-3b9209c77dc5', '2026-02-26T18:44:41.707573+00:00', '2026-02-26T18:44:41.707573+00:00', '[]', '2026-02-28T15:06:44.971785+00:00');
INSERT INTO public.purchase_documents (id, supplier_id, store_id, warehouse_id, document_type, status, notes, created_by, created_at, updated_at, attachment_urls, purchase_date) VALUES ('f37f707e-4713-4741-90dc-9b6550cbd045', '60b997f0-e605-413f-9c9f-f6418bd35834', 'b9c2a011-0a7e-4f96-8b1a-7419c62c8aa0', 'bdc77d3b-6f92-403b-9d0a-4bd7071a3a84', 'invoice', 'registered', 'Pack Lancio Febbraio', 'ae1909fa-447b-4fcc-a264-3b9209c77dc5', '2026-02-26T18:46:36.359144+00:00', '2026-02-26T18:46:36.359144+00:00', '[]', '2026-02-28T15:06:44.971785+00:00');
INSERT INTO public.purchase_documents (id, supplier_id, store_id, warehouse_id, document_type, status, notes, created_by, created_at, updated_at, attachment_urls, purchase_date) VALUES ('08219246-e644-4cc6-875e-2cf63df3ee83', '60b997f0-e605-413f-9c9f-f6418bd35834', 'b9c2a011-0a7e-4f96-8b1a-7419c62c8aa0', 'bdc77d3b-6f92-403b-9d0a-4bd7071a3a84', 'invoice', 'registered', 'Pack Samsung S26', 'ae1909fa-447b-4fcc-a264-3b9209c77dc5', '2026-02-26T18:50:26.672089+00:00', '2026-02-26T18:50:26.672089+00:00', '[]', '2026-02-28T15:06:44.971785+00:00');
INSERT INTO public.purchase_documents (id, supplier_id, store_id, warehouse_id, document_type, status, notes, created_by, created_at, updated_at, attachment_urls, purchase_date) VALUES ('8fe94c2e-4084-493e-befc-a6ccd768b031', '60b997f0-e605-413f-9c9f-f6418bd35834', 'ef4934b4-db06-4def-98e4-3a63110c2b4e', 'ad73083e-460a-4563-a5a1-672a4766c749', 'invoice', 'registered', 'Pack Smartphone Febbraio 2026 Zte Vip Club', 'ae1909fa-447b-4fcc-a264-3b9209c77dc5', '2026-02-23T17:42:10.215142+00:00', '2026-02-27T08:55:44.692576+00:00', '[]', '2026-02-28T15:06:44.971785+00:00');
INSERT INTO public.purchase_documents (id, supplier_id, store_id, warehouse_id, document_type, status, notes, created_by, created_at, updated_at, attachment_urls, purchase_date) VALUES ('a377d713-7244-4ba8-9f3d-d2fe537b828d', '60b997f0-e605-413f-9c9f-f6418bd35834', '6261582a-d13f-4ac6-bad5-b19b57a02bfc', 'f33dcf9e-12be-40b5-8c5a-845251248fba', 'invoice', 'registered', 'ordine chiusura sell-in', 'ae1909fa-447b-4fcc-a264-3b9209c77dc5', '2026-03-02T13:39:54.130822+00:00', '2026-03-02T13:39:54.130822+00:00', '[]', '2026-03-02T13:39:54.130822+00:00');
INSERT INTO public.purchase_documents (id, supplier_id, store_id, warehouse_id, document_type, status, notes, created_by, created_at, updated_at, attachment_urls, purchase_date) VALUES ('33d7f992-13aa-415c-959e-e142f75fb76b', '60b997f0-e605-413f-9c9f-f6418bd35834', 'a0bc1be0-f615-4334-99fa-612b812babe9', 'bedcc8f7-6b87-4740-bebf-416dd5f25361', 'ddt', 'draft', 'IPHONE 1T', 'ae1909fa-447b-4fcc-a264-3b9209c77dc5', '2026-02-26T18:37:15.911569+00:00', '2026-03-04T09:40:07.745607+00:00', '[]', '2026-02-28T15:06:44.971785+00:00');
INSERT INTO public.purchase_documents (id, supplier_id, store_id, warehouse_id, document_type, status, notes, created_by, created_at, updated_at, attachment_urls, purchase_date) VALUES ('e64a2ed0-f242-4cab-9386-179c7a3aee59', '60b997f0-e605-413f-9c9f-f6418bd35834', 'a0bc1be0-f615-4334-99fa-612b812babe9', 'bedcc8f7-6b87-4740-bebf-416dd5f25361', 'invoice', 'completed', 'Ordine Iphone', 'ae1909fa-447b-4fcc-a264-3b9209c77dc5', '2026-02-26T18:32:40.7807+00:00', '2026-03-06T09:45:10.843745+00:00', '[]', '2026-02-28T15:06:44.971785+00:00');
INSERT INTO public.purchase_documents (id, supplier_id, store_id, warehouse_id, document_type, status, notes, created_by, created_at, updated_at, attachment_urls, purchase_date) VALUES ('9533f733-9bef-49a5-b1d7-6bbcb763b071', '60b997f0-e605-413f-9c9f-f6418bd35834', 'b9c2a011-0a7e-4f96-8b1a-7419c62c8aa0', 'bdc77d3b-6f92-403b-9d0a-4bd7071a3a84', 'invoice', 'completed', 'Pack Lancio S26', 'ae1909fa-447b-4fcc-a264-3b9209c77dc5', '2026-02-26T18:53:13.422254+00:00', '2026-03-06T09:43:44.325606+00:00', '[]', '2026-02-28T15:06:44.971785+00:00');
INSERT INTO public.purchase_documents (id, supplier_id, store_id, warehouse_id, document_type, status, notes, created_by, created_at, updated_at, attachment_urls, purchase_date) VALUES ('670b100b-7a15-4543-a856-c7655baa5d53', '60b997f0-e605-413f-9c9f-f6418bd35834', 'b9c2a011-0a7e-4f96-8b1a-7419c62c8aa0', 'bdc77d3b-6f92-403b-9d0a-4bd7071a3a84', 'invoice', 'completed', 'Pack Lancio S26 ', 'ae1909fa-447b-4fcc-a264-3b9209c77dc5', '2026-02-26T18:51:47.530264+00:00', '2026-03-06T09:43:57.586408+00:00', '[]', '2026-02-28T15:06:44.971785+00:00');
INSERT INTO public.purchase_documents (id, supplier_id, store_id, warehouse_id, document_type, status, notes, created_by, created_at, updated_at, attachment_urls, purchase_date) VALUES ('b68961ae-ebce-4675-91e9-fa89e44cc734', '60b997f0-e605-413f-9c9f-f6418bd35834', 'a0bc1be0-f615-4334-99fa-612b812babe9', 'bedcc8f7-6b87-4740-bebf-416dd5f25361', 'invoice', 'completed', 'Moto g35 2', 'ae1909fa-447b-4fcc-a264-3b9209c77dc5', '2026-02-26T18:36:05.993516+00:00', '2026-03-06T09:44:17.166742+00:00', '[]', '2026-02-28T15:06:44.971785+00:00');
INSERT INTO public.purchase_documents (id, supplier_id, store_id, warehouse_id, document_type, status, notes, created_by, created_at, updated_at, attachment_urls, purchase_date) VALUES ('cc2caa63-aa41-4911-a5ef-d739b04efb67', '60b997f0-e605-413f-9c9f-f6418bd35834', 'a0bc1be0-f615-4334-99fa-612b812babe9', 'bedcc8f7-6b87-4740-bebf-416dd5f25361', 'invoice', 'completed', 'MOTO G35', 'ae1909fa-447b-4fcc-a264-3b9209c77dc5', '2026-02-26T18:35:03.41137+00:00', '2026-03-06T09:45:30.599699+00:00', '[]', '2026-02-28T15:06:44.971785+00:00');
INSERT INTO public.purchase_documents (id, supplier_id, store_id, warehouse_id, document_type, status, notes, created_by, created_at, updated_at, attachment_urls, purchase_date) VALUES ('e34b8e48-16f4-4a93-affd-7de6f2bab605', '60b997f0-e605-413f-9c9f-f6418bd35834', 'ef4934b4-db06-4def-98e4-3a63110c2b4e', 'ad73083e-460a-4563-a5a1-672a4766c749', 'invoice', 'completed', 'Pack Lancio Samsung S26', 'ae1909fa-447b-4fcc-a264-3b9209c77dc5', '2026-02-26T15:17:31.09822+00:00', '2026-03-06T09:45:48.050074+00:00', '[]', '2026-02-28T15:06:44.971785+00:00');
INSERT INTO public.purchase_documents (id, supplier_id, store_id, warehouse_id, document_type, status, notes, created_by, created_at, updated_at, attachment_urls, purchase_date) VALUES ('ff1052f1-9932-4868-b96e-eb241d0e75d6', '60b997f0-e605-413f-9c9f-f6418bd35834', '6261582a-d13f-4ac6-bad5-b19b57a02bfc', 'f33dcf9e-12be-40b5-8c5a-845251248fba', 'invoice', 'registered', 'ordine chiusura sell-in', 'ae1909fa-447b-4fcc-a264-3b9209c77dc5', '2026-03-02T13:41:14.421936+00:00', '2026-03-02T13:41:14.421936+00:00', '[]', '2026-03-02T13:41:14.421936+00:00');
INSERT INTO public.purchase_documents (id, supplier_id, store_id, warehouse_id, document_type, status, notes, created_by, created_at, updated_at, attachment_urls, purchase_date) VALUES ('3bdb4939-9c61-43de-9bab-723adbff4085', '60b997f0-e605-413f-9c9f-f6418bd35834', '6261582a-d13f-4ac6-bad5-b19b57a02bfc', 'f33dcf9e-12be-40b5-8c5a-845251248fba', 'invoice', 'registered', 'ordine chiusura sell-in', 'ae1909fa-447b-4fcc-a264-3b9209c77dc5', '2026-03-02T13:42:31.522257+00:00', '2026-03-02T13:42:31.522257+00:00', '[]', '2026-03-02T13:42:31.522257+00:00');
INSERT INTO public.purchase_documents (id, supplier_id, store_id, warehouse_id, document_type, status, notes, created_by, created_at, updated_at, attachment_urls, purchase_date) VALUES ('a9a2b899-cdab-4084-ad9c-9f2e5d9a2fd6', '60b997f0-e605-413f-9c9f-f6418bd35834', 'a0bc1be0-f615-4334-99fa-612b812babe9', 'bedcc8f7-6b87-4740-bebf-416dd5f25361', 'invoice', 'completed', 'Pack VIP Club ZTE - Prenestina ', 'ae1909fa-447b-4fcc-a264-3b9209c77dc5', '2026-02-26T17:25:57.021542+00:00', '2026-03-04T09:38:50.40785+00:00', '[]', '2026-02-28T15:06:44.971785+00:00');
INSERT INTO public.purchase_documents (id, supplier_id, store_id, warehouse_id, document_type, status, notes, created_by, created_at, updated_at, attachment_urls, purchase_date) VALUES ('02beac60-85d6-481e-bf2a-c6e4312f0004', '60b997f0-e605-413f-9c9f-f6418bd35834', 'a0bc1be0-f615-4334-99fa-612b812babe9', 'bedcc8f7-6b87-4740-bebf-416dd5f25361', 'invoice', 'completed', 'SAMSUNG S26 Sampaolo ', 'ae1909fa-447b-4fcc-a264-3b9209c77dc5', '2026-02-26T18:40:48.729065+00:00', '2026-03-06T09:44:58.951339+00:00', '[]', '2026-02-28T15:06:44.971785+00:00');
INSERT INTO public.purchase_documents (id, supplier_id, store_id, warehouse_id, document_type, status, notes, created_by, created_at, updated_at, attachment_urls, purchase_date) VALUES ('83c30331-ecdb-4c2e-acf6-f1ee5a991e33', '60b997f0-e605-413f-9c9f-f6418bd35834', 'b8260136-88a7-4bb5-bdcf-395575f4a692', '4346a651-e623-4fc5-81dd-87823053dc94', 'invoice', 'registered', NULL, 'ae1909fa-447b-4fcc-a264-3b9209c77dc5', '2026-03-06T10:01:59.984908+00:00', '2026-03-06T10:22:25.833494+00:00', '[]', '2026-03-06T10:01:59.984908+00:00');
INSERT INTO public.purchase_documents (id, supplier_id, store_id, warehouse_id, document_type, status, notes, created_by, created_at, updated_at, attachment_urls, purchase_date) VALUES ('75a76efa-b2b8-41c1-968b-98469288c83a', '60b997f0-e605-413f-9c9f-f6418bd35834', 'ef4934b4-db06-4def-98e4-3a63110c2b4e', 'ad73083e-460a-4563-a5a1-672a4766c749', 'invoice', 'registered', 'ordine chiusura sell-in', 'ae1909fa-447b-4fcc-a264-3b9209c77dc5', '2026-03-02T13:43:55.664938+00:00', '2026-03-14T11:18:51.051502+00:00', '[]', '2026-03-02T13:43:55.664938+00:00');
INSERT INTO public.purchase_documents (id, supplier_id, store_id, warehouse_id, document_type, status, notes, created_by, created_at, updated_at, attachment_urls, purchase_date) VALUES ('ff32e497-4361-4083-a44f-f4f30fe70e4b', '60b997f0-e605-413f-9c9f-f6418bd35834', 'b8260136-88a7-4bb5-bdcf-395575f4a692', '4346a651-e623-4fc5-81dd-87823053dc94', 'invoice', 'registered', 'Pack Smartphone Marzo ', 'ae1909fa-447b-4fcc-a264-3b9209c77dc5', '2026-03-06T10:17:12.915387+00:00', '2026-03-14T11:19:40.514214+00:00', '[]', '2026-03-06T10:17:12.915387+00:00');
INSERT INTO public.purchase_documents (id, supplier_id, store_id, warehouse_id, document_type, status, notes, created_by, created_at, updated_at, attachment_urls, purchase_date) VALUES ('0b9253eb-8110-44aa-9448-f1f4fa691358', '60b997f0-e605-413f-9c9f-f6418bd35834', 'b8260136-88a7-4bb5-bdcf-395575f4a692', '4346a651-e623-4fc5-81dd-87823053dc94', 'invoice', 'registered', 'PACK MOTOROLA CAPITAN D+', 'ae1909fa-447b-4fcc-a264-3b9209c77dc5', '2026-03-17T10:50:21.959912+00:00', '2026-03-17T10:50:21.959912+00:00', '[]', '2026-03-17T10:46:00+00:00');
INSERT INTO public.purchase_documents (id, supplier_id, store_id, warehouse_id, document_type, status, notes, created_by, created_at, updated_at, attachment_urls, purchase_date) VALUES ('f1960a32-c37e-4c5c-92ee-385dea56f151', '60b997f0-e605-413f-9c9f-f6418bd35834', 'b8260136-88a7-4bb5-bdcf-395575f4a692', '4346a651-e623-4fc5-81dd-87823053dc94', 'invoice', 'registered', 'Pack Smartphone Marzo ', 'ae1909fa-447b-4fcc-a264-3b9209c77dc5', '2026-03-17T11:25:05.628471+00:00', '2026-03-17T11:25:05.628471+00:00', '[]', '2026-03-17T11:15:00+00:00');
INSERT INTO public.purchase_documents (id, supplier_id, store_id, warehouse_id, document_type, status, notes, created_by, created_at, updated_at, attachment_urls, purchase_date) VALUES ('a9fdc0d7-b8a1-474e-968b-1f418cffbf7d', '60b997f0-e605-413f-9c9f-f6418bd35834', 'b8260136-88a7-4bb5-bdcf-395575f4a692', '4346a651-e623-4fc5-81dd-87823053dc94', 'invoice', 'registered', 'iphone 17 256gb', 'ae1909fa-447b-4fcc-a264-3b9209c77dc5', '2026-03-17T11:31:31.947381+00:00', '2026-03-17T11:31:31.947381+00:00', '[]', '2026-03-17T11:15:00+00:00');
INSERT INTO public.purchase_documents (id, supplier_id, store_id, warehouse_id, document_type, status, notes, created_by, created_at, updated_at, attachment_urls, purchase_date) VALUES ('a7099b5a-eb5c-4457-9a42-ba3368551f46', '60b997f0-e605-413f-9c9f-f6418bd35834', 'b8260136-88a7-4bb5-bdcf-395575f4a692', '4346a651-e623-4fc5-81dd-87823053dc94', 'invoice', 'registered', 'Iphone 17 PRO ', 'ae1909fa-447b-4fcc-a264-3b9209c77dc5', '2026-03-17T11:33:56.376851+00:00', '2026-03-17T11:33:56.376851+00:00', '[]', '2026-03-17T11:31:00+00:00');
INSERT INTO public.purchase_documents (id, supplier_id, store_id, warehouse_id, document_type, status, notes, created_by, created_at, updated_at, attachment_urls, purchase_date) VALUES ('23f7d03d-19ca-45d5-9adf-3410ae7aa62c', '60b997f0-e605-413f-9c9f-f6418bd35834', 'b8260136-88a7-4bb5-bdcf-395575f4a692', '4346a651-e623-4fc5-81dd-87823053dc94', 'invoice', 'registered', 'Iphone 17e', 'ae1909fa-447b-4fcc-a264-3b9209c77dc5', '2026-03-17T11:35:13.149872+00:00', '2026-03-17T11:35:13.149872+00:00', '[]', '2026-03-17T11:31:00+00:00');
INSERT INTO public.purchase_documents (id, supplier_id, store_id, warehouse_id, document_type, status, notes, created_by, created_at, updated_at, attachment_urls, purchase_date) VALUES ('600b60bd-2f7d-469e-a59a-541e54392f19', '60b997f0-e605-413f-9c9f-f6418bd35834', 'b8260136-88a7-4bb5-bdcf-395575f4a692', '4346a651-e623-4fc5-81dd-87823053dc94', 'invoice', 'registered', 'SAMSUNG GALAXY S26', 'ae1909fa-447b-4fcc-a264-3b9209c77dc5', '2026-03-17T11:38:02.481957+00:00', '2026-03-17T11:38:02.481957+00:00', '[]', '2026-03-17T11:36:00+00:00');
INSERT INTO public.purchase_documents (id, supplier_id, store_id, warehouse_id, document_type, status, notes, created_by, created_at, updated_at, attachment_urls, purchase_date) VALUES ('d199a555-e12b-48d3-8959-81dbdf149ae7', '60b997f0-e605-413f-9c9f-f6418bd35834', 'ef4934b4-db06-4def-98e4-3a63110c2b4e', 'ad73083e-460a-4563-a5a1-672a4766c749', 'invoice', 'registered', 'iPhone sciolti ', 'ae1909fa-447b-4fcc-a264-3b9209c77dc5', '2026-03-17T13:54:02.921826+00:00', '2026-03-17T13:54:02.921826+00:00', '[]', '2026-03-17T13:51:00+00:00');
INSERT INTO public.purchase_documents (id, supplier_id, store_id, warehouse_id, document_type, status, notes, created_by, created_at, updated_at, attachment_urls, purchase_date) VALUES ('00925fbc-74c2-45b4-a070-e1e2940a28e4', '60b997f0-e605-413f-9c9f-f6418bd35834', 'ef4934b4-db06-4def-98e4-3a63110c2b4e', 'ad73083e-460a-4563-a5a1-672a4766c749', 'invoice', 'registered', 'Pack Motorola Capitan D+', 'ae1909fa-447b-4fcc-a264-3b9209c77dc5', '2026-03-17T13:55:43.630812+00:00', '2026-03-17T13:55:43.630812+00:00', '[]', '2026-03-17T13:51:00+00:00');
INSERT INTO public.purchase_documents (id, supplier_id, store_id, warehouse_id, document_type, status, notes, created_by, created_at, updated_at, attachment_urls, purchase_date) VALUES ('00c3010a-797b-4294-95af-d6df9a847217', '60b997f0-e605-413f-9c9f-f6418bd35834', 'ef4934b4-db06-4def-98e4-3a63110c2b4e', 'ad73083e-460a-4563-a5a1-672a4766c749', 'invoice', 'registered', 'Pack Smartphone Marzo ', 'ae1909fa-447b-4fcc-a264-3b9209c77dc5', '2026-03-17T14:02:51.683423+00:00', '2026-03-17T14:02:51.683423+00:00', '[]', '2026-03-17T13:51:00+00:00');
INSERT INTO public.purchase_documents (id, supplier_id, store_id, warehouse_id, document_type, status, notes, created_by, created_at, updated_at, attachment_urls, purchase_date) VALUES ('2122267a-e7dc-462c-9183-b75ce06fb619', '60b997f0-e605-413f-9c9f-f6418bd35834', 'b9c2a011-0a7e-4f96-8b1a-7419c62c8aa0', 'bdc77d3b-6f92-403b-9d0a-4bd7071a3a84', 'invoice', 'registered', 'Pack Lancio SAMSUNG Galaxy ', 'ae1909fa-447b-4fcc-a264-3b9209c77dc5', '2026-03-18T18:10:49.116952+00:00', '2026-03-18T18:10:49.116952+00:00', '[]', '2026-03-18T18:07:00+00:00');
INSERT INTO public.purchase_documents (id, supplier_id, store_id, warehouse_id, document_type, status, notes, created_by, created_at, updated_at, attachment_urls, purchase_date) VALUES ('cfbc5f19-442a-4ab2-aa87-f703e6c0a236', '60b997f0-e605-413f-9c9f-f6418bd35834', 'b9c2a011-0a7e-4f96-8b1a-7419c62c8aa0', 'bdc77d3b-6f92-403b-9d0a-4bd7071a3a84', 'invoice', 'registered', 'Pack Lancio VIVO ', 'ae1909fa-447b-4fcc-a264-3b9209c77dc5', '2026-03-18T18:14:02.210549+00:00', '2026-03-18T18:14:02.210549+00:00', '[]', '2026-03-18T18:12:00+00:00');
INSERT INTO public.purchase_documents (id, supplier_id, store_id, warehouse_id, document_type, status, notes, created_by, created_at, updated_at, attachment_urls, purchase_date) VALUES ('f7dacf33-86f2-4ad1-bac1-bd35a478a40a', '60b997f0-e605-413f-9c9f-f6418bd35834', 'b8260136-88a7-4bb5-bdcf-395575f4a692', '4346a651-e623-4fc5-81dd-87823053dc94', 'invoice', 'registered', 'iphone', 'ae1909fa-447b-4fcc-a264-3b9209c77dc5', '2026-03-23T08:56:25.083097+00:00', '2026-03-23T08:56:25.083097+00:00', '[]', '2026-03-23T08:55:00+00:00');
INSERT INTO public.purchase_documents (id, supplier_id, store_id, warehouse_id, document_type, status, notes, created_by, created_at, updated_at, attachment_urls, purchase_date) VALUES ('27fa781c-177e-461e-adc9-664bafef6ce7', '60b997f0-e605-413f-9c9f-f6418bd35834', 'ef4934b4-db06-4def-98e4-3a63110c2b4e', 'ad73083e-460a-4563-a5a1-672a4766c749', 'invoice', 'registered', NULL, 'ae1909fa-447b-4fcc-a264-3b9209c77dc5', '2026-03-25T15:35:50.85307+00:00', '2026-03-25T15:35:50.85307+00:00', '[]', '2026-03-25T15:33:00+00:00');
INSERT INTO public.purchase_documents (id, supplier_id, store_id, warehouse_id, document_type, status, notes, created_by, created_at, updated_at, attachment_urls, purchase_date) VALUES ('64ed7a65-fa5b-48c7-b412-84af87498207', '60b997f0-e605-413f-9c9f-f6418bd35834', 'ef4934b4-db06-4def-98e4-3a63110c2b4e', 'ad73083e-460a-4563-a5a1-672a4766c749', 'invoice', 'registered', NULL, 'ae1909fa-447b-4fcc-a264-3b9209c77dc5', '2026-03-25T15:38:02.456866+00:00', '2026-03-25T15:38:02.456866+00:00', '[]', '2026-03-25T15:36:00+00:00');
INSERT INTO public.purchase_documents (id, supplier_id, store_id, warehouse_id, document_type, status, notes, created_by, created_at, updated_at, attachment_urls, purchase_date) VALUES ('6147d01d-1258-4b61-bb7a-ece777ce4956', '60b997f0-e605-413f-9c9f-f6418bd35834', 'ef4934b4-db06-4def-98e4-3a63110c2b4e', 'ad73083e-460a-4563-a5a1-672a4766c749', 'invoice', 'registered', 'S26 misti', 'ae1909fa-447b-4fcc-a264-3b9209c77dc5', '2026-03-25T15:45:38.400236+00:00', '2026-03-25T15:45:38.400236+00:00', '[]', '2026-03-25T15:43:00+00:00');
INSERT INTO public.purchase_documents (id, supplier_id, store_id, warehouse_id, document_type, status, notes, created_by, created_at, updated_at, attachment_urls, purchase_date) VALUES ('d78e106a-3f06-4785-878f-c341dabc39fe', '60b997f0-e605-413f-9c9f-f6418bd35834', 'ef4934b4-db06-4def-98e4-3a63110c2b4e', 'ad73083e-460a-4563-a5a1-672a4766c749', 'order', 'registered', NULL, 'ae1909fa-447b-4fcc-a264-3b9209c77dc5', '2026-03-25T15:47:01.323013+00:00', '2026-03-25T15:47:01.323013+00:00', '[]', '2026-03-25T15:45:00+00:00');
INSERT INTO public.purchase_documents (id, supplier_id, store_id, warehouse_id, document_type, status, notes, created_by, created_at, updated_at, attachment_urls, purchase_date) VALUES ('3cae27c5-1bc3-4285-a160-fdd9018ee657', '60b997f0-e605-413f-9c9f-f6418bd35834', 'b8260136-88a7-4bb5-bdcf-395575f4a692', '4346a651-e623-4fc5-81dd-87823053dc94', 'invoice', 'registered', NULL, 'ae1909fa-447b-4fcc-a264-3b9209c77dc5', '2026-03-26T15:00:11.327945+00:00', '2026-03-26T15:00:11.327945+00:00', '[]', '2026-03-26T14:57:00+00:00');
INSERT INTO public.purchase_documents (id, supplier_id, store_id, warehouse_id, document_type, status, notes, created_by, created_at, updated_at, attachment_urls, purchase_date) VALUES ('e9485ba0-7d57-4e24-b07c-dc1b7599f202', '60b997f0-e605-413f-9c9f-f6418bd35834', 'b8260136-88a7-4bb5-bdcf-395575f4a692', '4346a651-e623-4fc5-81dd-87823053dc94', 'invoice', 'registered', 's26', 'ae1909fa-447b-4fcc-a264-3b9209c77dc5', '2026-03-26T15:04:27.049484+00:00', '2026-03-26T15:04:27.049484+00:00', '[]', '2026-03-26T14:57:00+00:00');
INSERT INTO public.purchase_documents (id, supplier_id, store_id, warehouse_id, document_type, status, notes, created_by, created_at, updated_at, attachment_urls, purchase_date) VALUES ('38389eb2-45b6-4ebd-bc0a-27d06903f51d', '60b997f0-e605-413f-9c9f-f6418bd35834', 'b8260136-88a7-4bb5-bdcf-395575f4a692', '4346a651-e623-4fc5-81dd-87823053dc94', 'invoice', 'registered', 's 26', 'ae1909fa-447b-4fcc-a264-3b9209c77dc5', '2026-03-26T15:05:52.232341+00:00', '2026-03-26T15:05:52.232341+00:00', '[]', '2026-03-26T15:04:00+00:00');
INSERT INTO public.purchase_documents (id, supplier_id, store_id, warehouse_id, document_type, status, notes, created_by, created_at, updated_at, attachment_urls, purchase_date) VALUES ('c9e1a111-8aae-437a-b112-e89f01cab356', '60b997f0-e605-413f-9c9f-f6418bd35834', 'b8260136-88a7-4bb5-bdcf-395575f4a692', '4346a651-e623-4fc5-81dd-87823053dc94', 'order', 'registered', 'iPhone 17 ', 'ae1909fa-447b-4fcc-a264-3b9209c77dc5', '2026-03-26T15:07:22.200207+00:00', '2026-03-26T15:07:22.200207+00:00', '[]', '2026-03-26T15:04:00+00:00');
INSERT INTO public.purchase_documents (id, supplier_id, store_id, warehouse_id, document_type, status, notes, created_by, created_at, updated_at, attachment_urls, purchase_date) VALUES ('1d7d10e0-56e9-485f-b8e3-8bac4a0e035e', '60b997f0-e605-413f-9c9f-f6418bd35834', 'b8260136-88a7-4bb5-bdcf-395575f4a692', '4346a651-e623-4fc5-81dd-87823053dc94', 'invoice', 'registered', NULL, 'ae1909fa-447b-4fcc-a264-3b9209c77dc5', '2026-03-31T17:14:33.663978+00:00', '2026-03-31T17:14:33.663978+00:00', '[]', '2026-03-31T17:13:00+00:00');
INSERT INTO public.purchase_documents (id, supplier_id, store_id, warehouse_id, document_type, status, notes, created_by, created_at, updated_at, attachment_urls, purchase_date) VALUES ('aab527c7-3b92-4fdc-bf2a-f6f4deb4d00d', '60b997f0-e605-413f-9c9f-f6418bd35834', 'b8260136-88a7-4bb5-bdcf-395575f4a692', '4346a651-e623-4fc5-81dd-87823053dc94', 'invoice', 'registered', NULL, 'ae1909fa-447b-4fcc-a264-3b9209c77dc5', '2026-03-31T17:14:57.475559+00:00', '2026-03-31T17:14:57.475559+00:00', '[]', '2026-03-31T17:13:00+00:00');
INSERT INTO public.purchase_documents (id, supplier_id, store_id, warehouse_id, document_type, status, notes, created_by, created_at, updated_at, attachment_urls, purchase_date) VALUES ('df14936a-d26a-4e5f-bfbb-f14ab0a54e6a', '60b997f0-e605-413f-9c9f-f6418bd35834', 'ef4934b4-db06-4def-98e4-3a63110c2b4e', 'ad73083e-460a-4563-a5a1-672a4766c749', 'invoice', 'registered', 'v70', 'ae1909fa-447b-4fcc-a264-3b9209c77dc5', '2026-04-02T08:25:17.977529+00:00', '2026-04-02T08:25:17.977529+00:00', '[]', '2026-04-02T08:24:00+00:00');
INSERT INTO public.purchase_documents (id, supplier_id, store_id, warehouse_id, document_type, status, notes, created_by, created_at, updated_at, attachment_urls, purchase_date) VALUES ('b319b4fe-0758-42b9-bd85-8df3773dc467', '60b997f0-e605-413f-9c9f-f6418bd35834', 'b8260136-88a7-4bb5-bdcf-395575f4a692', '4346a651-e623-4fc5-81dd-87823053dc94', 'invoice', 'registered', NULL, 'ae1909fa-447b-4fcc-a264-3b9209c77dc5', '2026-04-02T08:26:04.705658+00:00', '2026-04-02T08:26:04.705658+00:00', '[]', '2026-04-02T08:24:00+00:00');
INSERT INTO public.purchase_documents (id, supplier_id, store_id, warehouse_id, document_type, status, notes, created_by, created_at, updated_at, attachment_urls, purchase_date) VALUES ('dac417ae-6b2c-4f1a-81d8-974c97c1cfea', '60b997f0-e605-413f-9c9f-f6418bd35834', 'b8260136-88a7-4bb5-bdcf-395575f4a692', '4346a651-e623-4fc5-81dd-87823053dc94', 'invoice', 'registered', NULL, 'ae1909fa-447b-4fcc-a264-3b9209c77dc5', '2026-04-02T12:54:28.49312+00:00', '2026-04-02T12:54:28.49312+00:00', '[]', '2026-04-02T12:53:00+00:00');
INSERT INTO public.purchase_documents (id, supplier_id, store_id, warehouse_id, document_type, status, notes, created_by, created_at, updated_at, attachment_urls, purchase_date) VALUES ('7fd30e2f-9b9c-4bcc-9188-6622e07d5946', '60b997f0-e605-413f-9c9f-f6418bd35834', 'b8260136-88a7-4bb5-bdcf-395575f4a692', '4346a651-e623-4fc5-81dd-87823053dc94', 'invoice', 'registered', '6 iphone 17 + 1 pro max + 1 pro', 'ae1909fa-447b-4fcc-a264-3b9209c77dc5', '2026-04-02T08:28:38.711975+00:00', '2026-04-02T12:55:47.234444+00:00', '[]', '2026-04-02T08:25:00+00:00');

-- TABLE: purchase_lines
-- Columns: id, purchase_document_id, sku_id, quantity, unit_cost, created_at, label
-- 337 row(s)

INSERT INTO public.purchase_lines (id, purchase_document_id, sku_id, quantity, unit_cost, created_at, label) VALUES ('01285329-955e-4821-b9c7-10c0f4cab8c5', '8fe94c2e-4084-493e-befc-a6ccd768b031', 'cc85f1c9-1a90-47e7-b36a-a5aefbbf63a1', 1, 62.0, '2026-02-23T17:42:10.354154+00:00', NULL);
INSERT INTO public.purchase_lines (id, purchase_document_id, sku_id, quantity, unit_cost, created_at, label) VALUES ('29910d31-d9c3-40b1-b066-0ec72555afc6', '8fe94c2e-4084-493e-befc-a6ccd768b031', '7ab7757e-ef7d-443d-b6e4-5ec00cc09696', 3, 124.0, '2026-02-23T17:42:10.354154+00:00', NULL);
INSERT INTO public.purchase_lines (id, purchase_document_id, sku_id, quantity, unit_cost, created_at, label) VALUES ('1ee805ff-f048-4098-80e7-0bc644db485e', '8fe94c2e-4084-493e-befc-a6ccd768b031', 'aa875050-e917-43d9-a8ee-68b3d6d84a5f', 1, 233.0, '2026-02-23T17:42:10.354154+00:00', NULL);
INSERT INTO public.purchase_lines (id, purchase_document_id, sku_id, quantity, unit_cost, created_at, label) VALUES ('fd4275d0-d4b7-46e6-8fb9-254d09030349', '8fe94c2e-4084-493e-befc-a6ccd768b031', '5d8e16d7-74e4-4d46-a186-deb7db108507', 1, 233.0, '2026-02-23T17:42:10.354154+00:00', NULL);
INSERT INTO public.purchase_lines (id, purchase_document_id, sku_id, quantity, unit_cost, created_at, label) VALUES ('3ffc1a54-c212-4eee-915d-c1169ec37959', '8fe94c2e-4084-493e-befc-a6ccd768b031', 'a9de06c8-bd9a-4163-9d0e-a34391cccd44', 1, 179.0, '2026-02-23T17:42:10.354154+00:00', NULL);
INSERT INTO public.purchase_lines (id, purchase_document_id, sku_id, quantity, unit_cost, created_at, label) VALUES ('eb882cab-1b08-4004-9e84-5a265087aa77', '954af965-84e4-4abd-b8d4-d7e0990805a2', 'dedf18b5-7c67-49c9-9866-239ca751cfa7', 1, 311.0, '2026-02-24T16:08:20.037828+00:00', NULL);
INSERT INTO public.purchase_lines (id, purchase_document_id, sku_id, quantity, unit_cost, created_at, label) VALUES ('90e2fe0b-d819-43f7-aa8d-61a581815557', '954af965-84e4-4abd-b8d4-d7e0990805a2', '7ab7757e-ef7d-443d-b6e4-5ec00cc09696', 1, 124.0, '2026-02-24T16:08:20.037828+00:00', NULL);
INSERT INTO public.purchase_lines (id, purchase_document_id, sku_id, quantity, unit_cost, created_at, label) VALUES ('7de9b0ed-0430-42ac-a703-84acc4f7510e', '954af965-84e4-4abd-b8d4-d7e0990805a2', '69a55ef6-530c-4364-85a9-a3a978d6bafc', 1, 272.0, '2026-02-24T16:08:20.037828+00:00', NULL);
INSERT INTO public.purchase_lines (id, purchase_document_id, sku_id, quantity, unit_cost, created_at, label) VALUES ('67cb1528-4343-4150-84c8-3ba9f34ce904', '954af965-84e4-4abd-b8d4-d7e0990805a2', 'aa875050-e917-43d9-a8ee-68b3d6d84a5f', 1, 233.0, '2026-02-24T16:08:20.037828+00:00', NULL);
INSERT INTO public.purchase_lines (id, purchase_document_id, sku_id, quantity, unit_cost, created_at, label) VALUES ('b8ce69ef-16a0-4d94-a62a-df0e4347022e', '954af965-84e4-4abd-b8d4-d7e0990805a2', '8400d576-0957-4a3e-a0c5-877bd16705b9', 1, 194.0, '2026-02-24T16:08:20.037828+00:00', NULL);
INSERT INTO public.purchase_lines (id, purchase_document_id, sku_id, quantity, unit_cost, created_at, label) VALUES ('477b5316-292d-444a-ba4c-ac599acc2c9a', '954af965-84e4-4abd-b8d4-d7e0990805a2', '27f2a920-da58-447a-9999-f0dfca36cfa0', 1, 295.0, '2026-02-24T16:08:20.037828+00:00', NULL);
INSERT INTO public.purchase_lines (id, purchase_document_id, sku_id, quantity, unit_cost, created_at, label) VALUES ('e60eec85-177b-44ba-9eaa-bdcfecbd34db', '954af965-84e4-4abd-b8d4-d7e0990805a2', '690e892f-3f9f-4ca3-b3fa-5a9f7423d978', 1, 186.0, '2026-02-24T16:08:20.037828+00:00', NULL);
INSERT INTO public.purchase_lines (id, purchase_document_id, sku_id, quantity, unit_cost, created_at, label) VALUES ('3d6d08f1-c565-4bdc-9a3f-29e36105b8b4', '954af965-84e4-4abd-b8d4-d7e0990805a2', 'a6d38dbd-e1b5-42a3-99a5-d3dfa1bfa229', 1, 233.0, '2026-02-24T16:08:20.037828+00:00', NULL);
INSERT INTO public.purchase_lines (id, purchase_document_id, sku_id, quantity, unit_cost, created_at, label) VALUES ('d0b16e31-d437-436b-a1ae-f8497b9909e5', '954af965-84e4-4abd-b8d4-d7e0990805a2', 'd9cacdb4-ecec-4169-8aec-d160a5513016', 1, 311.0, '2026-02-24T16:08:20.037828+00:00', NULL);
INSERT INTO public.purchase_lines (id, purchase_document_id, sku_id, quantity, unit_cost, created_at, label) VALUES ('00ed707b-4f55-4b3d-b5f6-5f2f3b9c8137', '954af965-84e4-4abd-b8d4-d7e0990805a2', '1cd5a71b-a48e-4ddb-887c-2ad4c557b666', 1, 155.0, '2026-02-24T16:08:20.037828+00:00', NULL);
INSERT INTO public.purchase_lines (id, purchase_document_id, sku_id, quantity, unit_cost, created_at, label) VALUES ('65f3c9e8-efb0-41a7-b205-c6a13a53e93b', '954af965-84e4-4abd-b8d4-d7e0990805a2', 'cc85f1c9-1a90-47e7-b36a-a5aefbbf63a1', 1, 62.0, '2026-02-24T16:08:20.037828+00:00', NULL);
INSERT INTO public.purchase_lines (id, purchase_document_id, sku_id, quantity, unit_cost, created_at, label) VALUES ('0679ed94-1460-4ee9-bd3c-d3bb7954aaf9', '954af965-84e4-4abd-b8d4-d7e0990805a2', '423888ae-aaf6-406d-bf42-b7af689ac47c', 3, 70.0, '2026-02-24T16:08:20.037828+00:00', NULL);
INSERT INTO public.purchase_lines (id, purchase_document_id, sku_id, quantity, unit_cost, created_at, label) VALUES ('0a04057a-8bd4-48a4-9dc5-371e05beccef', '954af965-84e4-4abd-b8d4-d7e0990805a2', '8f491fee-d67c-456c-bbaa-054552b289e3', 1, 116.0, '2026-02-24T16:08:20.037828+00:00', NULL);
INSERT INTO public.purchase_lines (id, purchase_document_id, sku_id, quantity, unit_cost, created_at, label) VALUES ('0eb53348-c128-4205-b2d6-0431441e8596', '954af965-84e4-4abd-b8d4-d7e0990805a2', 'c090f105-3e19-4980-b90e-a27305512f23', 1, 428.0, '2026-02-24T16:08:20.037828+00:00', NULL);
INSERT INTO public.purchase_lines (id, purchase_document_id, sku_id, quantity, unit_cost, created_at, label) VALUES ('6d0936a4-d95b-413a-9bc7-2c3d68de8738', '954af965-84e4-4abd-b8d4-d7e0990805a2', '0993899f-96ef-4cfd-b7cd-1635c6318fdc', 1, 311.0, '2026-02-24T16:08:20.037828+00:00', NULL);
INSERT INTO public.purchase_lines (id, purchase_document_id, sku_id, quantity, unit_cost, created_at, label) VALUES ('7a1597a9-786b-449d-88de-dc973083e07f', '954af965-84e4-4abd-b8d4-d7e0990805a2', '2b7bd8b0-08dd-4b5c-968a-45224330c916', 1, 249.0, '2026-02-24T16:08:20.037828+00:00', NULL);
INSERT INTO public.purchase_lines (id, purchase_document_id, sku_id, quantity, unit_cost, created_at, label) VALUES ('b6ecf12e-4718-46ad-8326-eb1fb33811be', '954af965-84e4-4abd-b8d4-d7e0990805a2', 'fcce65d0-d0d6-40d0-92e8-159fa6813c6d', 1, 155.0, '2026-02-24T16:08:20.037828+00:00', NULL);
INSERT INTO public.purchase_lines (id, purchase_document_id, sku_id, quantity, unit_cost, created_at, label) VALUES ('9528bdd1-af67-42a5-809f-1bc807cb74ec', '8092aa77-09e4-4907-aec7-c30de265e264', '76914c02-0a75-4880-879c-384b82e364b5', 11, 295.0, '2026-02-24T16:20:05.446426+00:00', NULL);
INSERT INTO public.purchase_lines (id, purchase_document_id, sku_id, quantity, unit_cost, created_at, label) VALUES ('074b031a-08f4-429c-8601-18f5a240dc37', 'eb26272c-1456-43d4-a62c-fcafaa4631a9', '8331d416-99df-4c31-a222-06231a28e3de', 1, 545.0, '2026-02-24T16:34:11.736191+00:00', NULL);
INSERT INTO public.purchase_lines (id, purchase_document_id, sku_id, quantity, unit_cost, created_at, label) VALUES ('a9efdbb3-c0fe-4bd2-a525-acf3734278b3', 'eb26272c-1456-43d4-a62c-fcafaa4631a9', '05e222c9-3531-4005-acee-18973b1b09c7', 1, 194.0, '2026-02-24T16:34:11.736191+00:00', NULL);
INSERT INTO public.purchase_lines (id, purchase_document_id, sku_id, quantity, unit_cost, created_at, label) VALUES ('0c61bf02-0a8d-4ecf-b774-efa5d51fb3db', 'eb26272c-1456-43d4-a62c-fcafaa4631a9', 'b912ee0e-c58e-465c-8415-acab3db374c6', 1, 155.0, '2026-02-24T16:34:11.736191+00:00', NULL);
INSERT INTO public.purchase_lines (id, purchase_document_id, sku_id, quantity, unit_cost, created_at, label) VALUES ('368c106b-3b7c-4f30-9489-6f7a41443585', 'eb26272c-1456-43d4-a62c-fcafaa4631a9', '6f513e02-f690-4ba0-b9b5-457bd4e33568', 1, 233.0, '2026-02-24T16:34:11.736191+00:00', NULL);
INSERT INTO public.purchase_lines (id, purchase_document_id, sku_id, quantity, unit_cost, created_at, label) VALUES ('c88aa3d8-4207-4221-94c8-ef27a03b1c1d', 'eb26272c-1456-43d4-a62c-fcafaa4631a9', 'd9cacdb4-ecec-4169-8aec-d160a5513016', 1, 311.0, '2026-02-24T16:34:11.736191+00:00', NULL);
INSERT INTO public.purchase_lines (id, purchase_document_id, sku_id, quantity, unit_cost, created_at, label) VALUES ('e54b0f8e-0ffa-44d2-b42a-68d21db98874', 'eb26272c-1456-43d4-a62c-fcafaa4631a9', '1b7e0467-3bd5-430f-8043-c4bdb1e2f247', 1, 389.0, '2026-02-24T16:34:11.736191+00:00', NULL);
INSERT INTO public.purchase_lines (id, purchase_document_id, sku_id, quantity, unit_cost, created_at, label) VALUES ('23853c88-1b97-44c3-8c04-82305cf20d07', '21e0b8fa-4b64-4a76-a524-6e9bb885552e', 'fbe2362c-c373-4747-a36a-b67ae10e74b0', 2, 467.0, '2026-02-24T16:57:57.971227+00:00', NULL);
INSERT INTO public.purchase_lines (id, purchase_document_id, sku_id, quantity, unit_cost, created_at, label) VALUES ('fbd3c13a-f1b3-4fdc-8113-f75529da988e', '21e0b8fa-4b64-4a76-a524-6e9bb885552e', 'e7db44e3-1e2d-457e-b240-943a2082ba03', 6, 155.0, '2026-02-24T16:57:57.971227+00:00', NULL);
INSERT INTO public.purchase_lines (id, purchase_document_id, sku_id, quantity, unit_cost, created_at, label) VALUES ('9c725c12-af91-4db7-a123-2abc310e548b', '21e0b8fa-4b64-4a76-a524-6e9bb885552e', '27f2a920-da58-447a-9999-f0dfca36cfa0', 2, 295.0, '2026-02-24T16:57:57.971227+00:00', NULL);
INSERT INTO public.purchase_lines (id, purchase_document_id, sku_id, quantity, unit_cost, created_at, label) VALUES ('994dbffe-3fc9-4024-be40-dcbf6ccfaa27', 'c5ebd06e-9ffc-41ef-b4d4-daae6abbf2c8', '1cd5a71b-a48e-4ddb-887c-2ad4c557b666', 1, 155.0, '2026-02-24T17:31:56.847902+00:00', NULL);
INSERT INTO public.purchase_lines (id, purchase_document_id, sku_id, quantity, unit_cost, created_at, label) VALUES ('1140ce95-5b90-4c00-955d-b371f13dda6e', 'c5ebd06e-9ffc-41ef-b4d4-daae6abbf2c8', 'cc85f1c9-1a90-47e7-b36a-a5aefbbf63a1', 1, 62.0, '2026-02-24T17:31:56.847902+00:00', NULL);
INSERT INTO public.purchase_lines (id, purchase_document_id, sku_id, quantity, unit_cost, created_at, label) VALUES ('b958bd86-7d46-4c59-afff-e7fc011a057d', 'c5ebd06e-9ffc-41ef-b4d4-daae6abbf2c8', '423888ae-aaf6-406d-bf42-b7af689ac47c', 3, 70.0, '2026-02-24T17:31:56.847902+00:00', NULL);
INSERT INTO public.purchase_lines (id, purchase_document_id, sku_id, quantity, unit_cost, created_at, label) VALUES ('53c9711c-0f98-4bdf-9c2d-9210c65a0abb', 'c5ebd06e-9ffc-41ef-b4d4-daae6abbf2c8', '8f491fee-d67c-456c-bbaa-054552b289e3', 1, 116.0, '2026-02-24T17:31:56.847902+00:00', NULL);
INSERT INTO public.purchase_lines (id, purchase_document_id, sku_id, quantity, unit_cost, created_at, label) VALUES ('13e561fa-871f-450e-80e9-ff042513b2ac', 'c5ebd06e-9ffc-41ef-b4d4-daae6abbf2c8', 'c090f105-3e19-4980-b90e-a27305512f23', 1, 428.0, '2026-02-24T17:31:56.847902+00:00', NULL);
INSERT INTO public.purchase_lines (id, purchase_document_id, sku_id, quantity, unit_cost, created_at, label) VALUES ('aa16d9d4-4926-4134-9935-314ef254b461', 'c5ebd06e-9ffc-41ef-b4d4-daae6abbf2c8', '0993899f-96ef-4cfd-b7cd-1635c6318fdc', 1, 311.0, '2026-02-24T17:31:56.847902+00:00', NULL);
INSERT INTO public.purchase_lines (id, purchase_document_id, sku_id, quantity, unit_cost, created_at, label) VALUES ('c6506a1a-caeb-4ae8-afaf-51a4b13c134e', 'c5ebd06e-9ffc-41ef-b4d4-daae6abbf2c8', '2b7bd8b0-08dd-4b5c-968a-45224330c916', 1, 249.0, '2026-02-24T17:31:56.847902+00:00', NULL);
INSERT INTO public.purchase_lines (id, purchase_document_id, sku_id, quantity, unit_cost, created_at, label) VALUES ('68af0e87-525d-4959-9a59-0b40c3ef4cca', 'c5ebd06e-9ffc-41ef-b4d4-daae6abbf2c8', 'a9de06c8-bd9a-4163-9d0e-a34391cccd44', 1, 179.0, '2026-02-24T17:31:56.847902+00:00', NULL);
INSERT INTO public.purchase_lines (id, purchase_document_id, sku_id, quantity, unit_cost, created_at, label) VALUES ('c5eaa41e-03dc-46b2-a99b-e5cc1e1ea5c6', 'c5ebd06e-9ffc-41ef-b4d4-daae6abbf2c8', 'dedf18b5-7c67-49c9-9866-239ca751cfa7', 1, 311.0, '2026-02-24T17:31:56.847902+00:00', NULL);
INSERT INTO public.purchase_lines (id, purchase_document_id, sku_id, quantity, unit_cost, created_at, label) VALUES ('1c5e5b05-92bd-4ada-bebe-e129b9ddb80d', 'c5ebd06e-9ffc-41ef-b4d4-daae6abbf2c8', '7ab7757e-ef7d-443d-b6e4-5ec00cc09696', 1, 124.0, '2026-02-24T17:31:56.847902+00:00', NULL);
INSERT INTO public.purchase_lines (id, purchase_document_id, sku_id, quantity, unit_cost, created_at, label) VALUES ('0f53173b-65ae-48fa-b2b4-7d1a3b967cc9', 'c5ebd06e-9ffc-41ef-b4d4-daae6abbf2c8', '69a55ef6-530c-4364-85a9-a3a978d6bafc', 1, 272.0, '2026-02-24T17:31:56.847902+00:00', NULL);
INSERT INTO public.purchase_lines (id, purchase_document_id, sku_id, quantity, unit_cost, created_at, label) VALUES ('22b4176e-33f3-400f-89e2-39890785c823', 'c5ebd06e-9ffc-41ef-b4d4-daae6abbf2c8', 'fcce65d0-d0d6-40d0-92e8-159fa6813c6d', 1, 155.0, '2026-02-24T17:31:56.847902+00:00', NULL);
INSERT INTO public.purchase_lines (id, purchase_document_id, sku_id, quantity, unit_cost, created_at, label) VALUES ('c285a010-25ef-4d0c-8348-0cd24969bfe2', 'c5ebd06e-9ffc-41ef-b4d4-daae6abbf2c8', '690e892f-3f9f-4ca3-b3fa-5a9f7423d978', 1, 186.0, '2026-02-24T17:31:56.847902+00:00', NULL);
INSERT INTO public.purchase_lines (id, purchase_document_id, sku_id, quantity, unit_cost, created_at, label) VALUES ('9306ec9a-3f5f-4f4a-badc-58ba8421d978', 'c5ebd06e-9ffc-41ef-b4d4-daae6abbf2c8', 'a6d38dbd-e1b5-42a3-99a5-d3dfa1bfa229', 1, 233.0, '2026-02-24T17:31:56.847902+00:00', NULL);
INSERT INTO public.purchase_lines (id, purchase_document_id, sku_id, quantity, unit_cost, created_at, label) VALUES ('27bfff8a-a8a5-46be-84a4-061e43e12823', 'c5ebd06e-9ffc-41ef-b4d4-daae6abbf2c8', 'd9cacdb4-ecec-4169-8aec-d160a5513016', 1, 311.0, '2026-02-24T17:31:56.847902+00:00', NULL);
INSERT INTO public.purchase_lines (id, purchase_document_id, sku_id, quantity, unit_cost, created_at, label) VALUES ('df4cad53-91fa-4d8d-b040-3c1187b4c6f7', 'c5ebd06e-9ffc-41ef-b4d4-daae6abbf2c8', '1b7e0467-3bd5-430f-8043-c4bdb1e2f247', 1, 389.0, '2026-02-24T17:31:56.847902+00:00', NULL);
INSERT INTO public.purchase_lines (id, purchase_document_id, sku_id, quantity, unit_cost, created_at, label) VALUES ('44f66721-caf6-4acd-8e21-736f7528e206', 'c5ebd06e-9ffc-41ef-b4d4-daae6abbf2c8', '76914c02-0a75-4880-879c-384b82e364b5', 1, 295.0, '2026-02-24T17:31:56.847902+00:00', NULL);
INSERT INTO public.purchase_lines (id, purchase_document_id, sku_id, quantity, unit_cost, created_at, label) VALUES ('f6800763-7943-4035-8381-e84817994cc2', '04dbc51a-80df-4977-b337-90a5645a811b', '38150ded-b34d-49b3-a132-133864679b11', 1, 778.0, '2026-02-24T17:44:13.292421+00:00', NULL);
INSERT INTO public.purchase_lines (id, purchase_document_id, sku_id, quantity, unit_cost, created_at, label) VALUES ('cd5fc531-f1c4-4aff-935a-1cc1949433e7', '04dbc51a-80df-4977-b337-90a5645a811b', '322ec2b6-0a7b-4981-b1c1-a4077ccb4804', 1, 778.0, '2026-02-24T17:44:13.292421+00:00', NULL);
INSERT INTO public.purchase_lines (id, purchase_document_id, sku_id, quantity, unit_cost, created_at, label) VALUES ('6b12ec01-8053-472d-ab00-4c43e5b2e44f', '04dbc51a-80df-4977-b337-90a5645a811b', '5085bda9-5683-4faf-9511-0e21e3123cc0', 1, 778.0, '2026-02-24T17:44:13.292421+00:00', NULL);
INSERT INTO public.purchase_lines (id, purchase_document_id, sku_id, quantity, unit_cost, created_at, label) VALUES ('db643225-a62a-401b-b763-61bba30c8e62', '04dbc51a-80df-4977-b337-90a5645a811b', '1ae8dced-b81d-48b3-9ba9-f26826c34d80', 1, 778.0, '2026-02-24T17:44:13.292421+00:00', NULL);
INSERT INTO public.purchase_lines (id, purchase_document_id, sku_id, quantity, unit_cost, created_at, label) VALUES ('43f6c2d1-5a52-418a-8174-198d673da055', '04dbc51a-80df-4977-b337-90a5645a811b', '03773853-33a4-479f-9faa-a988b450e661', 2, 778.0, '2026-02-24T17:44:13.292421+00:00', NULL);
INSERT INTO public.purchase_lines (id, purchase_document_id, sku_id, quantity, unit_cost, created_at, label) VALUES ('939f2203-2d44-47ee-8a7a-1bd204947c06', '04dbc51a-80df-4977-b337-90a5645a811b', 'a1916c02-8ec2-4df5-83fb-126b663c5433', 1, 1058.0, '2026-02-24T17:44:13.292421+00:00', NULL);
INSERT INTO public.purchase_lines (id, purchase_document_id, sku_id, quantity, unit_cost, created_at, label) VALUES ('86ed90f1-7f29-46e5-b320-fc06b27d1728', '04dbc51a-80df-4977-b337-90a5645a811b', '4d12c3e8-7360-471f-bfe2-e03ed250acad', 3, 1058.0, '2026-02-24T17:44:13.292421+00:00', NULL);
INSERT INTO public.purchase_lines (id, purchase_document_id, sku_id, quantity, unit_cost, created_at, label) VALUES ('66caa2b3-bf28-454b-9cbb-d8e2798db428', 'c330e3b5-d5be-4e12-80e6-8ad3fba8cd10', 'ab0a852d-a067-4012-b368-cb4671ebc3f7', 2, 233.0, '2026-02-24T18:51:07.37506+00:00', NULL);
INSERT INTO public.purchase_lines (id, purchase_document_id, sku_id, quantity, unit_cost, created_at, label) VALUES ('8519e092-c1cc-4cef-9af5-1bfd45788083', 'c330e3b5-d5be-4e12-80e6-8ad3fba8cd10', '99ae33d2-576f-425c-a9c8-866926a43dc6', 1, 389.0, '2026-02-24T18:51:07.37506+00:00', NULL);
INSERT INTO public.purchase_lines (id, purchase_document_id, sku_id, quantity, unit_cost, created_at, label) VALUES ('85d1f327-3b30-45ac-9821-124144eccfb8', 'c330e3b5-d5be-4e12-80e6-8ad3fba8cd10', '1780c515-95fb-46ed-bfa8-32f920a22ac5', 3, 155.0, '2026-02-24T18:51:07.37506+00:00', NULL);
INSERT INTO public.purchase_lines (id, purchase_document_id, sku_id, quantity, unit_cost, created_at, label) VALUES ('d7c91953-817b-465a-9055-4818efea37d2', '71a87dc7-c25f-4c93-999a-862b6f02a085', 'e7db44e3-1e2d-457e-b240-943a2082ba03', 12, 155.0, '2026-02-24T18:53:42.673444+00:00', NULL);
INSERT INTO public.purchase_lines (id, purchase_document_id, sku_id, quantity, unit_cost, created_at, label) VALUES ('9b3a9aee-f5e9-4411-931b-48841e4f4043', '71a87dc7-c25f-4c93-999a-862b6f02a085', '27f2a920-da58-447a-9999-f0dfca36cfa0', 2, 295.0, '2026-02-24T18:53:42.673444+00:00', NULL);
INSERT INTO public.purchase_lines (id, purchase_document_id, sku_id, quantity, unit_cost, created_at, label) VALUES ('eef09980-593c-4ab0-aa48-a69523156d1d', '71a87dc7-c25f-4c93-999a-862b6f02a085', '660cfd6c-9899-491e-a9a8-bb097570d930', 2, 856.0, '2026-02-24T18:53:42.673444+00:00', NULL);
INSERT INTO public.purchase_lines (id, purchase_document_id, sku_id, quantity, unit_cost, created_at, label) VALUES ('3f9e6542-e0c7-4d10-93fe-942f8131f32e', 'f0d48757-a69f-4e15-a900-5305ca702d1c', 'c19ca39b-10bd-4c2b-a072-11ede3b47c9e', 1, 1012.0, '2026-02-25T11:02:08.099244+00:00', NULL);
INSERT INTO public.purchase_lines (id, purchase_document_id, sku_id, quantity, unit_cost, created_at, label) VALUES ('601ba648-0ed9-423d-98cf-6c2e81df414e', 'c56106c7-d2ba-425b-b2f9-87bd7d80f465', '1cd5a71b-a48e-4ddb-887c-2ad4c557b666', 8, 155.0, '2026-02-25T11:03:13.719144+00:00', NULL);
INSERT INTO public.purchase_lines (id, purchase_document_id, sku_id, quantity, unit_cost, created_at, label) VALUES ('63bd7475-2926-488a-bffb-f8b8b3eb04b2', 'bab24cde-de58-423e-90ce-92461e1df82f', '69987cce-959f-4448-9fa9-ef2c22faca2f', 1, 646.0, '2026-02-25T11:07:23.832936+00:00', NULL);
INSERT INTO public.purchase_lines (id, purchase_document_id, sku_id, quantity, unit_cost, created_at, label) VALUES ('07f0f8e2-e7b4-401b-9fdc-45da0cb4b190', 'bab24cde-de58-423e-90ce-92461e1df82f', '67a132d9-76bc-4d4f-8a67-68d03fed33f5', 1, 1167.0, '2026-02-25T11:07:23.832936+00:00', NULL);
INSERT INTO public.purchase_lines (id, purchase_document_id, sku_id, quantity, unit_cost, created_at, label) VALUES ('8c152f44-6a0e-42a1-8471-ad2352642d3c', 'bab24cde-de58-423e-90ce-92461e1df82f', '88616397-77d4-4efc-89fb-0d466c167dda', 1, 996.0, '2026-02-25T11:07:23.832936+00:00', NULL);
INSERT INTO public.purchase_lines (id, purchase_document_id, sku_id, quantity, unit_cost, created_at, label) VALUES ('6f1589ba-37e5-401a-a917-2ea753b63a69', 'c797591a-b66d-456d-ba8b-1bd1c5170739', '2f8c821e-bdbb-4f2b-9194-b17ef1ea7cad', 2, 545.0, '2026-02-25T11:10:38.885974+00:00', NULL);
INSERT INTO public.purchase_lines (id, purchase_document_id, sku_id, quantity, unit_cost, created_at, label) VALUES ('c831ae37-128e-44e0-a565-ecefb15999b0', 'c797591a-b66d-456d-ba8b-1bd1c5170739', '8400d576-0957-4a3e-a0c5-877bd16705b9', 1, 194.0, '2026-02-25T11:10:38.885974+00:00', NULL);
INSERT INTO public.purchase_lines (id, purchase_document_id, sku_id, quantity, unit_cost, created_at, label) VALUES ('2fb4aa85-e7e4-4248-9ad3-fc93b07faaf0', 'c797591a-b66d-456d-ba8b-1bd1c5170739', '05e222c9-3531-4005-acee-18973b1b09c7', 1, 194.0, '2026-02-25T11:10:38.885974+00:00', NULL);
INSERT INTO public.purchase_lines (id, purchase_document_id, sku_id, quantity, unit_cost, created_at, label) VALUES ('5fe85cb5-2378-4fb4-be3d-5c4c0f3392c5', 'c797591a-b66d-456d-ba8b-1bd1c5170739', '05e222c9-3531-4005-acee-18973b1b09c7', 2, 194.0, '2026-02-25T11:10:38.885974+00:00', NULL);
INSERT INTO public.purchase_lines (id, purchase_document_id, sku_id, quantity, unit_cost, created_at, label) VALUES ('b6489996-6e7b-4d34-accd-b5efd4bde99d', 'c797591a-b66d-456d-ba8b-1bd1c5170739', 'a6d38dbd-e1b5-42a3-99a5-d3dfa1bfa229', 1, 233.0, '2026-02-25T11:10:38.885974+00:00', NULL);
INSERT INTO public.purchase_lines (id, purchase_document_id, sku_id, quantity, unit_cost, created_at, label) VALUES ('8b2a1685-a570-4d4a-8bb4-b314f0177aea', 'c797591a-b66d-456d-ba8b-1bd1c5170739', '7c292049-a568-4d18-8d09-4c532a17723b', 1, 389.0, '2026-02-25T11:10:38.885974+00:00', NULL);
INSERT INTO public.purchase_lines (id, purchase_document_id, sku_id, quantity, unit_cost, created_at, label) VALUES ('28bf71cf-267f-4f3c-9c5f-05ce06a651c4', 'c797591a-b66d-456d-ba8b-1bd1c5170739', 'ab1ba9fa-6797-4e2c-a3b2-9ba38d18f8a0', 2, 389.0, '2026-02-25T11:10:38.885974+00:00', NULL);
INSERT INTO public.purchase_lines (id, purchase_document_id, sku_id, quantity, unit_cost, created_at, label) VALUES ('824884c5-7f05-43e8-80ac-09bbc6315d2c', '3075b875-5412-4805-9331-5f411d0c6bc8', 'bb94d851-4bd5-4dd5-956f-2aa6e47bca78', 1, 233.53, '2026-02-26T15:14:18.352474+00:00', NULL);
INSERT INTO public.purchase_lines (id, purchase_document_id, sku_id, quantity, unit_cost, created_at, label) VALUES ('bff4251b-b8ca-4aab-a6b1-84afae7ee6de', '3075b875-5412-4805-9331-5f411d0c6bc8', '5634d296-c35d-40f8-8593-0b579491cc18', 1, 233.53, '2026-02-26T15:14:18.352474+00:00', NULL);
INSERT INTO public.purchase_lines (id, purchase_document_id, sku_id, quantity, unit_cost, created_at, label) VALUES ('2e8c2c0e-6bae-4ff5-8c90-3188d0ca0567', '208dda5d-f07d-4148-a433-cde955b541ce', '4174aeb3-4692-4095-b2bd-96b770d14b09', 1, 365.91, '2026-02-26T15:15:31.081028+00:00', NULL);
INSERT INTO public.purchase_lines (id, purchase_document_id, sku_id, quantity, unit_cost, created_at, label) VALUES ('fc914ff2-bd64-4f6c-8da4-f0c540e8ef6a', '208dda5d-f07d-4148-a433-cde955b541ce', 'f4ccf108-8ad3-4266-b6d8-a1d4ad847f69', 1, 1167.95, '2026-02-26T15:15:31.081028+00:00', NULL);
INSERT INTO public.purchase_lines (id, purchase_document_id, sku_id, quantity, unit_cost, created_at, label) VALUES ('19251da2-368d-4989-b495-f5b591fd90fb', 'e34b8e48-16f4-4a93-affd-7de6f2bab605', '53c6250d-1585-497e-874b-b67c32addfbe', 1, 0.0, '2026-02-26T15:17:31.30502+00:00', NULL);
INSERT INTO public.purchase_lines (id, purchase_document_id, sku_id, quantity, unit_cost, created_at, label) VALUES ('c04c5ba0-b06b-40b2-8698-055908e5ca30', 'e34b8e48-16f4-4a93-affd-7de6f2bab605', 'e4bd4106-01bb-4e8e-ba02-223ab1fcdfd1', 1, 0.0, '2026-02-26T15:17:31.30502+00:00', NULL);
INSERT INTO public.purchase_lines (id, purchase_document_id, sku_id, quantity, unit_cost, created_at, label) VALUES ('d78f4adc-639a-4811-b131-041e46f15b53', 'e34b8e48-16f4-4a93-affd-7de6f2bab605', '0217a819-29ff-43de-a98d-af787b79adbd', 1, 0.0, '2026-02-26T15:17:31.30502+00:00', NULL);
INSERT INTO public.purchase_lines (id, purchase_document_id, sku_id, quantity, unit_cost, created_at, label) VALUES ('fbeae4b3-69c1-4a3a-b52a-f1701e3c9a49', 'e34b8e48-16f4-4a93-affd-7de6f2bab605', '7ad5d79e-cee1-4f1f-a1fe-7f8f3989cf29', 2, 0.0, '2026-02-26T15:17:31.30502+00:00', NULL);
INSERT INTO public.purchase_lines (id, purchase_document_id, sku_id, quantity, unit_cost, created_at, label) VALUES ('36b8c31c-1147-408d-a79c-0443ef395577', '83304891-110f-46a8-bbbf-34b704172f80', '1cd5a71b-a48e-4ddb-887c-2ad4c557b666', 6, 155.66, '2026-02-26T16:43:36.013869+00:00', NULL);
INSERT INTO public.purchase_lines (id, purchase_document_id, sku_id, quantity, unit_cost, created_at, label) VALUES ('3278b6ff-98f9-4a3e-bd29-91791d4fa93c', '83304891-110f-46a8-bbbf-34b704172f80', 'cc85f1c9-1a90-47e7-b36a-a5aefbbf63a1', 6, 62.22, '2026-02-26T16:43:36.013869+00:00', NULL);
INSERT INTO public.purchase_lines (id, purchase_document_id, sku_id, quantity, unit_cost, created_at, label) VALUES ('1665a646-80ff-4c4a-b34c-dab2beda09b6', '83304891-110f-46a8-bbbf-34b704172f80', '423888ae-aaf6-406d-bf42-b7af689ac47c', 18, 70.0, '2026-02-26T16:43:36.013869+00:00', NULL);
INSERT INTO public.purchase_lines (id, purchase_document_id, sku_id, quantity, unit_cost, created_at, label) VALUES ('8b21aa9c-c2ae-4692-8862-50fe360b3394', '83304891-110f-46a8-bbbf-34b704172f80', '8f491fee-d67c-456c-bbaa-054552b289e3', 6, 116.0, '2026-02-26T16:43:36.013869+00:00', NULL);
INSERT INTO public.purchase_lines (id, purchase_document_id, sku_id, quantity, unit_cost, created_at, label) VALUES ('c629edaf-bf38-4c5d-9e77-023dc96cf833', '83304891-110f-46a8-bbbf-34b704172f80', 'c090f105-3e19-4980-b90e-a27305512f23', 6, 428.0, '2026-02-26T16:43:36.013869+00:00', NULL);
INSERT INTO public.purchase_lines (id, purchase_document_id, sku_id, quantity, unit_cost, created_at, label) VALUES ('2b43003d-0ce8-4ee5-8b6f-cd020a99f3d2', '83304891-110f-46a8-bbbf-34b704172f80', '0993899f-96ef-4cfd-b7cd-1635c6318fdc', 6, 311.0, '2026-02-26T16:43:36.013869+00:00', NULL);
INSERT INTO public.purchase_lines (id, purchase_document_id, sku_id, quantity, unit_cost, created_at, label) VALUES ('be2a0b56-8270-4ff0-83a9-ecc4671fac38', '83304891-110f-46a8-bbbf-34b704172f80', '2b7bd8b0-08dd-4b5c-968a-45224330c916', 6, 249.0, '2026-02-26T16:43:36.013869+00:00', NULL);
INSERT INTO public.purchase_lines (id, purchase_document_id, sku_id, quantity, unit_cost, created_at, label) VALUES ('ee65e028-2a31-466d-823e-750d90a8e870', '83304891-110f-46a8-bbbf-34b704172f80', 'a9de06c8-bd9a-4163-9d0e-a34391cccd44', 6, 179.0, '2026-02-26T16:43:36.013869+00:00', NULL);
INSERT INTO public.purchase_lines (id, purchase_document_id, sku_id, quantity, unit_cost, created_at, label) VALUES ('734dbd33-974a-44bb-aecc-5b81a54d336b', '83304891-110f-46a8-bbbf-34b704172f80', 'dedf18b5-7c67-49c9-9866-239ca751cfa7', 6, 311.0, '2026-02-26T16:43:36.013869+00:00', NULL);
INSERT INTO public.purchase_lines (id, purchase_document_id, sku_id, quantity, unit_cost, created_at, label) VALUES ('eda8e788-9917-428c-ab74-c39ce710f461', '83304891-110f-46a8-bbbf-34b704172f80', '7ab7757e-ef7d-443d-b6e4-5ec00cc09696', 6, 124.0, '2026-02-26T16:43:36.013869+00:00', NULL);
INSERT INTO public.purchase_lines (id, purchase_document_id, sku_id, quantity, unit_cost, created_at, label) VALUES ('897a5677-91d1-438c-901b-36424c7a18fd', '83304891-110f-46a8-bbbf-34b704172f80', '69a55ef6-530c-4364-85a9-a3a978d6bafc', 6, 272.0, '2026-02-26T16:43:36.013869+00:00', NULL);
INSERT INTO public.purchase_lines (id, purchase_document_id, sku_id, quantity, unit_cost, created_at, label) VALUES ('25ac0c20-3c38-4e92-af57-2a817befefa2', '83304891-110f-46a8-bbbf-34b704172f80', 'fcce65d0-d0d6-40d0-92e8-159fa6813c6d', 6, 155.66, '2026-02-26T16:43:36.013869+00:00', NULL);
INSERT INTO public.purchase_lines (id, purchase_document_id, sku_id, quantity, unit_cost, created_at, label) VALUES ('2e0d1782-b15d-4e1e-b9d7-b9f63f13fce3', '83304891-110f-46a8-bbbf-34b704172f80', '690e892f-3f9f-4ca3-b3fa-5a9f7423d978', 6, 186.0, '2026-02-26T16:43:36.013869+00:00', NULL);
INSERT INTO public.purchase_lines (id, purchase_document_id, sku_id, quantity, unit_cost, created_at, label) VALUES ('41f171aa-2ab8-42b7-8d91-442dcb5a977c', '83304891-110f-46a8-bbbf-34b704172f80', 'a6d38dbd-e1b5-42a3-99a5-d3dfa1bfa229', 6, 233.0, '2026-02-26T16:43:36.013869+00:00', NULL);
INSERT INTO public.purchase_lines (id, purchase_document_id, sku_id, quantity, unit_cost, created_at, label) VALUES ('d673a7d1-3392-4d72-852e-d6b657563cb0', '83304891-110f-46a8-bbbf-34b704172f80', 'd9cacdb4-ecec-4169-8aec-d160a5513016', 6, 311.0, '2026-02-26T16:43:36.013869+00:00', NULL);
INSERT INTO public.purchase_lines (id, purchase_document_id, sku_id, quantity, unit_cost, created_at, label) VALUES ('63a39128-7303-4338-ac9e-e506daeb4b57', '83304891-110f-46a8-bbbf-34b704172f80', '1b7e0467-3bd5-430f-8043-c4bdb1e2f247', 6, 389.0, '2026-02-26T16:43:36.013869+00:00', NULL);
INSERT INTO public.purchase_lines (id, purchase_document_id, sku_id, quantity, unit_cost, created_at, label) VALUES ('8a23ccd4-45ce-49ce-9a86-59313149d6da', '83304891-110f-46a8-bbbf-34b704172f80', '76914c02-0a75-4880-879c-384b82e364b5', 6, 295.0, '2026-02-26T16:43:36.013869+00:00', NULL);
INSERT INTO public.purchase_lines (id, purchase_document_id, sku_id, quantity, unit_cost, created_at, label) VALUES ('2411de97-fe42-43e5-9d36-66e501fa51f1', 'fc08703f-cbf9-4f96-86fe-8c1c56c03812', '1cd5a71b-a48e-4ddb-887c-2ad4c557b666', 6, 155.66, '2026-02-26T16:55:05.041935+00:00', NULL);
INSERT INTO public.purchase_lines (id, purchase_document_id, sku_id, quantity, unit_cost, created_at, label) VALUES ('59b7e940-faeb-4966-bc39-684901c1dd83', 'fc08703f-cbf9-4f96-86fe-8c1c56c03812', 'cc85f1c9-1a90-47e7-b36a-a5aefbbf63a1', 6, 62.22, '2026-02-26T16:55:05.041935+00:00', NULL);
INSERT INTO public.purchase_lines (id, purchase_document_id, sku_id, quantity, unit_cost, created_at, label) VALUES ('6187a0f3-dfaa-4885-ad5c-ef43570d96f7', 'fc08703f-cbf9-4f96-86fe-8c1c56c03812', '423888ae-aaf6-406d-bf42-b7af689ac47c', 18, 70.0, '2026-02-26T16:55:05.041935+00:00', NULL);
INSERT INTO public.purchase_lines (id, purchase_document_id, sku_id, quantity, unit_cost, created_at, label) VALUES ('45c40826-fd80-4220-a4e8-6568cbb9fd95', 'fc08703f-cbf9-4f96-86fe-8c1c56c03812', '8f491fee-d67c-456c-bbaa-054552b289e3', 6, 116.0, '2026-02-26T16:55:05.041935+00:00', NULL);
INSERT INTO public.purchase_lines (id, purchase_document_id, sku_id, quantity, unit_cost, created_at, label) VALUES ('2a95bb3b-6b6d-4651-aa1b-9e121b6bb8ae', 'fc08703f-cbf9-4f96-86fe-8c1c56c03812', 'c090f105-3e19-4980-b90e-a27305512f23', 6, 428.0, '2026-02-26T16:55:05.041935+00:00', NULL);
INSERT INTO public.purchase_lines (id, purchase_document_id, sku_id, quantity, unit_cost, created_at, label) VALUES ('9595a19b-fa6e-47fb-bd6e-508adcb06833', 'fc08703f-cbf9-4f96-86fe-8c1c56c03812', '0993899f-96ef-4cfd-b7cd-1635c6318fdc', 6, 311.0, '2026-02-26T16:55:05.041935+00:00', NULL);
INSERT INTO public.purchase_lines (id, purchase_document_id, sku_id, quantity, unit_cost, created_at, label) VALUES ('963b1ea0-bcd9-4fea-a16a-31b7d961a32d', 'fc08703f-cbf9-4f96-86fe-8c1c56c03812', '2b7bd8b0-08dd-4b5c-968a-45224330c916', 6, 249.0, '2026-02-26T16:55:05.041935+00:00', NULL);
INSERT INTO public.purchase_lines (id, purchase_document_id, sku_id, quantity, unit_cost, created_at, label) VALUES ('a3468783-7d14-4f83-8783-5b01a21fa471', 'fc08703f-cbf9-4f96-86fe-8c1c56c03812', 'dedf18b5-7c67-49c9-9866-239ca751cfa7', 6, 311.0, '2026-02-26T16:55:05.041935+00:00', NULL);
INSERT INTO public.purchase_lines (id, purchase_document_id, sku_id, quantity, unit_cost, created_at, label) VALUES ('20264350-4be1-4a1f-a62c-a1bdc2ec044f', 'fc08703f-cbf9-4f96-86fe-8c1c56c03812', '7ab7757e-ef7d-443d-b6e4-5ec00cc09696', 6, 124.0, '2026-02-26T16:55:05.041935+00:00', NULL);
INSERT INTO public.purchase_lines (id, purchase_document_id, sku_id, quantity, unit_cost, created_at, label) VALUES ('a712b2cb-810d-4c7e-b146-e721f9fcc963', 'fc08703f-cbf9-4f96-86fe-8c1c56c03812', '69a55ef6-530c-4364-85a9-a3a978d6bafc', 6, 272.0, '2026-02-26T16:55:05.041935+00:00', NULL);
INSERT INTO public.purchase_lines (id, purchase_document_id, sku_id, quantity, unit_cost, created_at, label) VALUES ('5a00b442-b8d1-4eef-b616-13ef64a3b4b9', 'fc08703f-cbf9-4f96-86fe-8c1c56c03812', 'aa875050-e917-43d9-a8ee-68b3d6d84a5f', 6, 233.0, '2026-02-26T16:55:05.041935+00:00', NULL);
INSERT INTO public.purchase_lines (id, purchase_document_id, sku_id, quantity, unit_cost, created_at, label) VALUES ('99e0f20e-2d86-42fa-ac81-5e17d84575c5', 'fc08703f-cbf9-4f96-86fe-8c1c56c03812', '8400d576-0957-4a3e-a0c5-877bd16705b9', 6, 194.0, '2026-02-26T16:55:05.041935+00:00', NULL);
INSERT INTO public.purchase_lines (id, purchase_document_id, sku_id, quantity, unit_cost, created_at, label) VALUES ('f868e296-0746-4d2c-b2c5-8d31bde02a4d', 'fc08703f-cbf9-4f96-86fe-8c1c56c03812', 'fcce65d0-d0d6-40d0-92e8-159fa6813c6d', 6, 155.0, '2026-02-26T16:55:05.041935+00:00', NULL);
INSERT INTO public.purchase_lines (id, purchase_document_id, sku_id, quantity, unit_cost, created_at, label) VALUES ('3a622a8b-76ed-4eb0-9a4c-451286ba93d1', 'fc08703f-cbf9-4f96-86fe-8c1c56c03812', '690e892f-3f9f-4ca3-b3fa-5a9f7423d978', 6, 186.0, '2026-02-26T16:55:05.041935+00:00', NULL);
INSERT INTO public.purchase_lines (id, purchase_document_id, sku_id, quantity, unit_cost, created_at, label) VALUES ('32099254-ad2b-4f75-8fd0-1af25e36533b', 'fc08703f-cbf9-4f96-86fe-8c1c56c03812', 'a6d38dbd-e1b5-42a3-99a5-d3dfa1bfa229', 6, 233.0, '2026-02-26T16:55:05.041935+00:00', NULL);
INSERT INTO public.purchase_lines (id, purchase_document_id, sku_id, quantity, unit_cost, created_at, label) VALUES ('57ff81f4-18a3-4ba1-9a37-2a47441bf885', 'fc08703f-cbf9-4f96-86fe-8c1c56c03812', 'd9cacdb4-ecec-4169-8aec-d160a5513016', 6, 311.0, '2026-02-26T16:55:05.041935+00:00', NULL);
INSERT INTO public.purchase_lines (id, purchase_document_id, sku_id, quantity, unit_cost, created_at, label) VALUES ('4b511bbc-9ba5-4194-afba-214a55005416', 'fc08703f-cbf9-4f96-86fe-8c1c56c03812', '27f2a920-da58-447a-9999-f0dfca36cfa0', 6, 295.0, '2026-02-26T16:55:05.041935+00:00', NULL);
INSERT INTO public.purchase_lines (id, purchase_document_id, sku_id, quantity, unit_cost, created_at, label) VALUES ('6a2a327c-9296-4230-9f9d-df7bf7650d80', '2dc92fe1-06f5-4a07-a21f-3fa66b3500ca', 'ab0a852d-a067-4012-b368-cb4671ebc3f7', 22, 233.0, '2026-02-26T16:58:49.598854+00:00', NULL);
INSERT INTO public.purchase_lines (id, purchase_document_id, sku_id, quantity, unit_cost, created_at, label) VALUES ('868c369b-7ab1-4514-a1bf-6d0d8611195c', '2dc92fe1-06f5-4a07-a21f-3fa66b3500ca', '99ae33d2-576f-425c-a9c8-866926a43dc6', 11, 389.0, '2026-02-26T16:58:49.598854+00:00', NULL);
INSERT INTO public.purchase_lines (id, purchase_document_id, sku_id, quantity, unit_cost, created_at, label) VALUES ('c854b3eb-c939-4a98-94f5-df4917da3e6b', '2dc92fe1-06f5-4a07-a21f-3fa66b3500ca', '1780c515-95fb-46ed-bfa8-32f920a22ac5', 33, 155.0, '2026-02-26T16:58:49.598854+00:00', NULL);
INSERT INTO public.purchase_lines (id, purchase_document_id, sku_id, quantity, unit_cost, created_at, label) VALUES ('c6b5557e-eb33-4485-8924-428264f85b0d', '9880d0e9-ab7c-42e9-8021-a1f89503bcce', 'fbe2362c-c373-4747-a36a-b67ae10e74b0', 11, 467.0, '2026-02-26T17:01:34.494994+00:00', NULL);
INSERT INTO public.purchase_lines (id, purchase_document_id, sku_id, quantity, unit_cost, created_at, label) VALUES ('eb835f53-d63c-41b3-aec2-55a634fb0c93', '9880d0e9-ab7c-42e9-8021-a1f89503bcce', 'e7db44e3-1e2d-457e-b240-943a2082ba03', 33, 155.0, '2026-02-26T17:01:34.494994+00:00', NULL);
INSERT INTO public.purchase_lines (id, purchase_document_id, sku_id, quantity, unit_cost, created_at, label) VALUES ('497df84b-3131-489a-a17c-6e01e33bba7a', '9880d0e9-ab7c-42e9-8021-a1f89503bcce', '27f2a920-da58-447a-9999-f0dfca36cfa0', 11, 295.0, '2026-02-26T17:01:34.494994+00:00', NULL);
INSERT INTO public.purchase_lines (id, purchase_document_id, sku_id, quantity, unit_cost, created_at, label) VALUES ('b159b8ff-23ec-4e46-b262-56f4bd1aa9b4', '97e77e12-312b-41d5-a865-9f676ccc4982', 'e7db44e3-1e2d-457e-b240-943a2082ba03', 72, 155.0, '2026-02-26T17:05:05.913473+00:00', NULL);
INSERT INTO public.purchase_lines (id, purchase_document_id, sku_id, quantity, unit_cost, created_at, label) VALUES ('e44365ba-4831-474e-b020-7e4fc3c48d32', '97e77e12-312b-41d5-a865-9f676ccc4982', '27f2a920-da58-447a-9999-f0dfca36cfa0', 12, 295.0, '2026-02-26T17:05:05.913473+00:00', NULL);
INSERT INTO public.purchase_lines (id, purchase_document_id, sku_id, quantity, unit_cost, created_at, label) VALUES ('2a1d5b25-ed71-47fe-8f1c-c3b82bf00d04', '97e77e12-312b-41d5-a865-9f676ccc4982', '660cfd6c-9899-491e-a9a8-bb097570d930', 12, 856.0, '2026-02-26T17:05:05.913473+00:00', NULL);
INSERT INTO public.purchase_lines (id, purchase_document_id, sku_id, quantity, unit_cost, created_at, label) VALUES ('036d574a-761c-454f-b5d6-5a62b48e2e54', '4768fdf2-659e-43df-b385-1ee2ee85a2f4', '8331d416-99df-4c31-a222-06231a28e3de', 3, 545.0, '2026-02-26T17:11:38.835578+00:00', NULL);
INSERT INTO public.purchase_lines (id, purchase_document_id, sku_id, quantity, unit_cost, created_at, label) VALUES ('6b21b052-6290-4e6a-95a0-44d11f5b7248', '4768fdf2-659e-43df-b385-1ee2ee85a2f4', '05e222c9-3531-4005-acee-18973b1b09c7', 3, 194.0, '2026-02-26T17:11:38.835578+00:00', NULL);
INSERT INTO public.purchase_lines (id, purchase_document_id, sku_id, quantity, unit_cost, created_at, label) VALUES ('c88569cd-fc07-4432-a68e-c7298188b2eb', '4768fdf2-659e-43df-b385-1ee2ee85a2f4', 'b912ee0e-c58e-465c-8415-acab3db374c6', 3, 155.0, '2026-02-26T17:11:38.835578+00:00', NULL);
INSERT INTO public.purchase_lines (id, purchase_document_id, sku_id, quantity, unit_cost, created_at, label) VALUES ('44ca9a9f-4f52-4ebf-88ce-d255ba4b1d4c', '4768fdf2-659e-43df-b385-1ee2ee85a2f4', 'a6d38dbd-e1b5-42a3-99a5-d3dfa1bfa229', 3, 233.0, '2026-02-26T17:11:38.835578+00:00', NULL);
INSERT INTO public.purchase_lines (id, purchase_document_id, sku_id, quantity, unit_cost, created_at, label) VALUES ('6f7b172c-ae8b-4436-b65f-a84a75fa30fe', '4768fdf2-659e-43df-b385-1ee2ee85a2f4', 'd9cacdb4-ecec-4169-8aec-d160a5513016', 3, 311.0, '2026-02-26T17:11:38.835578+00:00', NULL);
INSERT INTO public.purchase_lines (id, purchase_document_id, sku_id, quantity, unit_cost, created_at, label) VALUES ('93698509-fcc3-4e66-bdbf-c18a30c8b9d4', '4768fdf2-659e-43df-b385-1ee2ee85a2f4', '1b7e0467-3bd5-430f-8043-c4bdb1e2f247', 3, 389.0, '2026-02-26T17:11:38.835578+00:00', NULL);
INSERT INTO public.purchase_lines (id, purchase_document_id, sku_id, quantity, unit_cost, created_at, label) VALUES ('fa11a607-36eb-4cce-b03e-0ea944512ba2', '098da4cf-f2fc-45d8-8335-588bf4c99884', '6f513e02-f690-4ba0-b9b5-457bd4e33568', 1, 233.0, '2026-02-26T17:13:43.324293+00:00', NULL);
INSERT INTO public.purchase_lines (id, purchase_document_id, sku_id, quantity, unit_cost, created_at, label) VALUES ('bfe498ad-2ac9-401e-9468-859595fa3bfe', '098da4cf-f2fc-45d8-8335-588bf4c99884', 'c98997a3-af8b-4946-ab17-821abd88697c', 2, 233.0, '2026-02-26T17:13:43.324293+00:00', NULL);
INSERT INTO public.purchase_lines (id, purchase_document_id, sku_id, quantity, unit_cost, created_at, label) VALUES ('1f5f757f-08e2-4dc2-ac3a-149795cd8578', '098da4cf-f2fc-45d8-8335-588bf4c99884', 'd9cacdb4-ecec-4169-8aec-d160a5513016', 1, 311.0, '2026-02-26T17:13:43.324293+00:00', NULL);
INSERT INTO public.purchase_lines (id, purchase_document_id, sku_id, quantity, unit_cost, created_at, label) VALUES ('1828d0fc-a600-40fe-8c64-a00faf046e9c', '6f3b0455-5e6d-4562-a219-5bfe7a9d2dc6', 'cc85f1c9-1a90-47e7-b36a-a5aefbbf63a1', 10, 62.22, '2026-02-26T17:23:30.552239+00:00', NULL);
INSERT INTO public.purchase_lines (id, purchase_document_id, sku_id, quantity, unit_cost, created_at, label) VALUES ('b466eb4a-dfc4-4a13-b233-dfc36c15bd32', '6f3b0455-5e6d-4562-a219-5bfe7a9d2dc6', 'a9de06c8-bd9a-4163-9d0e-a34391cccd44', 10, 179.0, '2026-02-26T17:23:30.552239+00:00', NULL);
INSERT INTO public.purchase_lines (id, purchase_document_id, sku_id, quantity, unit_cost, created_at, label) VALUES ('968d1619-5fa6-4f1c-8f31-7c2b3da0942d', '6f3b0455-5e6d-4562-a219-5bfe7a9d2dc6', '7ab7757e-ef7d-443d-b6e4-5ec00cc09696', 30, 124.0, '2026-02-26T17:23:30.552239+00:00', NULL);
INSERT INTO public.purchase_lines (id, purchase_document_id, sku_id, quantity, unit_cost, created_at, label) VALUES ('124c88bf-17ae-4c4a-9f0c-e31452f29993', '6f3b0455-5e6d-4562-a219-5bfe7a9d2dc6', 'aa875050-e917-43d9-a8ee-68b3d6d84a5f', 10, 233.0, '2026-02-26T17:23:30.552239+00:00', NULL);
INSERT INTO public.purchase_lines (id, purchase_document_id, sku_id, quantity, unit_cost, created_at, label) VALUES ('f5a4aa74-aefa-4d89-8133-3a1ddd498be7', '6f3b0455-5e6d-4562-a219-5bfe7a9d2dc6', '5d8e16d7-74e4-4d46-a186-deb7db108507', 10, 233.0, '2026-02-26T17:23:30.552239+00:00', NULL);
INSERT INTO public.purchase_lines (id, purchase_document_id, sku_id, quantity, unit_cost, created_at, label) VALUES ('8d49326c-2819-41cb-9c45-672a36e82d87', 'a9a2b899-cdab-4084-ad9c-9f2e5d9a2fd6', 'cc85f1c9-1a90-47e7-b36a-a5aefbbf63a1', 1, 62.22, '2026-02-26T17:25:57.394626+00:00', NULL);
INSERT INTO public.purchase_lines (id, purchase_document_id, sku_id, quantity, unit_cost, created_at, label) VALUES ('24677923-17bc-42e0-adcf-c0318d6e0eaf', 'a9a2b899-cdab-4084-ad9c-9f2e5d9a2fd6', 'a9de06c8-bd9a-4163-9d0e-a34391cccd44', 1, 179.0, '2026-02-26T17:25:57.394626+00:00', NULL);
INSERT INTO public.purchase_lines (id, purchase_document_id, sku_id, quantity, unit_cost, created_at, label) VALUES ('85d3d926-6d5d-4980-ada8-462e28b2f224', 'a9a2b899-cdab-4084-ad9c-9f2e5d9a2fd6', '7ab7757e-ef7d-443d-b6e4-5ec00cc09696', 3, 124.0, '2026-02-26T17:25:57.394626+00:00', NULL);
INSERT INTO public.purchase_lines (id, purchase_document_id, sku_id, quantity, unit_cost, created_at, label) VALUES ('9665fa31-d618-416a-ab44-5801680b42b7', 'a9a2b899-cdab-4084-ad9c-9f2e5d9a2fd6', '5d8e16d7-74e4-4d46-a186-deb7db108507', 1, 233.0, '2026-02-26T17:25:57.394626+00:00', NULL);
INSERT INTO public.purchase_lines (id, purchase_document_id, sku_id, quantity, unit_cost, created_at, label) VALUES ('726ee25f-60a7-4480-825f-6843ad90eef7', 'a9a2b899-cdab-4084-ad9c-9f2e5d9a2fd6', 'aa875050-e917-43d9-a8ee-68b3d6d84a5f', 1, 233.0, '2026-02-26T17:25:57.394626+00:00', NULL);
INSERT INTO public.purchase_lines (id, purchase_document_id, sku_id, quantity, unit_cost, created_at, label) VALUES ('c0e5716b-df40-4c9a-a491-8311b6da121b', 'de541b56-7d48-4849-b684-1fbcd9ce1653', '76914c02-0a75-4880-879c-384b82e364b5', 148, 295.0, '2026-02-26T17:28:58.205419+00:00', NULL);
INSERT INTO public.purchase_lines (id, purchase_document_id, sku_id, quantity, unit_cost, created_at, label) VALUES ('2d188377-c07c-4021-a1ae-9ce4d4c3d7f1', '3d562568-5fe0-4ffc-b944-9b31820e160a', 'c19ca39b-10bd-4c2b-a072-11ede3b47c9e', 4, 1012.0, '2026-02-26T17:30:40.758559+00:00', NULL);
INSERT INTO public.purchase_lines (id, purchase_document_id, sku_id, quantity, unit_cost, created_at, label) VALUES ('8c4391fc-c5a4-45a6-a00d-4f13f3be7893', 'db2e9651-9632-4240-b3e3-cdf55554720a', '1cd5a71b-a48e-4ddb-887c-2ad4c557b666', 155, 155.66, '2026-02-26T17:33:19.931134+00:00', NULL);
INSERT INTO public.purchase_lines (id, purchase_document_id, sku_id, quantity, unit_cost, created_at, label) VALUES ('b9858e91-a200-48a1-b469-c484855756bf', 'ae529527-fce1-4cd6-8566-0b23734c742e', '690e892f-3f9f-4ca3-b3fa-5a9f7423d978', 5, 186.0, '2026-02-26T17:43:15.088728+00:00', NULL);
INSERT INTO public.purchase_lines (id, purchase_document_id, sku_id, quantity, unit_cost, created_at, label) VALUES ('6c1a7474-f6f8-4e5d-bd03-9e13e1ea7d48', 'ae529527-fce1-4cd6-8566-0b23734c742e', '80a2fe30-215e-47cd-b190-c006ee70cf6b', 1, 770.0, '2026-02-26T17:43:15.088728+00:00', NULL);
INSERT INTO public.purchase_lines (id, purchase_document_id, sku_id, quantity, unit_cost, created_at, label) VALUES ('de7d7731-b192-4102-9f62-3381940f0d8d', 'ae529527-fce1-4cd6-8566-0b23734c742e', '69987cce-959f-4448-9fa9-ef2c22faca2f', 8, 646.0, '2026-02-26T17:43:15.088728+00:00', NULL);
INSERT INTO public.purchase_lines (id, purchase_document_id, sku_id, quantity, unit_cost, created_at, label) VALUES ('186d3b59-8df7-4595-8210-a3078398b19a', 'ae529527-fce1-4cd6-8566-0b23734c742e', 'f23116bc-97fa-4fa2-9b6c-1a44de74d737', 1, 926.0, '2026-02-26T17:43:15.088728+00:00', NULL);
INSERT INTO public.purchase_lines (id, purchase_document_id, sku_id, quantity, unit_cost, created_at, label) VALUES ('8c7d330d-c68e-4a62-9b63-45f2fb83791d', 'ae529527-fce1-4cd6-8566-0b23734c742e', 'bfc9f8d5-92ec-45be-8067-c20fa820d7fa', 2, 1713.0, '2026-02-26T17:43:15.088728+00:00', NULL);
INSERT INTO public.purchase_lines (id, purchase_document_id, sku_id, quantity, unit_cost, created_at, label) VALUES ('52db1c3a-499b-4b47-b2d3-5c70c0504b3d', 'ae529527-fce1-4cd6-8566-0b23734c742e', 'eb9fd195-3a43-4033-9e4b-6a794dcc6e5e', 1, 1806.0, '2026-02-26T17:43:15.088728+00:00', NULL);
INSERT INTO public.purchase_lines (id, purchase_document_id, sku_id, quantity, unit_cost, created_at, label) VALUES ('e3bf4823-bae0-4347-b02a-dcab584f7ebb', 'cff2d0d9-04d4-47cb-b20c-f447aa467115', '27f2a920-da58-447a-9999-f0dfca36cfa0', 148, 295.0, '2026-02-26T17:44:32.46919+00:00', NULL);
INSERT INTO public.purchase_lines (id, purchase_document_id, sku_id, quantity, unit_cost, created_at, label) VALUES ('abe3d99a-b8ae-4988-9ed9-ecbbaa1631db', '58b63c16-f765-490f-b335-b0893ecb22d9', '7ab7757e-ef7d-443d-b6e4-5ec00cc09696', 15, 124.0, '2026-02-26T17:46:07.679204+00:00', NULL);
INSERT INTO public.purchase_lines (id, purchase_document_id, sku_id, quantity, unit_cost, created_at, label) VALUES ('e3d852ec-7bd2-400d-82e3-dbf6f4c07efc', '58b63c16-f765-490f-b335-b0893ecb22d9', 'e7db44e3-1e2d-457e-b240-943a2082ba03', 7, 155.0, '2026-02-26T17:46:07.679204+00:00', NULL);
INSERT INTO public.purchase_lines (id, purchase_document_id, sku_id, quantity, unit_cost, created_at, label) VALUES ('e16afea5-000e-471d-94d6-9295093ecfdf', '9f18ef37-6f5a-41ea-9d59-846a2748f175', '8331d416-99df-4c31-a222-06231a28e3de', 5, 545.0, '2026-02-26T17:54:31.341775+00:00', NULL);
INSERT INTO public.purchase_lines (id, purchase_document_id, sku_id, quantity, unit_cost, created_at, label) VALUES ('d9035730-e2fa-4846-94ae-76913fe574d8', '9f18ef37-6f5a-41ea-9d59-846a2748f175', '8400d576-0957-4a3e-a0c5-877bd16705b9', 26, 194.0, '2026-02-26T17:54:31.341775+00:00', NULL);
INSERT INTO public.purchase_lines (id, purchase_document_id, sku_id, quantity, unit_cost, created_at, label) VALUES ('8f54c041-c0a6-43fb-b9b6-f06d29ba79a6', '9f18ef37-6f5a-41ea-9d59-846a2748f175', '05e222c9-3531-4005-acee-18973b1b09c7', 22, 194.0, '2026-02-26T17:54:31.341775+00:00', NULL);
INSERT INTO public.purchase_lines (id, purchase_document_id, sku_id, quantity, unit_cost, created_at, label) VALUES ('2d4a43fa-dd0a-4bdb-aba7-54c1a653539f', '9f18ef37-6f5a-41ea-9d59-846a2748f175', '05e222c9-3531-4005-acee-18973b1b09c7', 38, 194.0, '2026-02-26T17:54:31.341775+00:00', NULL);
INSERT INTO public.purchase_lines (id, purchase_document_id, sku_id, quantity, unit_cost, created_at, label) VALUES ('ceb56a85-49d1-47cc-bbb7-6859dd4337ea', '9f18ef37-6f5a-41ea-9d59-846a2748f175', 'fcce65d0-d0d6-40d0-92e8-159fa6813c6d', 80, 155.0, '2026-02-26T17:54:31.341775+00:00', NULL);
INSERT INTO public.purchase_lines (id, purchase_document_id, sku_id, quantity, unit_cost, created_at, label) VALUES ('e1b7078c-c211-4141-85c9-330d6f865dbb', '9f18ef37-6f5a-41ea-9d59-846a2748f175', 'b912ee0e-c58e-465c-8415-acab3db374c6', 10, 155.0, '2026-02-26T17:54:31.341775+00:00', NULL);
INSERT INTO public.purchase_lines (id, purchase_document_id, sku_id, quantity, unit_cost, created_at, label) VALUES ('242217af-d6a0-42a6-b0b5-723a22e9e28b', '9f18ef37-6f5a-41ea-9d59-846a2748f175', 'a6d38dbd-e1b5-42a3-99a5-d3dfa1bfa229', 44, 233.0, '2026-02-26T17:54:31.341775+00:00', NULL);
INSERT INTO public.purchase_lines (id, purchase_document_id, sku_id, quantity, unit_cost, created_at, label) VALUES ('f795c82e-c7d4-4f3c-9564-464945648145', '9f18ef37-6f5a-41ea-9d59-846a2748f175', '6f513e02-f690-4ba0-b9b5-457bd4e33568', 17, 233.0, '2026-02-26T17:54:31.341775+00:00', NULL);
INSERT INTO public.purchase_lines (id, purchase_document_id, sku_id, quantity, unit_cost, created_at, label) VALUES ('fc7c2ed0-c722-4596-9b98-a7026e6436ab', '9f18ef37-6f5a-41ea-9d59-846a2748f175', 'd9cacdb4-ecec-4169-8aec-d160a5513016', 6, 311.0, '2026-02-26T17:54:31.341775+00:00', NULL);
INSERT INTO public.purchase_lines (id, purchase_document_id, sku_id, quantity, unit_cost, created_at, label) VALUES ('a297a727-e6aa-42a4-9156-ca4d7614c8d5', '9f18ef37-6f5a-41ea-9d59-846a2748f175', 'ab1ba9fa-6797-4e2c-a3b2-9ba38d18f8a0', 6, 389.0, '2026-02-26T17:54:31.341775+00:00', NULL);
INSERT INTO public.purchase_lines (id, purchase_document_id, sku_id, quantity, unit_cost, created_at, label) VALUES ('01641bc8-64dc-47b5-9106-117d4db96699', '1fbeb8aa-47ef-4134-b6cd-be2eb9018541', '38150ded-b34d-49b3-a132-133864679b11', 29, 778.0, '2026-02-26T18:02:03.197817+00:00', NULL);
INSERT INTO public.purchase_lines (id, purchase_document_id, sku_id, quantity, unit_cost, created_at, label) VALUES ('d202a0c2-9465-427c-8b85-9c13acdf01e4', '1fbeb8aa-47ef-4134-b6cd-be2eb9018541', '322ec2b6-0a7b-4981-b1c1-a4077ccb4804', 7, 778.0, '2026-02-26T18:02:03.197817+00:00', NULL);
INSERT INTO public.purchase_lines (id, purchase_document_id, sku_id, quantity, unit_cost, created_at, label) VALUES ('f565a031-2720-4da9-8b20-1f97286c6cfc', '1fbeb8aa-47ef-4134-b6cd-be2eb9018541', '5085bda9-5683-4faf-9511-0e21e3123cc0', 5, 778.0, '2026-02-26T18:02:03.197817+00:00', NULL);
INSERT INTO public.purchase_lines (id, purchase_document_id, sku_id, quantity, unit_cost, created_at, label) VALUES ('ad8d8ff2-de13-4cd2-82c5-703e41fdcc76', '1fbeb8aa-47ef-4134-b6cd-be2eb9018541', '1ae8dced-b81d-48b3-9ba9-f26826c34d80', 5, 778.0, '2026-02-26T18:02:03.197817+00:00', NULL);
INSERT INTO public.purchase_lines (id, purchase_document_id, sku_id, quantity, unit_cost, created_at, label) VALUES ('528b89da-bf51-4f9d-bb47-4f4d779bbdc6', '1fbeb8aa-47ef-4134-b6cd-be2eb9018541', '03773853-33a4-479f-9faa-a988b450e661', 10, 778.0, '2026-02-26T18:02:03.197817+00:00', NULL);
INSERT INTO public.purchase_lines (id, purchase_document_id, sku_id, quantity, unit_cost, created_at, label) VALUES ('f04ad77a-a4f4-457d-9fd8-ff60b01bdbd7', '41a1b53e-19ed-4cdc-b278-15eb5f310c9c', 'e160638e-3cde-415f-9bb6-d9374e31b629', 1, 973.0, '2026-02-26T18:18:30.33035+00:00', NULL);
INSERT INTO public.purchase_lines (id, purchase_document_id, sku_id, quantity, unit_cost, created_at, label) VALUES ('35676f1e-3aa7-4583-bf01-755bf07e732d', '41a1b53e-19ed-4cdc-b278-15eb5f310c9c', 'f026ec4b-3df5-4f1a-a2c5-8c0c7579e715', 8, 1058.0, '2026-02-26T18:18:30.33035+00:00', NULL);
INSERT INTO public.purchase_lines (id, purchase_document_id, sku_id, quantity, unit_cost, created_at, label) VALUES ('3ad4b040-002e-4125-a82a-15f664a65761', '41a1b53e-19ed-4cdc-b278-15eb5f310c9c', 'a1916c02-8ec2-4df5-83fb-126b663c5433', 16, 1058.0, '2026-02-26T18:18:30.33035+00:00', NULL);
INSERT INTO public.purchase_lines (id, purchase_document_id, sku_id, quantity, unit_cost, created_at, label) VALUES ('094ba80c-13b0-4fb1-8659-e45b2fc4dc83', '41a1b53e-19ed-4cdc-b278-15eb5f310c9c', '4d12c3e8-7360-471f-bfe2-e03ed250acad', 13, 1058.0, '2026-02-26T18:18:30.33035+00:00', NULL);
INSERT INTO public.purchase_lines (id, purchase_document_id, sku_id, quantity, unit_cost, created_at, label) VALUES ('16c1a62e-9c33-4afc-9fce-737a385bbe53', '41a1b53e-19ed-4cdc-b278-15eb5f310c9c', '9e89a2e7-eb39-43fd-8123-99d85cf909a7', 1, 1253.0, '2026-02-26T18:18:30.33035+00:00', NULL);
INSERT INTO public.purchase_lines (id, purchase_document_id, sku_id, quantity, unit_cost, created_at, label) VALUES ('f53931c3-6865-4660-8d8b-5632e24f2e76', '41a1b53e-19ed-4cdc-b278-15eb5f310c9c', '51e7dced-faae-403e-b284-6610d9631df8', 6, 1253.0, '2026-02-26T18:18:30.33035+00:00', NULL);
INSERT INTO public.purchase_lines (id, purchase_document_id, sku_id, quantity, unit_cost, created_at, label) VALUES ('f1393c7d-212d-4bb3-8569-b0935ca9773d', '41a1b53e-19ed-4cdc-b278-15eb5f310c9c', '6ac84b20-eda9-48f2-94ee-c597adecc7cd', 1, 1253.0, '2026-02-26T18:18:30.33035+00:00', NULL);
INSERT INTO public.purchase_lines (id, purchase_document_id, sku_id, quantity, unit_cost, created_at, label) VALUES ('71a38219-9b9a-44dd-b67c-2c1352062d07', '41a1b53e-19ed-4cdc-b278-15eb5f310c9c', '2b0f4b89-78fe-4ddd-81f5-d9a426d41ba6', 2, 1175.0, '2026-02-26T18:18:30.33035+00:00', NULL);
INSERT INTO public.purchase_lines (id, purchase_document_id, sku_id, quantity, unit_cost, created_at, label) VALUES ('1b8c0b4f-ca5d-4802-84db-8e56f8d4caf4', '41a1b53e-19ed-4cdc-b278-15eb5f310c9c', '9366c795-0606-40ce-89ec-6d31198ec470', 11, 1175.0, '2026-02-26T18:18:30.33035+00:00', NULL);
INSERT INTO public.purchase_lines (id, purchase_document_id, sku_id, quantity, unit_cost, created_at, label) VALUES ('4f93cd81-f686-4ea7-b3ec-5d112d3ae0f5', '41a1b53e-19ed-4cdc-b278-15eb5f310c9c', '1806d623-77ef-4d12-9c16-0fc80b92dc9b', 1, 1175.0, '2026-02-26T18:18:30.33035+00:00', NULL);
INSERT INTO public.purchase_lines (id, purchase_document_id, sku_id, quantity, unit_cost, created_at, label) VALUES ('94d834c7-0141-465f-b390-710931288bfb', '41a1b53e-19ed-4cdc-b278-15eb5f310c9c', '76743f78-b319-405f-af23-a8b2694b048c', 1, 1954.0, '2026-02-26T18:18:30.33035+00:00', NULL);
INSERT INTO public.purchase_lines (id, purchase_document_id, sku_id, quantity, unit_cost, created_at, label) VALUES ('9034919f-9f63-46b9-b37e-035dcc575444', '41a1b53e-19ed-4cdc-b278-15eb5f310c9c', 'd6d0bd98-c549-4507-bcb9-82f6dc29c1e4', 2, 1370.0, '2026-02-26T18:18:30.33035+00:00', NULL);
INSERT INTO public.purchase_lines (id, purchase_document_id, sku_id, quantity, unit_cost, created_at, label) VALUES ('edd343cf-8700-4fd5-8d9c-537cf8326695', 'e64a2ed0-f242-4cab-9386-179c7a3aee59', '322ec2b6-0a7b-4981-b1c1-a4077ccb4804', 1, 778.0, '2026-02-26T18:32:41.003374+00:00', NULL);
INSERT INTO public.purchase_lines (id, purchase_document_id, sku_id, quantity, unit_cost, created_at, label) VALUES ('7c75cf90-f35e-490d-8049-c87dd53981de', 'e64a2ed0-f242-4cab-9386-179c7a3aee59', '5085bda9-5683-4faf-9511-0e21e3123cc0', 1, 778.0, '2026-02-26T18:32:41.003374+00:00', NULL);
INSERT INTO public.purchase_lines (id, purchase_document_id, sku_id, quantity, unit_cost, created_at, label) VALUES ('6862f9c9-0649-4045-bb42-d5d6827b9de1', 'e64a2ed0-f242-4cab-9386-179c7a3aee59', '1ae8dced-b81d-48b3-9ba9-f26826c34d80', 1, 778.0, '2026-02-26T18:32:41.003374+00:00', NULL);
INSERT INTO public.purchase_lines (id, purchase_document_id, sku_id, quantity, unit_cost, created_at, label) VALUES ('258ce09e-d5b2-428e-8306-d40c491b9754', 'e64a2ed0-f242-4cab-9386-179c7a3aee59', '03773853-33a4-479f-9faa-a988b450e661', 1, 778.0, '2026-02-26T18:32:41.003374+00:00', NULL);
INSERT INTO public.purchase_lines (id, purchase_document_id, sku_id, quantity, unit_cost, created_at, label) VALUES ('4bbf4e11-bdeb-4d68-86d2-ae65a2bbd104', 'e64a2ed0-f242-4cab-9386-179c7a3aee59', '9366c795-0606-40ce-89ec-6d31198ec470', 2, 1175.0, '2026-02-26T18:32:41.003374+00:00', NULL);
INSERT INTO public.purchase_lines (id, purchase_document_id, sku_id, quantity, unit_cost, created_at, label) VALUES ('5c209202-b1e7-44c3-8a1e-4ac12bc17eb8', 'e64a2ed0-f242-4cab-9386-179c7a3aee59', 'a1916c02-8ec2-4df5-83fb-126b663c5433', 1, 1058.0, '2026-02-26T18:32:41.003374+00:00', NULL);
INSERT INTO public.purchase_lines (id, purchase_document_id, sku_id, quantity, unit_cost, created_at, label) VALUES ('0ccab203-a038-4b1e-8480-780b4efb1e56', 'cc2caa63-aa41-4911-a5ef-d739b04efb67', '1cd5a71b-a48e-4ddb-887c-2ad4c557b666', 5, 155.0, '2026-02-26T18:35:03.578986+00:00', NULL);
INSERT INTO public.purchase_lines (id, purchase_document_id, sku_id, quantity, unit_cost, created_at, label) VALUES ('fe299167-1d72-4edf-b0d8-6c008593bfad', 'cc2caa63-aa41-4911-a5ef-d739b04efb67', '27f2a920-da58-447a-9999-f0dfca36cfa0', 10, 295.0, '2026-02-26T18:35:03.578986+00:00', NULL);
INSERT INTO public.purchase_lines (id, purchase_document_id, sku_id, quantity, unit_cost, created_at, label) VALUES ('6f78a1fc-3086-45d9-b801-98e0a59173ba', 'b68961ae-ebce-4675-91e9-fa89e44cc734', '1cd5a71b-a48e-4ddb-887c-2ad4c557b666', 5, 155.66, '2026-02-26T18:36:06.187072+00:00', NULL);
INSERT INTO public.purchase_lines (id, purchase_document_id, sku_id, quantity, unit_cost, created_at, label) VALUES ('151cb2bf-a3f6-4048-a25a-fa037c4b5100', 'b68961ae-ebce-4675-91e9-fa89e44cc734', '27f2a920-da58-447a-9999-f0dfca36cfa0', 15, 295.0, '2026-02-26T18:36:06.187072+00:00', NULL);
INSERT INTO public.purchase_lines (id, purchase_document_id, sku_id, quantity, unit_cost, created_at, label) VALUES ('4f6b0426-8a34-4f44-90d0-a80795f2cb5e', '33d7f992-13aa-415c-959e-e142f75fb76b', '8e7129b7-d83b-4683-979c-44528565e289', 1, 1565.0, '2026-02-26T18:37:16.06186+00:00', NULL);
INSERT INTO public.purchase_lines (id, purchase_document_id, sku_id, quantity, unit_cost, created_at, label) VALUES ('d948edb2-632d-4ccb-b4c4-47865ae066e5', '02beac60-85d6-481e-bf2a-c6e4312f0004', '624b257b-b152-4efb-8ccc-2b8a244aaf89', 2, 801.0, '2026-02-26T18:40:48.902856+00:00', NULL);
INSERT INTO public.purchase_lines (id, purchase_document_id, sku_id, quantity, unit_cost, created_at, label) VALUES ('ab7f0621-3613-4653-be5e-845ae3e80535', '02beac60-85d6-481e-bf2a-c6e4312f0004', 'ad93e5bd-4490-4909-9356-98821abd9688', 2, 801.0, '2026-02-26T18:40:48.902856+00:00', NULL);
INSERT INTO public.purchase_lines (id, purchase_document_id, sku_id, quantity, unit_cost, created_at, label) VALUES ('fd4d48a1-4ea4-4f1d-a94e-b01774a47225', '02beac60-85d6-481e-bf2a-c6e4312f0004', 'da2bc8a5-cb91-41f6-ac93-2857f723bdca', 2, 801.0, '2026-02-26T18:40:48.902856+00:00', NULL);
INSERT INTO public.purchase_lines (id, purchase_document_id, sku_id, quantity, unit_cost, created_at, label) VALUES ('635e4d8f-2900-4e5c-8176-87e985682d16', '02beac60-85d6-481e-bf2a-c6e4312f0004', '756a0b04-22c6-433a-b014-882011b0de82', 2, 801.0, '2026-02-26T18:40:48.902856+00:00', NULL);
INSERT INTO public.purchase_lines (id, purchase_document_id, sku_id, quantity, unit_cost, created_at, label) VALUES ('e167d689-34f6-4658-8cf0-11b2f2417d6b', '02beac60-85d6-481e-bf2a-c6e4312f0004', '53c6250d-1585-497e-874b-b67c32addfbe', 1, 957.0, '2026-02-26T18:40:48.902856+00:00', NULL);
INSERT INTO public.purchase_lines (id, purchase_document_id, sku_id, quantity, unit_cost, created_at, label) VALUES ('748f209f-c9a1-42a7-8b92-415d86e67a47', '02beac60-85d6-481e-bf2a-c6e4312f0004', '0217a819-29ff-43de-a98d-af787b79adbd', 1, 1004.0, '2026-02-26T18:40:48.902856+00:00', NULL);
INSERT INTO public.purchase_lines (id, purchase_document_id, sku_id, quantity, unit_cost, created_at, label) VALUES ('f2f0ba82-fb39-4b79-b8bc-a8b62c0298c4', '02beac60-85d6-481e-bf2a-c6e4312f0004', '0217a819-29ff-43de-a98d-af787b79adbd', 1, 1160.0, '2026-02-26T18:40:48.902856+00:00', NULL);
INSERT INTO public.purchase_lines (id, purchase_document_id, sku_id, quantity, unit_cost, created_at, label) VALUES ('5b6a03e8-f19f-4045-99b2-4a46ac658623', '237e57dd-0732-4e78-8080-76b987b77699', 'bb94d851-4bd5-4dd5-956f-2aa6e47bca78', 11, 233.53, '2026-02-26T18:44:41.887372+00:00', NULL);
INSERT INTO public.purchase_lines (id, purchase_document_id, sku_id, quantity, unit_cost, created_at, label) VALUES ('afb780ca-1d55-4768-85b2-c8363f1803e2', '237e57dd-0732-4e78-8080-76b987b77699', '5634d296-c35d-40f8-8593-0b579491cc18', 11, 233.53, '2026-02-26T18:44:41.887372+00:00', NULL);
INSERT INTO public.purchase_lines (id, purchase_document_id, sku_id, quantity, unit_cost, created_at, label) VALUES ('9c3cc374-1e7f-4c90-8f06-dcc1a47edd0a', 'f37f707e-4713-4741-90dc-9b6550cbd045', 'f4ccf108-8ad3-4266-b6d8-a1d4ad847f69', 11, 1167.95, '2026-02-26T18:46:36.685078+00:00', NULL);
INSERT INTO public.purchase_lines (id, purchase_document_id, sku_id, quantity, unit_cost, created_at, label) VALUES ('8529ee1f-7e39-48f6-959a-9059d5314d4f', 'f37f707e-4713-4741-90dc-9b6550cbd045', '4174aeb3-4692-4095-b2bd-96b770d14b09', 11, 365.91, '2026-02-26T18:46:36.685078+00:00', NULL);
INSERT INTO public.purchase_lines (id, purchase_document_id, sku_id, quantity, unit_cost, created_at, label) VALUES ('2f3aff38-014a-4dbf-9fa7-d87769f02459', '08219246-e644-4cc6-875e-2cf63df3ee83', '53c6250d-1585-497e-874b-b67c32addfbe', 9, 957.71, '2026-02-26T18:50:26.822767+00:00', NULL);
INSERT INTO public.purchase_lines (id, purchase_document_id, sku_id, quantity, unit_cost, created_at, label) VALUES ('981cf9ab-f0a6-4e17-90c4-b664b35d8628', '08219246-e644-4cc6-875e-2cf63df3ee83', 'e4bd4106-01bb-4e8e-ba02-223ab1fcdfd1', 9, 957.71, '2026-02-26T18:50:26.822767+00:00', NULL);
INSERT INTO public.purchase_lines (id, purchase_document_id, sku_id, quantity, unit_cost, created_at, label) VALUES ('b3f354d1-0992-40ad-b513-110e26a93a2a', '08219246-e644-4cc6-875e-2cf63df3ee83', '0217a819-29ff-43de-a98d-af787b79adbd', 9, 1160.17, '2026-02-26T18:50:26.822767+00:00', NULL);
INSERT INTO public.purchase_lines (id, purchase_document_id, sku_id, quantity, unit_cost, created_at, label) VALUES ('d84c410d-c552-4b8c-aad1-56fbd7364581', '08219246-e644-4cc6-875e-2cf63df3ee83', '7ad5d79e-cee1-4f1f-a1fe-7f8f3989cf29', 18, 1323.69, '2026-02-26T18:50:26.822767+00:00', NULL);
INSERT INTO public.purchase_lines (id, purchase_document_id, sku_id, quantity, unit_cost, created_at, label) VALUES ('5b6e48f5-5c26-45ff-991e-f76d83648ab2', '670b100b-7a15-4543-a856-c7655baa5d53', '53c6250d-1585-497e-874b-b67c32addfbe', 1, 957.71, '2026-02-26T18:51:47.717161+00:00', NULL);
INSERT INTO public.purchase_lines (id, purchase_document_id, sku_id, quantity, unit_cost, created_at, label) VALUES ('adfe9dc4-bcd2-4102-af15-6338d4e6840c', '670b100b-7a15-4543-a856-c7655baa5d53', 'e4bd4106-01bb-4e8e-ba02-223ab1fcdfd1', 1, 957.71, '2026-02-26T18:51:47.717161+00:00', NULL);
INSERT INTO public.purchase_lines (id, purchase_document_id, sku_id, quantity, unit_cost, created_at, label) VALUES ('56891415-dbb0-4548-951e-0aa2c8fee94e', '670b100b-7a15-4543-a856-c7655baa5d53', '0217a819-29ff-43de-a98d-af787b79adbd', 1, 1160.17, '2026-02-26T18:51:47.717161+00:00', NULL);
INSERT INTO public.purchase_lines (id, purchase_document_id, sku_id, quantity, unit_cost, created_at, label) VALUES ('a114b69c-f7af-4295-8760-fc626de2e7bb', '670b100b-7a15-4543-a856-c7655baa5d53', '7ad5d79e-cee1-4f1f-a1fe-7f8f3989cf29', 2, 1323.69, '2026-02-26T18:51:47.717161+00:00', NULL);
INSERT INTO public.purchase_lines (id, purchase_document_id, sku_id, quantity, unit_cost, created_at, label) VALUES ('62ad7c96-4eff-4419-a3cf-f6f0d470461f', '9533f733-9bef-49a5-b1d7-6bbcb763b071', 'e4bd4106-01bb-4e8e-ba02-223ab1fcdfd1', 1, 957.71, '2026-02-26T18:53:13.603491+00:00', 'pack');
INSERT INTO public.purchase_lines (id, purchase_document_id, sku_id, quantity, unit_cost, created_at, label) VALUES ('204f42e2-9a37-4aa0-90c3-834de6fe0226', '9533f733-9bef-49a5-b1d7-6bbcb763b071', '53c6250d-1585-497e-874b-b67c32addfbe', 1, 957.71, '2026-02-26T18:53:13.603491+00:00', 'pack');
INSERT INTO public.purchase_lines (id, purchase_document_id, sku_id, quantity, unit_cost, created_at, label) VALUES ('b5c6d8ec-d930-4819-8569-ac31f941b1f3', '9533f733-9bef-49a5-b1d7-6bbcb763b071', '0217a819-29ff-43de-a98d-af787b79adbd', 1, 1160.17, '2026-02-26T18:53:13.603491+00:00', 'pack');
INSERT INTO public.purchase_lines (id, purchase_document_id, sku_id, quantity, unit_cost, created_at, label) VALUES ('70df5474-ce9a-45cb-a378-e44d8dd35f34', '9533f733-9bef-49a5-b1d7-6bbcb763b071', '7ad5d79e-cee1-4f1f-a1fe-7f8f3989cf29', 2, 1323.69, '2026-02-26T18:53:13.603491+00:00', 'pack');
INSERT INTO public.purchase_lines (id, purchase_document_id, sku_id, quantity, unit_cost, created_at, label) VALUES ('057f1f89-7f4c-4f53-b2c9-6ba4b4a3126e', 'a377d713-7244-4ba8-9f3d-d2fe537b828d', 'cc85f1c9-1a90-47e7-b36a-a5aefbbf63a1', 60, 61.29, '2026-03-02T13:39:54.286114+00:00', NULL);
INSERT INTO public.purchase_lines (id, purchase_document_id, sku_id, quantity, unit_cost, created_at, label) VALUES ('68e075c7-a650-404a-945e-727c261df42d', 'a377d713-7244-4ba8-9f3d-d2fe537b828d', '1cd5a71b-a48e-4ddb-887c-2ad4c557b666', 18, 153.33, '2026-03-02T13:39:54.286114+00:00', NULL);
INSERT INTO public.purchase_lines (id, purchase_document_id, sku_id, quantity, unit_cost, created_at, label) VALUES ('992ab998-a62f-45f6-a3b3-cb985f8fff39', 'ff1052f1-9932-4868-b96e-eb241d0e75d6', 'cc85f1c9-1a90-47e7-b36a-a5aefbbf63a1', 45, 61.29, '2026-03-02T13:41:14.578933+00:00', NULL);
INSERT INTO public.purchase_lines (id, purchase_document_id, sku_id, quantity, unit_cost, created_at, label) VALUES ('7821676c-60c4-499d-b3d5-baa72d19074b', 'ff1052f1-9932-4868-b96e-eb241d0e75d6', '1cd5a71b-a48e-4ddb-887c-2ad4c557b666', 8, 153.33, '2026-03-02T13:41:14.578933+00:00', NULL);
INSERT INTO public.purchase_lines (id, purchase_document_id, sku_id, quantity, unit_cost, created_at, label) VALUES ('3252a9f7-cc20-432c-9197-f35cabd31d68', '3bdb4939-9c61-43de-9bab-723adbff4085', 'cc85f1c9-1a90-47e7-b36a-a5aefbbf63a1', 60, 61.29, '2026-03-02T13:42:31.676951+00:00', NULL);
INSERT INTO public.purchase_lines (id, purchase_document_id, sku_id, quantity, unit_cost, created_at, label) VALUES ('f42b4567-d98b-40eb-a373-f5ea5c666344', '3bdb4939-9c61-43de-9bab-723adbff4085', '1cd5a71b-a48e-4ddb-887c-2ad4c557b666', 18, 153.33, '2026-03-02T13:42:31.676951+00:00', NULL);
INSERT INTO public.purchase_lines (id, purchase_document_id, sku_id, quantity, unit_cost, created_at, label) VALUES ('c7a85401-04a9-43cf-a129-7c1fd2716cff', '75a76efa-b2b8-41c1-968b-98469288c83a', 'cc85f1c9-1a90-47e7-b36a-a5aefbbf63a1', 15, 61.29, '2026-03-02T13:43:55.806281+00:00', NULL);
INSERT INTO public.purchase_lines (id, purchase_document_id, sku_id, quantity, unit_cost, created_at, label) VALUES ('57827235-7e84-43fd-8075-f27d6e81a3a4', '75a76efa-b2b8-41c1-968b-98469288c83a', '1cd5a71b-a48e-4ddb-887c-2ad4c557b666', 10, 153.33, '2026-03-02T13:43:55.806281+00:00', NULL);
INSERT INTO public.purchase_lines (id, purchase_document_id, sku_id, quantity, unit_cost, created_at, label) VALUES ('3adaf094-2958-4b2b-a509-c0d885258fc3', '83c30331-ecdb-4c2e-acf6-f1ee5a991e33', '1cd5a71b-a48e-4ddb-887c-2ad4c557b666', 10, 155.66, '2026-03-06T10:02:00.178488+00:00', NULL);
INSERT INTO public.purchase_lines (id, purchase_document_id, sku_id, quantity, unit_cost, created_at, label) VALUES ('58e25054-0647-4f68-844d-6e997d14bd0f', 'ff32e497-4361-4083-a44f-f4f30fe70e4b', '423888ae-aaf6-406d-bf42-b7af689ac47c', 6, 79.0, '2026-03-06T10:17:13.098481+00:00', NULL);
INSERT INTO public.purchase_lines (id, purchase_document_id, sku_id, quantity, unit_cost, created_at, label) VALUES ('c6d221f2-390a-493b-85d6-f07d650c83cb', 'ff32e497-4361-4083-a44f-f4f30fe70e4b', '8f491fee-d67c-456c-bbaa-054552b289e3', 2, 116.73, '2026-03-06T10:17:13.098481+00:00', NULL);
INSERT INTO public.purchase_lines (id, purchase_document_id, sku_id, quantity, unit_cost, created_at, label) VALUES ('4edcb388-b876-4b44-b291-d5daa55be438', 'ff32e497-4361-4083-a44f-f4f30fe70e4b', 'c090f105-3e19-4980-b90e-a27305512f23', 2, 428.2, '2026-03-06T10:17:13.098481+00:00', NULL);
INSERT INTO public.purchase_lines (id, purchase_document_id, sku_id, quantity, unit_cost, created_at, label) VALUES ('ed768a73-f509-44fa-a0a0-20600b08a013', 'ff32e497-4361-4083-a44f-f4f30fe70e4b', '0993899f-96ef-4cfd-b7cd-1635c6318fdc', 2, 311.4, '2026-03-06T10:17:13.098481+00:00', NULL);
INSERT INTO public.purchase_lines (id, purchase_document_id, sku_id, quantity, unit_cost, created_at, label) VALUES ('c8a46ae2-26e6-4264-a19b-08049ff3931f', 'ff32e497-4361-4083-a44f-f4f30fe70e4b', '2b7bd8b0-08dd-4b5c-968a-45224330c916', 2, 249.1, '2026-03-06T10:17:13.098481+00:00', NULL);
INSERT INTO public.purchase_lines (id, purchase_document_id, sku_id, quantity, unit_cost, created_at, label) VALUES ('e8d8dec9-cc47-47d4-8ad4-2a6c7114576b', 'ff32e497-4361-4083-a44f-f4f30fe70e4b', 'a9de06c8-bd9a-4163-9d0e-a34391cccd44', 2, 179.02, '2026-03-06T10:17:13.098481+00:00', NULL);
INSERT INTO public.purchase_lines (id, purchase_document_id, sku_id, quantity, unit_cost, created_at, label) VALUES ('4c81ba34-be69-47bc-981a-f7ef2f512be9', 'ff32e497-4361-4083-a44f-f4f30fe70e4b', '7ab7757e-ef7d-443d-b6e4-5ec00cc09696', 2, 124.51, '2026-03-06T10:17:13.098481+00:00', NULL);
INSERT INTO public.purchase_lines (id, purchase_document_id, sku_id, quantity, unit_cost, created_at, label) VALUES ('0b01eefc-8d70-4724-9e9f-a18027311090', 'ff32e497-4361-4083-a44f-f4f30fe70e4b', '69a55ef6-530c-4364-85a9-a3a978d6bafc', 2, 272.46, '2026-03-06T10:17:13.098481+00:00', NULL);
INSERT INTO public.purchase_lines (id, purchase_document_id, sku_id, quantity, unit_cost, created_at, label) VALUES ('3ede3365-9597-44bc-b4ef-b1be122c0707', 'ff32e497-4361-4083-a44f-f4f30fe70e4b', 'c98997a3-af8b-4946-ab17-821abd88697c', 2, 389.18, '2026-03-06T10:17:13.098481+00:00', NULL);
INSERT INTO public.purchase_lines (id, purchase_document_id, sku_id, quantity, unit_cost, created_at, label) VALUES ('63c1e952-c11b-4fd7-ae33-278ef43a7340', 'ff32e497-4361-4083-a44f-f4f30fe70e4b', '27f2a920-da58-447a-9999-f0dfca36cfa0', 2, 295.82, '2026-03-06T10:17:13.098481+00:00', NULL);
INSERT INTO public.purchase_lines (id, purchase_document_id, sku_id, quantity, unit_cost, created_at, label) VALUES ('4b00a2cc-c197-400e-bd97-f2790c867268', 'ff32e497-4361-4083-a44f-f4f30fe70e4b', 'fcce65d0-d0d6-40d0-92e8-159fa6813c6d', 2, 155.66, '2026-03-06T10:17:13.098481+00:00', NULL);
INSERT INTO public.purchase_lines (id, purchase_document_id, sku_id, quantity, unit_cost, created_at, label) VALUES ('9e8579b4-bff3-4ecd-9e54-d8b4accc6417', 'ff32e497-4361-4083-a44f-f4f30fe70e4b', '690e892f-3f9f-4ca3-b3fa-5a9f7423d978', 2, 186.81, '2026-03-06T10:17:13.098481+00:00', NULL);
INSERT INTO public.purchase_lines (id, purchase_document_id, sku_id, quantity, unit_cost, created_at, label) VALUES ('dd38be98-d3e7-4d0f-b926-1777bfb11d1e', 'ff32e497-4361-4083-a44f-f4f30fe70e4b', 'a6d38dbd-e1b5-42a3-99a5-d3dfa1bfa229', 2, 233.53, '2026-03-06T10:17:13.098481+00:00', NULL);
INSERT INTO public.purchase_lines (id, purchase_document_id, sku_id, quantity, unit_cost, created_at, label) VALUES ('62ec2626-d783-4d02-ac27-dd9703d3da47', 'ff32e497-4361-4083-a44f-f4f30fe70e4b', 'd9cacdb4-ecec-4169-8aec-d160a5513016', 2, 311.4, '2026-03-06T10:17:13.098481+00:00', NULL);
INSERT INTO public.purchase_lines (id, purchase_document_id, sku_id, quantity, unit_cost, created_at, label) VALUES ('cef5324d-2b25-4994-ab10-f1d5d35eb3ce', 'ff32e497-4361-4083-a44f-f4f30fe70e4b', 'ab1ba9fa-6797-4e2c-a3b2-9ba38d18f8a0', 2, 389.27, '2026-03-06T10:17:13.098481+00:00', NULL);
INSERT INTO public.purchase_lines (id, purchase_document_id, sku_id, quantity, unit_cost, created_at, label) VALUES ('343ed41d-a565-43c8-bf11-c6d0d3e5ad12', 'ff32e497-4361-4083-a44f-f4f30fe70e4b', '76914c02-0a75-4880-879c-384b82e364b5', 2, 295.82, '2026-03-06T10:17:13.098481+00:00', NULL);
INSERT INTO public.purchase_lines (id, purchase_document_id, sku_id, quantity, unit_cost, created_at, label) VALUES ('41b1f6f9-0291-4113-af47-e2b5c4cb6167', 'ff32e497-4361-4083-a44f-f4f30fe70e4b', 'cc85f1c9-1a90-47e7-b36a-a5aefbbf63a1', 2, 62.22, '2026-03-06T10:17:13.098481+00:00', 'pack');
INSERT INTO public.purchase_lines (id, purchase_document_id, sku_id, quantity, unit_cost, created_at, label) VALUES ('1ca7ea23-712e-4517-86aa-8bf500e0075e', 'ff32e497-4361-4083-a44f-f4f30fe70e4b', '1cd5a71b-a48e-4ddb-887c-2ad4c557b666', 2, 155.66, '2026-03-06T10:17:13.098481+00:00', 'pack');
INSERT INTO public.purchase_lines (id, purchase_document_id, sku_id, quantity, unit_cost, created_at, label) VALUES ('3509120e-d966-40df-bd32-afb5d36c3817', '0b9253eb-8110-44aa-9448-f1f4fa691358', '1cd5a71b-a48e-4ddb-887c-2ad4c557b666', 48, 155.0, '2026-03-17T10:50:22.110324+00:00', 'pack');
INSERT INTO public.purchase_lines (id, purchase_document_id, sku_id, quantity, unit_cost, created_at, label) VALUES ('8273ae8d-59e8-435b-8795-554efb5b806e', '0b9253eb-8110-44aa-9448-f1f4fa691358', '46b3f569-eb4a-4910-8294-3cb839781f22', 12, 622.0, '2026-03-17T10:50:22.110324+00:00', 'pack');
INSERT INTO public.purchase_lines (id, purchase_document_id, sku_id, quantity, unit_cost, created_at, label) VALUES ('1984143c-21c8-4667-8e27-ec90a94a6a9b', '0b9253eb-8110-44aa-9448-f1f4fa691358', '5634d296-c35d-40f8-8593-0b579491cc18', 12, 233.0, '2026-03-17T10:50:22.110324+00:00', 'pack');
INSERT INTO public.purchase_lines (id, purchase_document_id, sku_id, quantity, unit_cost, created_at, label) VALUES ('363f8f8d-913f-465b-826f-e9b53636fb82', '0b9253eb-8110-44aa-9448-f1f4fa691358', '69a55ef6-530c-4364-85a9-a3a978d6bafc', 12, 272.0, '2026-03-17T10:50:22.110324+00:00', 'pack');
INSERT INTO public.purchase_lines (id, purchase_document_id, sku_id, quantity, unit_cost, created_at, label) VALUES ('7ad0fb66-bb7f-49d9-80e6-3b05f102d1ab', 'f1960a32-c37e-4c5c-92ee-385dea56f151', '76914c02-0a75-4880-879c-384b82e364b5', 4, 295.0, '2026-03-17T11:25:05.943357+00:00', 'pack');
INSERT INTO public.purchase_lines (id, purchase_document_id, sku_id, quantity, unit_cost, created_at, label) VALUES ('1302d13a-c694-419c-997c-6d22dd9faa0a', 'f1960a32-c37e-4c5c-92ee-385dea56f151', '1cd5a71b-a48e-4ddb-887c-2ad4c557b666', 4, 155.0, '2026-03-17T11:25:05.943357+00:00', 'pack');
INSERT INTO public.purchase_lines (id, purchase_document_id, sku_id, quantity, unit_cost, created_at, label) VALUES ('35f6353d-549b-4c2f-ac8e-7042b5eda414', 'f1960a32-c37e-4c5c-92ee-385dea56f151', '69a55ef6-530c-4364-85a9-a3a978d6bafc', 4, 272.0, '2026-03-17T11:25:05.943357+00:00', 'pack');
INSERT INTO public.purchase_lines (id, purchase_document_id, sku_id, quantity, unit_cost, created_at, label) VALUES ('8607b9b6-9b0c-45f2-90b1-4e76b5b0b0fc', 'f1960a32-c37e-4c5c-92ee-385dea56f151', '690e892f-3f9f-4ca3-b3fa-5a9f7423d978', 4, 186.0, '2026-03-17T11:25:05.943357+00:00', 'pack');
INSERT INTO public.purchase_lines (id, purchase_document_id, sku_id, quantity, unit_cost, created_at, label) VALUES ('816bc626-cdfd-4ba2-9e14-b0cfb11fd66f', 'f1960a32-c37e-4c5c-92ee-385dea56f151', '2b7bd8b0-08dd-4b5c-968a-45224330c916', 4, 249.0, '2026-03-17T11:25:05.943357+00:00', 'pack');
INSERT INTO public.purchase_lines (id, purchase_document_id, sku_id, quantity, unit_cost, created_at, label) VALUES ('02a848e3-5b26-4db8-8794-d8aa6b1f6d17', 'f1960a32-c37e-4c5c-92ee-385dea56f151', '0993899f-96ef-4cfd-b7cd-1635c6318fdc', 4, 311.0, '2026-03-17T11:25:05.943357+00:00', 'pack');
INSERT INTO public.purchase_lines (id, purchase_document_id, sku_id, quantity, unit_cost, created_at, label) VALUES ('ad3cb264-68fb-4412-9808-938aa1ec2c7a', 'f1960a32-c37e-4c5c-92ee-385dea56f151', 'c090f105-3e19-4980-b90e-a27305512f23', 4, 428.0, '2026-03-17T11:25:05.943357+00:00', 'pack');
INSERT INTO public.purchase_lines (id, purchase_document_id, sku_id, quantity, unit_cost, created_at, label) VALUES ('04899e33-5503-4920-a741-6a84cb04d102', 'f1960a32-c37e-4c5c-92ee-385dea56f151', '423888ae-aaf6-406d-bf42-b7af689ac47c', 12, 70.0, '2026-03-17T11:25:05.943357+00:00', 'pack');
INSERT INTO public.purchase_lines (id, purchase_document_id, sku_id, quantity, unit_cost, created_at, label) VALUES ('34a82df5-017a-474a-bcea-e0062c08ed99', 'f1960a32-c37e-4c5c-92ee-385dea56f151', '8f491fee-d67c-456c-bbaa-054552b289e3', 4, 116.0, '2026-03-17T11:25:05.943357+00:00', 'pack');
INSERT INTO public.purchase_lines (id, purchase_document_id, sku_id, quantity, unit_cost, created_at, label) VALUES ('3babd0c2-3488-42d4-b4ac-965339898ac0', 'f1960a32-c37e-4c5c-92ee-385dea56f151', '27f2a920-da58-447a-9999-f0dfca36cfa0', 4, 295.0, '2026-03-17T11:25:05.943357+00:00', 'pack');
INSERT INTO public.purchase_lines (id, purchase_document_id, sku_id, quantity, unit_cost, created_at, label) VALUES ('fea7bf9c-589c-45fe-a6a4-b37b4fac5d58', 'f1960a32-c37e-4c5c-92ee-385dea56f151', '8400d576-0957-4a3e-a0c5-877bd16705b9', 4, 194.0, '2026-03-17T11:25:05.943357+00:00', 'pack');
INSERT INTO public.purchase_lines (id, purchase_document_id, sku_id, quantity, unit_cost, created_at, label) VALUES ('86722c16-cf49-4c3f-a536-dd703d9a7b17', 'f1960a32-c37e-4c5c-92ee-385dea56f151', 'fcce65d0-d0d6-40d0-92e8-159fa6813c6d', 4, 155.0, '2026-03-17T11:25:05.943357+00:00', 'pack');
INSERT INTO public.purchase_lines (id, purchase_document_id, sku_id, quantity, unit_cost, created_at, label) VALUES ('805d7dd7-9916-4ed4-bf63-e4587788422b', 'f1960a32-c37e-4c5c-92ee-385dea56f151', '6f513e02-f690-4ba0-b9b5-457bd4e33568', 4, 233.0, '2026-03-17T11:25:05.943357+00:00', 'pack');
INSERT INTO public.purchase_lines (id, purchase_document_id, sku_id, quantity, unit_cost, created_at, label) VALUES ('45b15ac7-a6d6-49a7-bff6-8e4f7c00bdaa', 'f1960a32-c37e-4c5c-92ee-385dea56f151', 'd9cacdb4-ecec-4169-8aec-d160a5513016', 4, 311.0, '2026-03-17T11:25:05.943357+00:00', 'pack');
INSERT INTO public.purchase_lines (id, purchase_document_id, sku_id, quantity, unit_cost, created_at, label) VALUES ('afd5d025-ecbe-489d-aff8-0d4e40ee1104', 'f1960a32-c37e-4c5c-92ee-385dea56f151', '1b7e0467-3bd5-430f-8043-c4bdb1e2f247', 4, 389.0, '2026-03-17T11:25:05.943357+00:00', 'pack');
INSERT INTO public.purchase_lines (id, purchase_document_id, sku_id, quantity, unit_cost, created_at, label) VALUES ('25d4430d-1d65-48bc-8b98-d524fafd90aa', 'f1960a32-c37e-4c5c-92ee-385dea56f151', 'cc85f1c9-1a90-47e7-b36a-a5aefbbf63a1', 4, 62.0, '2026-03-17T11:25:05.943357+00:00', 'pack');
INSERT INTO public.purchase_lines (id, purchase_document_id, sku_id, quantity, unit_cost, created_at, label) VALUES ('06cd9ec9-f5c7-4d8b-8b23-f330636575e7', 'f1960a32-c37e-4c5c-92ee-385dea56f151', '7ab7757e-ef7d-443d-b6e4-5ec00cc09696', 4, 124.0, '2026-03-17T11:25:05.943357+00:00', 'pack');
INSERT INTO public.purchase_lines (id, purchase_document_id, sku_id, quantity, unit_cost, created_at, label) VALUES ('6b861165-1f23-4523-8e6b-813072a249d1', 'f1960a32-c37e-4c5c-92ee-385dea56f151', 'a9de06c8-bd9a-4163-9d0e-a34391cccd44', 4, 179.0, '2026-03-17T11:25:05.943357+00:00', 'pack');
INSERT INTO public.purchase_lines (id, purchase_document_id, sku_id, quantity, unit_cost, created_at, label) VALUES ('fa9b82b8-0c9a-41fd-a904-4506d535f9ba', 'a9fdc0d7-b8a1-474e-968b-1f418cffbf7d', '38150ded-b34d-49b3-a132-133864679b11', 5, 778.0, '2026-03-17T11:31:32.250596+00:00', 'sciolto');
INSERT INTO public.purchase_lines (id, purchase_document_id, sku_id, quantity, unit_cost, created_at, label) VALUES ('56cc9028-e554-467c-8ac3-0d8a95975d99', 'a9fdc0d7-b8a1-474e-968b-1f418cffbf7d', '322ec2b6-0a7b-4981-b1c1-a4077ccb4804', 2, 778.0, '2026-03-17T11:31:32.250596+00:00', 'sciolto');
INSERT INTO public.purchase_lines (id, purchase_document_id, sku_id, quantity, unit_cost, created_at, label) VALUES ('eebd4aab-4ddc-426e-8faf-e4ad78b29ee2', 'a9fdc0d7-b8a1-474e-968b-1f418cffbf7d', '5085bda9-5683-4faf-9511-0e21e3123cc0', 3, 778.0, '2026-03-17T11:31:32.250596+00:00', 'sciolto');
INSERT INTO public.purchase_lines (id, purchase_document_id, sku_id, quantity, unit_cost, created_at, label) VALUES ('4125285b-d319-4340-b761-eaf2d25973bf', 'a9fdc0d7-b8a1-474e-968b-1f418cffbf7d', '03773853-33a4-479f-9faa-a988b450e661', 3, 778.0, '2026-03-17T11:31:32.250596+00:00', 'sciolto');
INSERT INTO public.purchase_lines (id, purchase_document_id, sku_id, quantity, unit_cost, created_at, label) VALUES ('8dba39cb-5bed-44a9-ac0a-fc681b286f7b', 'a7099b5a-eb5c-4457-9a42-ba3368551f46', '9e89a2e7-eb39-43fd-8123-99d85cf909a7', 1, 1058.0, '2026-03-17T11:33:56.579793+00:00', 'sciolto');
INSERT INTO public.purchase_lines (id, purchase_document_id, sku_id, quantity, unit_cost, created_at, label) VALUES ('a38465d5-808d-4c03-a5b8-d0988934940a', 'a7099b5a-eb5c-4457-9a42-ba3368551f46', 'f026ec4b-3df5-4f1a-a2c5-8c0c7579e715', 1, 1058.0, '2026-03-17T11:33:56.579793+00:00', 'sciolto');
INSERT INTO public.purchase_lines (id, purchase_document_id, sku_id, quantity, unit_cost, created_at, label) VALUES ('93d1e9cc-fb04-48cf-b4c9-9cf4acf34dd0', 'a7099b5a-eb5c-4457-9a42-ba3368551f46', '2b0f4b89-78fe-4ddd-81f5-d9a426d41ba6', 1, 1175.0, '2026-03-17T11:33:56.579793+00:00', 'sciolto');
INSERT INTO public.purchase_lines (id, purchase_document_id, sku_id, quantity, unit_cost, created_at, label) VALUES ('952c82bc-9ce7-4e0b-81ef-aba57f487f68', 'a7099b5a-eb5c-4457-9a42-ba3368551f46', '1806d623-77ef-4d12-9c16-0fc80b92dc9b', 1, 1175.0, '2026-03-17T11:33:56.579793+00:00', 'sciolto');
INSERT INTO public.purchase_lines (id, purchase_document_id, sku_id, quantity, unit_cost, created_at, label) VALUES ('ec7830e1-a902-4934-a998-057a746cd328', '23f7d03d-19ca-45d5-9adf-3410ae7aa62c', 'bc59eb97-77fd-4d13-af7f-748e83218bf8', 2, 576.0, '2026-03-17T11:35:13.292437+00:00', 'sciolto');
INSERT INTO public.purchase_lines (id, purchase_document_id, sku_id, quantity, unit_cost, created_at, label) VALUES ('a2a380da-1302-416b-81ae-f206c181dbda', '23f7d03d-19ca-45d5-9adf-3410ae7aa62c', '764bcbe1-77ca-4724-8acb-3478e8d2d965', 1, 576.0, '2026-03-17T11:35:13.292437+00:00', 'sciolto');
INSERT INTO public.purchase_lines (id, purchase_document_id, sku_id, quantity, unit_cost, created_at, label) VALUES ('05983515-02d3-4123-b4fc-cc07d29f83a7', '600b60bd-2f7d-469e-a59a-541e54392f19', '624b257b-b152-4efb-8ccc-2b8a244aaf89', 1, 801.0, '2026-03-17T11:38:02.600069+00:00', 'sciolto');
INSERT INTO public.purchase_lines (id, purchase_document_id, sku_id, quantity, unit_cost, created_at, label) VALUES ('1cc8e13b-1a17-4e1e-bec2-f61c836b2141', '600b60bd-2f7d-469e-a59a-541e54392f19', 'da2bc8a5-cb91-41f6-ac93-2857f723bdca', 1, 801.0, '2026-03-17T11:38:02.600069+00:00', 'sciolto');
INSERT INTO public.purchase_lines (id, purchase_document_id, sku_id, quantity, unit_cost, created_at, label) VALUES ('e6ee6b6e-6d0a-4da8-a010-beff2ddd39d4', 'd199a555-e12b-48d3-8959-81dbdf149ae7', '38150ded-b34d-49b3-a132-133864679b11', 1, 778.0, '2026-03-17T13:54:03.103823+00:00', NULL);
INSERT INTO public.purchase_lines (id, purchase_document_id, sku_id, quantity, unit_cost, created_at, label) VALUES ('9c768cbc-8535-4cc7-b472-3af75907e291', 'd199a555-e12b-48d3-8959-81dbdf149ae7', '322ec2b6-0a7b-4981-b1c1-a4077ccb4804', 1, 778.0, '2026-03-17T13:54:03.103823+00:00', NULL);
INSERT INTO public.purchase_lines (id, purchase_document_id, sku_id, quantity, unit_cost, created_at, label) VALUES ('e9161478-5a90-465c-b5b7-573df3006085', '00925fbc-74c2-45b4-a070-e1e2940a28e4', '1cd5a71b-a48e-4ddb-887c-2ad4c557b666', 4, 155.0, '2026-03-17T13:55:43.800786+00:00', 'pack');
INSERT INTO public.purchase_lines (id, purchase_document_id, sku_id, quantity, unit_cost, created_at, label) VALUES ('ea17de6d-6b21-480c-9f40-c7b804f8b325', '00925fbc-74c2-45b4-a070-e1e2940a28e4', '69a55ef6-530c-4364-85a9-a3a978d6bafc', 1, 272.0, '2026-03-17T13:55:43.800786+00:00', 'pack');
INSERT INTO public.purchase_lines (id, purchase_document_id, sku_id, quantity, unit_cost, created_at, label) VALUES ('02cd154b-2ef5-4bae-b024-48152de57f03', '00925fbc-74c2-45b4-a070-e1e2940a28e4', '46b3f569-eb4a-4910-8294-3cb839781f22', 1, 622.0, '2026-03-17T13:55:43.800786+00:00', 'pack');
INSERT INTO public.purchase_lines (id, purchase_document_id, sku_id, quantity, unit_cost, created_at, label) VALUES ('aa36fb02-5334-491a-a7d0-b9601f54a476', '00925fbc-74c2-45b4-a070-e1e2940a28e4', '5634d296-c35d-40f8-8593-0b579491cc18', 1, 233.0, '2026-03-17T13:55:43.800786+00:00', 'pack');
INSERT INTO public.purchase_lines (id, purchase_document_id, sku_id, quantity, unit_cost, created_at, label) VALUES ('b4151da3-f00f-42dd-974c-647fc1a9c8c6', '00c3010a-797b-4294-95af-d6df9a847217', '1cd5a71b-a48e-4ddb-887c-2ad4c557b666', 1, 155.0, '2026-03-17T14:02:51.847083+00:00', 'pack');
INSERT INTO public.purchase_lines (id, purchase_document_id, sku_id, quantity, unit_cost, created_at, label) VALUES ('4ccf0488-6712-4dd8-b3a4-72f57d9d829f', '00c3010a-797b-4294-95af-d6df9a847217', '7ab7757e-ef7d-443d-b6e4-5ec00cc09696', 1, 62.0, '2026-03-17T14:02:51.847083+00:00', 'pack');
INSERT INTO public.purchase_lines (id, purchase_document_id, sku_id, quantity, unit_cost, created_at, label) VALUES ('f96e1c0a-d6fe-4ed3-98b0-3dc5a9b22733', '00c3010a-797b-4294-95af-d6df9a847217', '423888ae-aaf6-406d-bf42-b7af689ac47c', 3, 70.0, '2026-03-17T14:02:51.847083+00:00', 'pack');
INSERT INTO public.purchase_lines (id, purchase_document_id, sku_id, quantity, unit_cost, created_at, label) VALUES ('f8fad627-6979-4f68-ba37-0e7664cb41a0', '00c3010a-797b-4294-95af-d6df9a847217', '8f491fee-d67c-456c-bbaa-054552b289e3', 1, 115.0, '2026-03-17T14:02:51.847083+00:00', 'pack');
INSERT INTO public.purchase_lines (id, purchase_document_id, sku_id, quantity, unit_cost, created_at, label) VALUES ('fffb2129-3f00-4b3e-a29f-fbca2aa23bda', '00c3010a-797b-4294-95af-d6df9a847217', 'c090f105-3e19-4980-b90e-a27305512f23', 1, 428.0, '2026-03-17T14:02:51.847083+00:00', 'pack');
INSERT INTO public.purchase_lines (id, purchase_document_id, sku_id, quantity, unit_cost, created_at, label) VALUES ('9e192fc9-ed8a-4e3b-8131-c66eb9c98ea3', '00c3010a-797b-4294-95af-d6df9a847217', '0993899f-96ef-4cfd-b7cd-1635c6318fdc', 1, 311.0, '2026-03-17T14:02:51.847083+00:00', 'pack');
INSERT INTO public.purchase_lines (id, purchase_document_id, sku_id, quantity, unit_cost, created_at, label) VALUES ('68a7261e-a248-4dac-a73c-1583ad25647e', '00c3010a-797b-4294-95af-d6df9a847217', '2b7bd8b0-08dd-4b5c-968a-45224330c916', 1, 249.0, '2026-03-17T14:02:51.847083+00:00', 'pack');
INSERT INTO public.purchase_lines (id, purchase_document_id, sku_id, quantity, unit_cost, created_at, label) VALUES ('2dc77878-dca5-4ca9-a81b-80027df8942e', '00c3010a-797b-4294-95af-d6df9a847217', 'a9de06c8-bd9a-4163-9d0e-a34391cccd44', 1, 179.0, '2026-03-17T14:02:51.847083+00:00', 'pack');
INSERT INTO public.purchase_lines (id, purchase_document_id, sku_id, quantity, unit_cost, created_at, label) VALUES ('ac654a75-fc04-48c6-8060-d95c1a318bb7', '00c3010a-797b-4294-95af-d6df9a847217', '7ab7757e-ef7d-443d-b6e4-5ec00cc09696', 1, 124.0, '2026-03-17T14:02:51.847083+00:00', 'pack');
INSERT INTO public.purchase_lines (id, purchase_document_id, sku_id, quantity, unit_cost, created_at, label) VALUES ('75ed18bc-b026-440e-a41e-b971eae1df7d', '00c3010a-797b-4294-95af-d6df9a847217', '69a55ef6-530c-4364-85a9-a3a978d6bafc', 1, 272.0, '2026-03-17T14:02:51.847083+00:00', 'pack');
INSERT INTO public.purchase_lines (id, purchase_document_id, sku_id, quantity, unit_cost, created_at, label) VALUES ('058674a0-db98-47eb-83ee-bf08ea6a02b5', '00c3010a-797b-4294-95af-d6df9a847217', '8400d576-0957-4a3e-a0c5-877bd16705b9', 1, 194.0, '2026-03-17T14:02:51.847083+00:00', 'pack');
INSERT INTO public.purchase_lines (id, purchase_document_id, sku_id, quantity, unit_cost, created_at, label) VALUES ('28dd947b-977f-4a03-8afc-c6ae9529ad7b', '00c3010a-797b-4294-95af-d6df9a847217', '27f2a920-da58-447a-9999-f0dfca36cfa0', 1, 295.0, '2026-03-17T14:02:51.847083+00:00', 'pack');
INSERT INTO public.purchase_lines (id, purchase_document_id, sku_id, quantity, unit_cost, created_at, label) VALUES ('71e504b8-58eb-4c76-a7b3-50343b015dd2', '00c3010a-797b-4294-95af-d6df9a847217', 'fcce65d0-d0d6-40d0-92e8-159fa6813c6d', 1, 155.0, '2026-03-17T14:02:51.847083+00:00', 'pack');
INSERT INTO public.purchase_lines (id, purchase_document_id, sku_id, quantity, unit_cost, created_at, label) VALUES ('24d3d18e-7424-474c-833b-96b172ff1867', '00c3010a-797b-4294-95af-d6df9a847217', '690e892f-3f9f-4ca3-b3fa-5a9f7423d978', 1, 186.0, '2026-03-17T14:02:51.847083+00:00', 'pack');
INSERT INTO public.purchase_lines (id, purchase_document_id, sku_id, quantity, unit_cost, created_at, label) VALUES ('5671e713-fca4-4796-be09-229b779449af', '00c3010a-797b-4294-95af-d6df9a847217', 'c98997a3-af8b-4946-ab17-821abd88697c', 1, 233.0, '2026-03-17T14:02:51.847083+00:00', 'pack');
INSERT INTO public.purchase_lines (id, purchase_document_id, sku_id, quantity, unit_cost, created_at, label) VALUES ('51df3a2c-5f2c-4b8f-8862-0f5c85d59346', '00c3010a-797b-4294-95af-d6df9a847217', 'd9cacdb4-ecec-4169-8aec-d160a5513016', 1, 311.0, '2026-03-17T14:02:51.847083+00:00', 'pack');
INSERT INTO public.purchase_lines (id, purchase_document_id, sku_id, quantity, unit_cost, created_at, label) VALUES ('cc63cd9d-52b5-40b4-930b-ba49c148c103', '00c3010a-797b-4294-95af-d6df9a847217', 'ab1ba9fa-6797-4e2c-a3b2-9ba38d18f8a0', 1, 389.0, '2026-03-17T14:02:51.847083+00:00', 'pack');
INSERT INTO public.purchase_lines (id, purchase_document_id, sku_id, quantity, unit_cost, created_at, label) VALUES ('6029bf5c-34fc-4f0c-8e56-22cd1b2662f8', '00c3010a-797b-4294-95af-d6df9a847217', '76914c02-0a75-4880-879c-384b82e364b5', 1, 295.0, '2026-03-17T14:02:51.847083+00:00', 'pack');
INSERT INTO public.purchase_lines (id, purchase_document_id, sku_id, quantity, unit_cost, created_at, label) VALUES ('79c3b9b6-7961-478e-8da1-d27d7f24351f', '2122267a-e7dc-462c-9183-b75ce06fb619', '8c9b5319-1bc0-4311-bc6b-8953daec1767', 12, 350.33, '2026-03-18T18:10:49.310703+00:00', 'pack');
INSERT INTO public.purchase_lines (id, purchase_document_id, sku_id, quantity, unit_cost, created_at, label) VALUES ('161f5e8a-1e88-4ba5-ab24-d712c4347b96', '2122267a-e7dc-462c-9183-b75ce06fb619', '6cd8beaa-969f-4ac8-9269-1c8e2570c845', 12, 467.14, '2026-03-18T18:10:49.310703+00:00', 'pack');
INSERT INTO public.purchase_lines (id, purchase_document_id, sku_id, quantity, unit_cost, created_at, label) VALUES ('f433a530-e95e-4c5b-8860-75592bea3738', 'cfbc5f19-442a-4ab2-aa87-f703e6c0a236', 'acd35fbd-c6da-4af0-9c66-58198e0db241', 12, 545.0, '2026-03-18T18:14:02.592367+00:00', 'pack');
INSERT INTO public.purchase_lines (id, purchase_document_id, sku_id, quantity, unit_cost, created_at, label) VALUES ('7c5a151a-2696-4bcb-869e-b397e2188533', 'cfbc5f19-442a-4ab2-aa87-f703e6c0a236', '61fb29b9-90ff-4d64-9525-bca38165f882', 12, 358.12, '2026-03-18T18:14:02.592367+00:00', 'pack');
INSERT INTO public.purchase_lines (id, purchase_document_id, sku_id, quantity, unit_cost, created_at, label) VALUES ('b030faa7-987e-4851-9f30-87241a9fc9a1', 'f7dacf33-86f2-4ad1-bac1-bd35a478a40a', '8e7129b7-d83b-4683-979c-44528565e289', 4, 778.61, '2026-03-23T08:56:25.268961+00:00', 'sciolto');
INSERT INTO public.purchase_lines (id, purchase_document_id, sku_id, quantity, unit_cost, created_at, label) VALUES ('7e7f3d57-9773-4c43-827b-80e8cd47d433', '27fa781c-177e-461e-adc9-664bafef6ce7', '7ab7757e-ef7d-443d-b6e4-5ec00cc09696', 5, 124.0, '2026-03-25T15:35:50.976051+00:00', 'strategia');
INSERT INTO public.purchase_lines (id, purchase_document_id, sku_id, quantity, unit_cost, created_at, label) VALUES ('d88ae5af-e330-42f3-af24-10bd19c14364', '27fa781c-177e-461e-adc9-664bafef6ce7', 'a9de06c8-bd9a-4163-9d0e-a34391cccd44', 6, 179.0, '2026-03-25T15:35:50.976051+00:00', 'strategia');
INSERT INTO public.purchase_lines (id, purchase_document_id, sku_id, quantity, unit_cost, created_at, label) VALUES ('0f77f1db-78bd-48ac-9e29-e8ff64f07fd5', '64ed7a65-fa5b-48c7-b412-84af87498207', '0993899f-96ef-4cfd-b7cd-1635c6318fdc', 3, 311.0, '2026-03-25T15:38:02.608272+00:00', NULL);
INSERT INTO public.purchase_lines (id, purchase_document_id, sku_id, quantity, unit_cost, created_at, label) VALUES ('4cb29d5f-b080-4206-8a5e-6d4f2db0cda9', '64ed7a65-fa5b-48c7-b412-84af87498207', 'c090f105-3e19-4980-b90e-a27305512f23', 3, 428.0, '2026-03-25T15:38:02.608272+00:00', NULL);
INSERT INTO public.purchase_lines (id, purchase_document_id, sku_id, quantity, unit_cost, created_at, label) VALUES ('b7b43593-ba3c-45aa-a621-d1e12eb304fa', '6147d01d-1258-4b61-bb7a-ece777ce4956', '53c6250d-1585-497e-874b-b67c32addfbe', 1, 957.0, '2026-03-25T15:45:38.571088+00:00', NULL);
INSERT INTO public.purchase_lines (id, purchase_document_id, sku_id, quantity, unit_cost, created_at, label) VALUES ('514be0aa-0dbf-4778-9153-783cadb6ba60', '6147d01d-1258-4b61-bb7a-ece777ce4956', '0217a819-29ff-43de-a98d-af787b79adbd', 2, 1167.0, '2026-03-25T15:45:38.571088+00:00', NULL);
INSERT INTO public.purchase_lines (id, purchase_document_id, sku_id, quantity, unit_cost, created_at, label) VALUES ('1c5496b7-13a1-48a9-9f00-0496e92ee18c', '6147d01d-1258-4b61-bb7a-ece777ce4956', '0217a819-29ff-43de-a98d-af787b79adbd', 2, 1004.0, '2026-03-25T15:45:38.571088+00:00', NULL);
INSERT INTO public.purchase_lines (id, purchase_document_id, sku_id, quantity, unit_cost, created_at, label) VALUES ('d0941c66-7fe3-4ce3-b850-121b24c09a83', '6147d01d-1258-4b61-bb7a-ece777ce4956', 'e4bd4106-01bb-4e8e-ba02-223ab1fcdfd1', 1, 957.0, '2026-03-25T15:45:38.571088+00:00', NULL);
INSERT INTO public.purchase_lines (id, purchase_document_id, sku_id, quantity, unit_cost, created_at, label) VALUES ('5de9dc49-5609-4e7f-b46c-1758dffcabb0', 'd78e106a-3f06-4785-878f-c341dabc39fe', '2b0f4b89-78fe-4ddd-81f5-d9a426d41ba6', 1, 1175.0, '2026-03-25T15:47:01.471767+00:00', NULL);
INSERT INTO public.purchase_lines (id, purchase_document_id, sku_id, quantity, unit_cost, created_at, label) VALUES ('ab0e3f71-be26-4345-950f-6c35974cb3e8', '3cae27c5-1bc3-4285-a160-fdd9018ee657', '7ab7757e-ef7d-443d-b6e4-5ec00cc09696', 79, 124.0, '2026-03-26T15:00:11.752817+00:00', NULL);
INSERT INTO public.purchase_lines (id, purchase_document_id, sku_id, quantity, unit_cost, created_at, label) VALUES ('97a9fefd-e0a7-4db1-90de-f70b59ab840d', '3cae27c5-1bc3-4285-a160-fdd9018ee657', 'a9de06c8-bd9a-4163-9d0e-a34391cccd44', 83, 179.0, '2026-03-26T15:00:11.752817+00:00', NULL);
INSERT INTO public.purchase_lines (id, purchase_document_id, sku_id, quantity, unit_cost, created_at, label) VALUES ('ba7ef516-543f-4172-bb5f-8852150f2d5b', 'e9485ba0-7d57-4e24-b07c-dc1b7599f202', '624b257b-b152-4efb-8ccc-2b8a244aaf89', 1, 801.0, '2026-03-26T15:04:27.21894+00:00', NULL);
INSERT INTO public.purchase_lines (id, purchase_document_id, sku_id, quantity, unit_cost, created_at, label) VALUES ('393e5445-4674-4b35-a1ea-4016aaf9a1e7', 'e9485ba0-7d57-4e24-b07c-dc1b7599f202', 'da2bc8a5-cb91-41f6-ac93-2857f723bdca', 2, 801.0, '2026-03-26T15:04:27.21894+00:00', NULL);
INSERT INTO public.purchase_lines (id, purchase_document_id, sku_id, quantity, unit_cost, created_at, label) VALUES ('a41eac61-d3f4-4471-a202-eb47f1fe78e1', 'e9485ba0-7d57-4e24-b07c-dc1b7599f202', 'ad93e5bd-4490-4909-9356-98821abd9688', 1, 801.0, '2026-03-26T15:04:27.21894+00:00', NULL);
INSERT INTO public.purchase_lines (id, purchase_document_id, sku_id, quantity, unit_cost, created_at, label) VALUES ('923d1ab9-b317-40af-b3a1-3bc32fa8dbd3', 'e9485ba0-7d57-4e24-b07c-dc1b7599f202', '756a0b04-22c6-433a-b014-882011b0de82', 1, 801.0, '2026-03-26T15:04:27.21894+00:00', NULL);
INSERT INTO public.purchase_lines (id, purchase_document_id, sku_id, quantity, unit_cost, created_at, label) VALUES ('0816b471-8054-4a24-a358-7621438bc431', '38389eb2-45b6-4ebd-bc0a-27d06903f51d', '0217a819-29ff-43de-a98d-af787b79adbd', 2, 1167.0, '2026-03-26T15:05:52.394314+00:00', NULL);
INSERT INTO public.purchase_lines (id, purchase_document_id, sku_id, quantity, unit_cost, created_at, label) VALUES ('b33f6652-7c08-48a9-b0c9-28c0dd245697', '38389eb2-45b6-4ebd-bc0a-27d06903f51d', '7ad5d79e-cee1-4f1f-a1fe-7f8f3989cf29', 2, 1004.0, '2026-03-26T15:05:52.394314+00:00', NULL);
INSERT INTO public.purchase_lines (id, purchase_document_id, sku_id, quantity, unit_cost, created_at, label) VALUES ('c0a8cd5d-664d-4fbf-9542-db856f3a06c4', 'c9e1a111-8aae-437a-b112-e89f01cab356', '764bcbe1-77ca-4724-8acb-3478e8d2d965', 3, 1058.0, '2026-03-26T15:07:22.428456+00:00', NULL);
INSERT INTO public.purchase_lines (id, purchase_document_id, sku_id, quantity, unit_cost, created_at, label) VALUES ('b74ab58f-ad29-479c-a07e-683cff68151d', 'c9e1a111-8aae-437a-b112-e89f01cab356', 'd6d0bd98-c549-4507-bcb9-82f6dc29c1e4', 1, 1175.0, '2026-03-26T15:07:22.428456+00:00', NULL);
INSERT INTO public.purchase_lines (id, purchase_document_id, sku_id, quantity, unit_cost, created_at, label) VALUES ('537fc6a2-e912-4b6c-8abe-c1f0506087a4', '7fd30e2f-9b9c-4bcc-9188-6622e07d5946', 'd6d0bd98-c549-4507-bcb9-82f6dc29c1e4', 1, 1175.74, '2026-04-02T08:28:38.923329+00:00', NULL);
INSERT INTO public.purchase_lines (id, purchase_document_id, sku_id, quantity, unit_cost, created_at, label) VALUES ('a252f3e1-8b0b-4deb-b7f1-310f279a1131', 'aab527c7-3b92-4fdc-bf2a-f6f4deb4d00d', 'acd35fbd-c6da-4af0-9c66-58198e0db241', 7, 0.0, '2026-03-31T17:14:57.710177+00:00', NULL);
INSERT INTO public.purchase_lines (id, purchase_document_id, sku_id, quantity, unit_cost, created_at, label) VALUES ('21bb2318-d064-4aa3-8f58-cb0370787386', 'aab527c7-3b92-4fdc-bf2a-f6f4deb4d00d', '660cfd6c-9899-491e-a9a8-bb097570d930', 10, 0.0, '2026-03-31T17:14:57.710177+00:00', NULL);
INSERT INTO public.purchase_lines (id, purchase_document_id, sku_id, quantity, unit_cost, created_at, label) VALUES ('e4ba826b-77d2-4488-b36f-b669012e6fc0', '1d7d10e0-56e9-485f-b8e3-8bac4a0e035e', '660cfd6c-9899-491e-a9a8-bb097570d930', 3, 0.0, '2026-03-31T17:14:33.819564+00:00', NULL);
INSERT INTO public.purchase_lines (id, purchase_document_id, sku_id, quantity, unit_cost, created_at, label) VALUES ('0d9b6c29-b1b0-4d75-b626-efcc26e1b88b', '1d7d10e0-56e9-485f-b8e3-8bac4a0e035e', 'acd35fbd-c6da-4af0-9c66-58198e0db241', 3, 0.0, '2026-03-31T17:14:33.819564+00:00', NULL);
INSERT INTO public.purchase_lines (id, purchase_document_id, sku_id, quantity, unit_cost, created_at, label) VALUES ('7b8c4f45-fe36-4468-880f-38ea0a7b0fb0', 'df14936a-d26a-4e5f-bfbb-f14ab0a54e6a', 'acd35fbd-c6da-4af0-9c66-58198e0db241', 2, 545.0, '2026-04-02T08:25:18.11035+00:00', NULL);
INSERT INTO public.purchase_lines (id, purchase_document_id, sku_id, quantity, unit_cost, created_at, label) VALUES ('8bf668e5-10fb-44d3-bc87-370eb5e41995', 'b319b4fe-0758-42b9-bd85-8df3773dc467', 'acd35fbd-c6da-4af0-9c66-58198e0db241', 9, 545.0, '2026-04-02T08:26:04.820724+00:00', NULL);
INSERT INTO public.purchase_lines (id, purchase_document_id, sku_id, quantity, unit_cost, created_at, label) VALUES ('8149467e-d6f1-4b22-9600-481409d5f4c9', 'b319b4fe-0758-42b9-bd85-8df3773dc467', 'acd35fbd-c6da-4af0-9c66-58198e0db241', 2, 545.0, '2026-04-02T08:26:04.820724+00:00', NULL);
INSERT INTO public.purchase_lines (id, purchase_document_id, sku_id, quantity, unit_cost, created_at, label) VALUES ('3ed59b24-c54f-44d4-91b8-17a2b2153718', '7fd30e2f-9b9c-4bcc-9188-6622e07d5946', '6ac84b20-eda9-48f2-94ee-c597adecc7cd', 1, 1058.94, '2026-04-02T08:28:38.923329+00:00', NULL);
INSERT INTO public.purchase_lines (id, purchase_document_id, sku_id, quantity, unit_cost, created_at, label) VALUES ('91b0a96b-fb5e-4e59-9555-9008a0343d0c', 'dac417ae-6b2c-4f1a-81d8-974c97c1cfea', 'a9de06c8-bd9a-4163-9d0e-a34391cccd44', 5, 179.02, '2026-04-02T12:54:28.694928+00:00', NULL);
INSERT INTO public.purchase_lines (id, purchase_document_id, sku_id, quantity, unit_cost, created_at, label) VALUES ('43d71251-c771-469c-8edb-2356dad0b083', '7fd30e2f-9b9c-4bcc-9188-6622e07d5946', '38150ded-b34d-49b3-a132-133864679b11', 6, 778.61, '2026-04-02T08:28:38.923329+00:00', NULL);

-- TABLE: import_batches
-- Columns: id, file_name, uploaded_by, status, total_rows, success_count, error_count, created_at, updated_at, import_type
-- 8 row(s)

INSERT INTO public.import_batches (id, file_name, uploaded_by, status, total_rows, success_count, error_count, created_at, updated_at, import_type) VALUES ('93676b80-9d64-4d65-a781-a0ab9b577ba5', 'Foglio di lavoro senza nome (2).xlsx', 'ae1909fa-447b-4fcc-a264-3b9209c77dc5', 'completed_with_errors', 2, 0, 2, '2026-02-14T12:45:23.04644+00:00', '2026-02-14T12:45:23.347067+00:00', 'inventory');
INSERT INTO public.import_batches (id, file_name, uploaded_by, status, total_rows, success_count, error_count, created_at, updated_at, import_type) VALUES ('a860ac90-a658-4c66-b165-46ce631a6201', 'Foglio di lavoro senza nome (2).xlsx', 'ae1909fa-447b-4fcc-a264-3b9209c77dc5', 'completed_with_errors', 2, 1, 1, '2026-02-14T12:46:00.460363+00:00', '2026-02-14T12:46:00.86712+00:00', 'inventory');
INSERT INTO public.import_batches (id, file_name, uploaded_by, status, total_rows, success_count, error_count, created_at, updated_at, import_type) VALUES ('38b6d8cf-0422-4dcc-94ec-f4f0c4cc145e', 'template_inventory.csv', 'ae1909fa-447b-4fcc-a264-3b9209c77dc5', 'completed', 2, 2, 0, '2026-02-25T10:57:17.654021+00:00', '2026-02-25T10:57:18.284653+00:00', 'inventory');
INSERT INTO public.import_batches (id, file_name, uploaded_by, status, total_rows, success_count, error_count, created_at, updated_at, import_type) VALUES ('6d0aef1e-f15e-410e-98b4-6002f34aa2c6', 'convertitore BUYER.xlsx', 'ae1909fa-447b-4fcc-a264-3b9209c77dc5', 'completed', 6, 6, 0, '2026-02-25T11:48:31.316758+00:00', '2026-02-25T11:48:33.279324+00:00', 'inventory');
INSERT INTO public.import_batches (id, file_name, uploaded_by, status, total_rows, success_count, error_count, created_at, updated_at, import_type) VALUES ('7321ff3e-8428-43b0-9f5d-215b20adabdf', 'convertitore BUYER.xlsx', 'ae1909fa-447b-4fcc-a264-3b9209c77dc5', 'completed_with_errors', 7, 0, 7, '2026-02-25T12:10:52.741281+00:00', '2026-02-25T12:10:53.087808+00:00', 'inventory');
INSERT INTO public.import_batches (id, file_name, uploaded_by, status, total_rows, success_count, error_count, created_at, updated_at, import_type) VALUES ('f6eb1551-ceec-4001-ba0a-6206fe4a4e9c', 'convertitore BUYER.xlsx', 'ae1909fa-447b-4fcc-a264-3b9209c77dc5', 'processing', 7, 0, 0, '2026-02-25T12:11:15.042803+00:00', '2026-02-25T12:11:15.042803+00:00', 'product_skus');
INSERT INTO public.import_batches (id, file_name, uploaded_by, status, total_rows, success_count, error_count, created_at, updated_at, import_type) VALUES ('dd4228c9-4487-4209-940f-42499d4c8c5d', 'convertitore BUYER.xlsx', 'ae1909fa-447b-4fcc-a264-3b9209c77dc5', 'completed_with_errors', 7, 0, 7, '2026-02-25T12:11:48.191611+00:00', '2026-02-25T12:11:49.181196+00:00', 'inventory');
INSERT INTO public.import_batches (id, file_name, uploaded_by, status, total_rows, success_count, error_count, created_at, updated_at, import_type) VALUES ('610c5a7a-656a-4666-8a6e-dc18cd17f3b0', 'convertitore BUYER.xlsx', 'ae1909fa-447b-4fcc-a264-3b9209c77dc5', 'completed_with_errors', 7, 0, 7, '2026-02-25T12:12:27.780673+00:00', '2026-02-25T12:12:28.001115+00:00', 'inventory');

-- TABLE: import_rows
-- Columns: id, batch_id, row_number, raw_data, status, error_message, created_at
-- 33 row(s)

INSERT INTO public.import_rows (id, batch_id, row_number, raw_data, status, error_message, created_at) VALUES ('2a453a91-67c5-4e6c-995d-08a7767b9649', '93676b80-9d64-4d65-a781-a0ab9b577ba5', 2, '{"quantity": 1, "sku_code": "SKU001", "unit_cost": 12.527083333333334, "identifier": 359576543210001, "identifier_type": "imei"}', 'error', 'SKU "SKU001" non trovato', '2026-02-14T12:45:23.270699+00:00');
INSERT INTO public.import_rows (id, batch_id, row_number, raw_data, status, error_message, created_at) VALUES ('4f9c5e87-e5bf-435e-9252-0f90cda38ac5', '93676b80-9d64-4d65-a781-a0ab9b577ba5', 3, '{"quantity": 12, "sku_code": ".", "unit_cost": "sette", "identifier": 3, "identifier_type": "."}', 'error', 'SKU "." non trovato', '2026-02-14T12:45:23.270699+00:00');
INSERT INTO public.import_rows (id, batch_id, row_number, raw_data, status, error_message, created_at) VALUES ('fa372c57-06cd-4657-abb0-ba1881cc4b1f', 'a860ac90-a658-4c66-b165-46ce631a6201', 2, '{"quantity": 1, "sku_code": "SKU001", "unit_cost": 12.527083333333334, "identifier": 359576543210001, "identifier_type": "imei"}', 'success', NULL, '2026-02-14T12:46:00.805336+00:00');
INSERT INTO public.import_rows (id, batch_id, row_number, raw_data, status, error_message, created_at) VALUES ('019c6e98-5d92-4b85-aa52-2348f278f17c', 'a860ac90-a658-4c66-b165-46ce631a6201', 3, '{"quantity": 12, "sku_code": ".", "unit_cost": "sette", "identifier": 3, "identifier_type": "."}', 'error', 'SKU "." non trovato', '2026-02-14T12:46:00.805336+00:00');
INSERT INTO public.import_rows (id, batch_id, row_number, raw_data, status, error_message, created_at) VALUES ('1a5e8cfc-2561-4460-ade0-a3607ed7f4f1', '38b6d8cf-0422-4dcc-94ec-f4f0c4cc145e', 2, '{"quantity": 1, "sku_code": "0THOMA8POU7002", "unit_cost": 1012, "identifier": 867342081801977, "identifier_type": " Terminale HONOR MAGIC 8 PRO 12GB+512GB BLACK"}', 'success', NULL, '2026-02-25T10:57:18.222704+00:00');
INSERT INTO public.import_rows (id, batch_id, row_number, raw_data, status, error_message, created_at) VALUES ('071ab2fa-3264-4e3b-b108-220913491c01', '38b6d8cf-0422-4dcc-94ec-f4f0c4cc145e', 3, '{"quantity": 3, "sku_code": "0TMOMOG3OU7010", "unit_cost": 155, "identifier": " MOTOROLA MOTO G35", "identifier_type": " Terminale MOTOROLA MOTO G35 5G 4GB+128GB MIDNIGHT BLACK"}', 'success', NULL, '2026-02-25T10:57:18.222704+00:00');
INSERT INTO public.import_rows (id, batch_id, row_number, raw_data, status, error_message, created_at) VALUES ('d6b34a45-f9ab-4ac5-a92e-93524dd51407', '6d0aef1e-f15e-410e-98b4-6002f34aa2c6', 2, '{"quantity": 1, "sku_code": "0TXI1551OU7011", "unit_cost": 545, "identifier": "26515085 - 07/01/2026", "identifier_type": "Terminale XIAOMI 15T 12GB+512GB ROSE GOLD"}', 'success', NULL, '2026-02-25T11:48:33.193047+00:00');
INSERT INTO public.import_rows (id, batch_id, row_number, raw_data, status, error_message, created_at) VALUES ('ae5dca5a-9da0-4a38-b4ee-0db5ae113768', '6d0aef1e-f15e-410e-98b4-6002f34aa2c6', 3, '{"quantity": 1, "sku_code": "0TXIRE15OU7006", "unit_cost": 194, "identifier": "26515085 - 07/01/2026", "identifier_type": "Terminale XIAOMI REDMI 15 5G 8GB+256GB RIPPLE GREEN"}', 'success', NULL, '2026-02-25T11:48:33.193047+00:00');
INSERT INTO public.import_rows (id, batch_id, row_number, raw_data, status, error_message, created_at) VALUES ('9c3620bc-5943-4050-b104-a0830f330aee', '6d0aef1e-f15e-410e-98b4-6002f34aa2c6', 4, '{"quantity": 1, "sku_code": "0TXIRE15OU7035", "unit_cost": 155, "identifier": "26515085 - 07/01/2026", "identifier_type": "Terminale XIAOMI REDMI 15C 5G 4GB+128GB Mint Green"}', 'success', NULL, '2026-02-25T11:48:33.193047+00:00');
INSERT INTO public.import_rows (id, batch_id, row_number, raw_data, status, error_message, created_at) VALUES ('bf4aa4e0-3343-4c29-8fb9-2b4cec907bea', '6d0aef1e-f15e-410e-98b4-6002f34aa2c6', 5, '{"quantity": 1, "sku_code": "0TXIREN5OU7006", "unit_cost": 233, "identifier": "26515085 - 07/01/2026", "identifier_type": "Terminale XIAOMI REDMI NOTE 15 5G 8GB+256GB Glacier Blue"}', 'success', NULL, '2026-02-25T11:48:33.193047+00:00');
INSERT INTO public.import_rows (id, batch_id, row_number, raw_data, status, error_message, created_at) VALUES ('81f7594f-b579-4164-9182-548e9611afaf', '6d0aef1e-f15e-410e-98b4-6002f34aa2c6', 6, '{"quantity": 1, "sku_code": "0TXIREN5OU7011", "unit_cost": 311, "identifier": "26515085 - 07/01/2026", "identifier_type": "Terminale XIAOMI REDMI NOTE 15 PRO 5G 8GB+256GB Black"}', 'success', NULL, '2026-02-25T11:48:33.193047+00:00');
INSERT INTO public.import_rows (id, batch_id, row_number, raw_data, status, error_message, created_at) VALUES ('1bece4ce-1f68-4e8a-b9b8-9d76de796978', '6d0aef1e-f15e-410e-98b4-6002f34aa2c6', 7, '{"quantity": 1, "sku_code": "0TXIREN5OU7019", "unit_cost": 389, "identifier": "26515085 - 07/01/2026", "identifier_type": "Terminale XIAOMI REDMI NOTE 15 PRO+ 5G 8GB+256GB Mocha Brown"}', 'success', NULL, '2026-02-25T11:48:33.193047+00:00');
INSERT INTO public.import_rows (id, batch_id, row_number, raw_data, status, error_message, created_at) VALUES ('dc28cfd3-6589-47f8-9e5d-8ee61f808574', '7321ff3e-8428-43b0-9f5d-215b20adabdf', 2, '{"quantity": 2, "sku_code": "0TSAGA26OU7005", "unit_cost": 801, "identifier": "26610726 - 24/02/2026", "identifier_type": "Terminale SAMSUNG GALAXY S26 256GB BLACK"}', 'error', 'SKU "0TSAGA26OU7005" non trovato', '2026-02-25T12:10:52.993894+00:00');
INSERT INTO public.import_rows (id, batch_id, row_number, raw_data, status, error_message, created_at) VALUES ('9f62f336-573f-42f1-a082-580097f5ed42', '7321ff3e-8428-43b0-9f5d-215b20adabdf', 3, '{"quantity": 2, "sku_code": "0TSAGA26OU7006", "unit_cost": 801, "identifier": "26610726 - 24/02/2026", "identifier_type": "Terminale SAMSUNG GALAXY S26 256GB SKY BLUE"}', 'error', 'SKU "0TSAGA26OU7006" non trovato', '2026-02-25T12:10:52.993894+00:00');
INSERT INTO public.import_rows (id, batch_id, row_number, raw_data, status, error_message, created_at) VALUES ('4972f5df-4567-44c7-8644-8038e85da017', '7321ff3e-8428-43b0-9f5d-215b20adabdf', 4, '{"quantity": 2, "sku_code": "0TSAGA26OU7007", "unit_cost": 801, "identifier": "26610726 - 24/02/2026", "identifier_type": "Terminale SAMSUNG GALAXY S26 256GB COBAL VIOLET"}', 'error', 'SKU "0TSAGA26OU7007" non trovato', '2026-02-25T12:10:52.993894+00:00');
INSERT INTO public.import_rows (id, batch_id, row_number, raw_data, status, error_message, created_at) VALUES ('8183b910-e347-4c4b-8696-352eef6c3c99', '7321ff3e-8428-43b0-9f5d-215b20adabdf', 5, '{"quantity": 2, "sku_code": "0TSAGA26OU7008", "unit_cost": 801, "identifier": "26610726 - 24/02/2026", "identifier_type": "Terminale SAMSUNG GALAXY S26 256GB WHITE"}', 'error', 'SKU "0TSAGA26OU7008" non trovato', '2026-02-25T12:10:52.993894+00:00');
INSERT INTO public.import_rows (id, batch_id, row_number, raw_data, status, error_message, created_at) VALUES ('c1fc7bf1-5a79-4f23-899b-96c77080c914', '7321ff3e-8428-43b0-9f5d-215b20adabdf', 6, '{"quantity": 1, "sku_code": "0TSAGA26OU7013", "unit_cost": 957, "identifier": "26610726 - 24/02/2026", "identifier_type": "Terminale SAMSUNG GALAXY S26 512GB BLACK"}', 'error', 'SKU "0TSAGA26OU7013" non trovato', '2026-02-25T12:10:52.993894+00:00');
INSERT INTO public.import_rows (id, batch_id, row_number, raw_data, status, error_message, created_at) VALUES ('0b971b55-cfbd-4c76-9a31-fa5ff69dda73', '7321ff3e-8428-43b0-9f5d-215b20adabdf', 7, '{"quantity": 1, "sku_code": "0TSAGA26OU7022", "unit_cost": 1004, "identifier": "26610726 - 24/02/2026", "identifier_type": "Terminale SAMSUNG GALAXY S26+ 256GB SKY BLUE"}', 'error', 'SKU "0TSAGA26OU7022" non trovato', '2026-02-25T12:10:52.993894+00:00');
INSERT INTO public.import_rows (id, batch_id, row_number, raw_data, status, error_message, created_at) VALUES ('5d57ead6-9672-4d02-9a6b-1642f95698f8', '7321ff3e-8428-43b0-9f5d-215b20adabdf', 8, '{"quantity": 1, "sku_code": "0TSAGA26OU7030", "unit_cost": 1160, "identifier": "26610726 - 24/02/2026", "identifier_type": "Terminale SAMSUNG GALAXY S26+ 512GB SKY BLUE"}', 'error', 'SKU "0TSAGA26OU7030" non trovato', '2026-02-25T12:10:52.993894+00:00');
INSERT INTO public.import_rows (id, batch_id, row_number, raw_data, status, error_message, created_at) VALUES ('d5bc9a9f-2fc2-4e92-ba0b-a4b317e8f492', 'dd4228c9-4487-4209-940f-42499d4c8c5d', 2, '{"quantity": 2, "sku_code": "0TSAGA26OU7005", "unit_cost": 801, "identifier": "26610726 - 24/02/2026", "identifier_type": "Terminale SAMSUNG GALAXY S26 256GB BLACK"}', 'error', 'SKU "0TSAGA26OU7005" non trovato', '2026-02-25T12:11:48.933525+00:00');
INSERT INTO public.import_rows (id, batch_id, row_number, raw_data, status, error_message, created_at) VALUES ('81cba747-f52e-47da-ac15-28dd4abbdc25', 'dd4228c9-4487-4209-940f-42499d4c8c5d', 3, '{"quantity": 2, "sku_code": "0TSAGA26OU7006", "unit_cost": 801, "identifier": "26610726 - 24/02/2026", "identifier_type": "Terminale SAMSUNG GALAXY S26 256GB SKY BLUE"}', 'error', 'SKU "0TSAGA26OU7006" non trovato', '2026-02-25T12:11:48.933525+00:00');
INSERT INTO public.import_rows (id, batch_id, row_number, raw_data, status, error_message, created_at) VALUES ('3b9da5f5-b06a-41af-b79a-4fcebadc6eef', 'dd4228c9-4487-4209-940f-42499d4c8c5d', 4, '{"quantity": 2, "sku_code": "0TSAGA26OU7007", "unit_cost": 801, "identifier": "26610726 - 24/02/2026", "identifier_type": "Terminale SAMSUNG GALAXY S26 256GB COBAL VIOLET"}', 'error', 'SKU "0TSAGA26OU7007" non trovato', '2026-02-25T12:11:48.933525+00:00');
INSERT INTO public.import_rows (id, batch_id, row_number, raw_data, status, error_message, created_at) VALUES ('cfe17bfc-f930-4b17-b1d0-0a538f82a544', 'dd4228c9-4487-4209-940f-42499d4c8c5d', 5, '{"quantity": 2, "sku_code": "0TSAGA26OU7008", "unit_cost": 801, "identifier": "26610726 - 24/02/2026", "identifier_type": "Terminale SAMSUNG GALAXY S26 256GB WHITE"}', 'error', 'SKU "0TSAGA26OU7008" non trovato', '2026-02-25T12:11:48.933525+00:00');
INSERT INTO public.import_rows (id, batch_id, row_number, raw_data, status, error_message, created_at) VALUES ('362f8aac-77a9-4914-8c11-502dcfa10858', 'dd4228c9-4487-4209-940f-42499d4c8c5d', 6, '{"quantity": 1, "sku_code": "0TSAGA26OU7013", "unit_cost": 957, "identifier": "26610726 - 24/02/2026", "identifier_type": "Terminale SAMSUNG GALAXY S26 512GB BLACK"}', 'error', 'SKU "0TSAGA26OU7013" non trovato', '2026-02-25T12:11:48.933525+00:00');
INSERT INTO public.import_rows (id, batch_id, row_number, raw_data, status, error_message, created_at) VALUES ('c2a0bb5e-072e-4cc2-9b48-9c36c3bcfed5', 'dd4228c9-4487-4209-940f-42499d4c8c5d', 7, '{"quantity": 1, "sku_code": "0TSAGA26OU7022", "unit_cost": 1004, "identifier": "26610726 - 24/02/2026", "identifier_type": "Terminale SAMSUNG GALAXY S26+ 256GB SKY BLUE"}', 'error', 'SKU "0TSAGA26OU7022" non trovato', '2026-02-25T12:11:48.933525+00:00');
INSERT INTO public.import_rows (id, batch_id, row_number, raw_data, status, error_message, created_at) VALUES ('3aab6570-4026-4bb1-9278-8c16aaf5bf3f', 'dd4228c9-4487-4209-940f-42499d4c8c5d', 8, '{"quantity": 1, "sku_code": "0TSAGA26OU7030", "unit_cost": 1160, "identifier": "26610726 - 24/02/2026", "identifier_type": "Terminale SAMSUNG GALAXY S26+ 512GB SKY BLUE"}', 'error', 'SKU "0TSAGA26OU7030" non trovato', '2026-02-25T12:11:48.933525+00:00');
INSERT INTO public.import_rows (id, batch_id, row_number, raw_data, status, error_message, created_at) VALUES ('c3426a69-ea7e-4d55-ad15-ccaba45f6ab0', '610c5a7a-656a-4666-8a6e-dc18cd17f3b0', 2, '{"quantity": 2, "sku_code": "0TSAGA26OU7005", "unit_cost": 801, "identifier": "26610726 - 24/02/2026", "identifier_type": "Terminale SAMSUNG GALAXY S26 256GB BLACK"}', 'error', 'SKU "0TSAGA26OU7005" non trovato', '2026-02-25T12:12:27.92203+00:00');
INSERT INTO public.import_rows (id, batch_id, row_number, raw_data, status, error_message, created_at) VALUES ('2ef297b7-3f6d-4891-a1d9-73e2493a6e02', '610c5a7a-656a-4666-8a6e-dc18cd17f3b0', 3, '{"quantity": 2, "sku_code": "0TSAGA26OU7006", "unit_cost": 801, "identifier": "26610726 - 24/02/2026", "identifier_type": "Terminale SAMSUNG GALAXY S26 256GB SKY BLUE"}', 'error', 'SKU "0TSAGA26OU7006" non trovato', '2026-02-25T12:12:27.92203+00:00');
INSERT INTO public.import_rows (id, batch_id, row_number, raw_data, status, error_message, created_at) VALUES ('168a440c-343a-409d-8f04-18c34dae2354', '610c5a7a-656a-4666-8a6e-dc18cd17f3b0', 4, '{"quantity": 2, "sku_code": "0TSAGA26OU7007", "unit_cost": 801, "identifier": "26610726 - 24/02/2026", "identifier_type": "Terminale SAMSUNG GALAXY S26 256GB COBAL VIOLET"}', 'error', 'SKU "0TSAGA26OU7007" non trovato', '2026-02-25T12:12:27.92203+00:00');
INSERT INTO public.import_rows (id, batch_id, row_number, raw_data, status, error_message, created_at) VALUES ('b88ae693-00a3-447c-8814-6ada24fbc6f7', '610c5a7a-656a-4666-8a6e-dc18cd17f3b0', 5, '{"quantity": 2, "sku_code": "0TSAGA26OU7008", "unit_cost": 801, "identifier": "26610726 - 24/02/2026", "identifier_type": "Terminale SAMSUNG GALAXY S26 256GB WHITE"}', 'error', 'SKU "0TSAGA26OU7008" non trovato', '2026-02-25T12:12:27.92203+00:00');
INSERT INTO public.import_rows (id, batch_id, row_number, raw_data, status, error_message, created_at) VALUES ('4a1174bc-98b1-4c7f-8372-0893e5ee54fd', '610c5a7a-656a-4666-8a6e-dc18cd17f3b0', 6, '{"quantity": 1, "sku_code": "0TSAGA26OU7013", "unit_cost": 957, "identifier": "26610726 - 24/02/2026", "identifier_type": "Terminale SAMSUNG GALAXY S26 512GB BLACK"}', 'error', 'SKU "0TSAGA26OU7013" non trovato', '2026-02-25T12:12:27.92203+00:00');
INSERT INTO public.import_rows (id, batch_id, row_number, raw_data, status, error_message, created_at) VALUES ('dd39ab61-2286-4003-959d-fe7796c58d6b', '610c5a7a-656a-4666-8a6e-dc18cd17f3b0', 7, '{"quantity": 1, "sku_code": "0TSAGA26OU7022", "unit_cost": 1004, "identifier": "26610726 - 24/02/2026", "identifier_type": "Terminale SAMSUNG GALAXY S26+ 256GB SKY BLUE"}', 'error', 'SKU "0TSAGA26OU7022" non trovato', '2026-02-25T12:12:27.92203+00:00');
INSERT INTO public.import_rows (id, batch_id, row_number, raw_data, status, error_message, created_at) VALUES ('5e8c7670-0525-47bf-82ea-a868d012d1e4', '610c5a7a-656a-4666-8a6e-dc18cd17f3b0', 8, '{"quantity": 1, "sku_code": "0TSAGA26OU7030", "unit_cost": 1160, "identifier": "26610726 - 24/02/2026", "identifier_type": "Terminale SAMSUNG GALAXY S26+ 512GB SKY BLUE"}', 'error', 'SKU "0TSAGA26OU7030" non trovato', '2026-02-25T12:12:27.92203+00:00');

-- TABLE: kanban_pipelines
-- Columns: id, name, entity_type, is_active, created_at, updated_at
-- 1 row(s)

INSERT INTO public.kanban_pipelines (id, name, entity_type, is_active, created_at, updated_at) VALUES ('d7cea09c-9fe5-4b93-96c1-cc8b5c3daddc', 'Resi test', 'ReturnCase', true, '2026-02-19T18:39:39.968891+00:00', '2026-02-19T18:39:39.968891+00:00');

-- TABLE: kanban_stages
-- Columns: id, pipeline_id, name, sort_order, sla_days, color, created_at, updated_at
-- 4 row(s)

INSERT INTO public.kanban_stages (id, pipeline_id, name, sort_order, sla_days, color, created_at, updated_at) VALUES ('f05d7c49-8700-4191-9ffa-979bd8ec5c33', 'd7cea09c-9fe5-4b93-96c1-cc8b5c3daddc', 'Reso comunicato ', 0, 3, '#5e30eb', '2026-02-19T18:40:20.029271+00:00', '2026-02-19T18:41:21.364033+00:00');
INSERT INTO public.kanban_stages (id, pipeline_id, name, sort_order, sla_days, color, created_at, updated_at) VALUES ('c692c3fc-ed88-470b-b019-a9dc2f4edd6d', 'd7cea09c-9fe5-4b93-96c1-cc8b5c3daddc', 'Secondo step ', 1, 3, '#fefb41', '2026-02-19T18:41:16.281326+00:00', '2026-02-19T18:41:21.365783+00:00');
INSERT INTO public.kanban_stages (id, pipeline_id, name, sort_order, sla_days, color, created_at, updated_at) VALUES ('a0d56f6e-ce2e-4b59-8701-d68ea3ed5b97', 'd7cea09c-9fe5-4b93-96c1-cc8b5c3daddc', 'Test rosso', 2, 0, '#6b7280', '2026-02-19T19:04:19.136945+00:00', '2026-02-19T19:04:19.136945+00:00');
INSERT INTO public.kanban_stages (id, pipeline_id, name, sort_order, sla_days, color, created_at, updated_at) VALUES ('8fcec3ae-5932-43a7-975d-dfc470c091a3', 'd7cea09c-9fe5-4b93-96c1-cc8b5c3daddc', 'Test giallo', 3, 1, '#6b7280', '2026-02-19T19:04:33.248069+00:00', '2026-02-19T19:04:33.248069+00:00');

-- TABLE: kanban_items
-- Columns: id, pipeline_id, stage_id, entity_id, title, entered_stage_at, due_at, created_at, updated_at
-- 5 row(s)

INSERT INTO public.kanban_items (id, pipeline_id, stage_id, entity_id, title, entered_stage_at, due_at, created_at, updated_at) VALUES ('2c55eb12-2842-437c-b99a-755aed0cf40b', 'd7cea09c-9fe5-4b93-96c1-cc8b5c3daddc', 'a0d56f6e-ce2e-4b59-8701-d68ea3ed5b97', 'ed689a41-89c5-4ca8-99d1-7b33f86e5808', 'Reso  - ed689a41', '2026-02-19T19:04:41.85+00:00', NULL, '2026-02-19T18:57:28.811244+00:00', '2026-02-19T19:04:41.966782+00:00');
INSERT INTO public.kanban_items (id, pipeline_id, stage_id, entity_id, title, entered_stage_at, due_at, created_at, updated_at) VALUES ('bb87b3b4-5f70-4fb4-b839-77c7eb6d976a', 'd7cea09c-9fe5-4b93-96c1-cc8b5c3daddc', '8fcec3ae-5932-43a7-975d-dfc470c091a3', 'c5579c35-b330-482c-88b4-4d96a141fbf9', 'Reso  - c5579c35', '2026-02-19T19:05:18.877+00:00', '2026-02-20T19:05:18.877+00:00', '2026-02-19T19:05:09.196735+00:00', '2026-02-19T19:05:19.019133+00:00');
INSERT INTO public.kanban_items (id, pipeline_id, stage_id, entity_id, title, entered_stage_at, due_at, created_at, updated_at) VALUES ('ac9174dd-419f-4f13-b0c1-820019c8c622', 'd7cea09c-9fe5-4b93-96c1-cc8b5c3daddc', 'c692c3fc-ed88-470b-b019-a9dc2f4edd6d', '8f52fcf7-93d9-479d-bbbf-cfc68f997cf3', 'Reso Febbraio (scaduto)', '2026-02-05T10:00:00+00:00', '2026-02-13T18:25:26.122+00:00', '2026-02-23T18:25:26.167226+00:00', '2026-02-23T18:25:26.167226+00:00');
INSERT INTO public.kanban_items (id, pipeline_id, stage_id, entity_id, title, entered_stage_at, due_at, created_at, updated_at) VALUES ('ec4447b7-e838-4467-9385-90386c85e614', 'd7cea09c-9fe5-4b93-96c1-cc8b5c3daddc', 'a0d56f6e-ce2e-4b59-8701-d68ea3ed5b97', 'ca493d23-7faf-4c61-9b76-725854dc7b43', 'Reso Marzo', '2026-03-01T10:00:00+00:00', '2026-03-10T18:25:26.299+00:00', '2026-02-23T18:25:26.332322+00:00', '2026-02-23T18:25:26.332322+00:00');
INSERT INTO public.kanban_items (id, pipeline_id, stage_id, entity_id, title, entered_stage_at, due_at, created_at, updated_at) VALUES ('bfd59a86-3b43-4de4-8ac2-b9f95d44c509', 'd7cea09c-9fe5-4b93-96c1-cc8b5c3daddc', 'c692c3fc-ed88-470b-b019-a9dc2f4edd6d', '4ce61c1c-d122-4c24-9050-b03f87a1e0f9', 'Reso Gennaio', '2026-03-06T10:26:08.673+00:00', '2026-03-09T10:26:08.673+00:00', '2026-02-23T18:25:25.98168+00:00', '2026-03-06T10:26:18.714911+00:00');

-- TABLE: kanban_logs
-- Columns: id, item_id, from_stage_id, to_stage_id, changed_by, created_at, transition_label
-- 7 row(s)

INSERT INTO public.kanban_logs (id, item_id, from_stage_id, to_stage_id, changed_by, created_at, transition_label) VALUES ('89499454-c8dd-4521-aa9b-23089beb1e35', '2c55eb12-2842-437c-b99a-755aed0cf40b', 'f05d7c49-8700-4191-9ffa-979bd8ec5c33', 'c692c3fc-ed88-470b-b019-a9dc2f4edd6d', 'ae1909fa-447b-4fcc-a264-3b9209c77dc5', '2026-02-19T18:59:38.238376+00:00', NULL);
INSERT INTO public.kanban_logs (id, item_id, from_stage_id, to_stage_id, changed_by, created_at, transition_label) VALUES ('b6cc4bb4-ae67-47b1-8c04-004658bb6849', '2c55eb12-2842-437c-b99a-755aed0cf40b', 'c692c3fc-ed88-470b-b019-a9dc2f4edd6d', 'f05d7c49-8700-4191-9ffa-979bd8ec5c33', 'ae1909fa-447b-4fcc-a264-3b9209c77dc5', '2026-02-19T18:59:40.516713+00:00', NULL);
INSERT INTO public.kanban_logs (id, item_id, from_stage_id, to_stage_id, changed_by, created_at, transition_label) VALUES ('a79b96ce-f309-4fa4-83ca-82b10eb80119', '2c55eb12-2842-437c-b99a-755aed0cf40b', 'f05d7c49-8700-4191-9ffa-979bd8ec5c33', 'c692c3fc-ed88-470b-b019-a9dc2f4edd6d', 'ae1909fa-447b-4fcc-a264-3b9209c77dc5', '2026-02-19T18:59:44.277741+00:00', NULL);
INSERT INTO public.kanban_logs (id, item_id, from_stage_id, to_stage_id, changed_by, created_at, transition_label) VALUES ('6484c085-5926-4a00-864a-698398c70a1a', '2c55eb12-2842-437c-b99a-755aed0cf40b', 'c692c3fc-ed88-470b-b019-a9dc2f4edd6d', 'a0d56f6e-ce2e-4b59-8701-d68ea3ed5b97', 'ae1909fa-447b-4fcc-a264-3b9209c77dc5', '2026-02-19T19:04:42.085085+00:00', NULL);
INSERT INTO public.kanban_logs (id, item_id, from_stage_id, to_stage_id, changed_by, created_at, transition_label) VALUES ('26b90958-83ec-4330-8a29-9ca15b320519', 'bb87b3b4-5f70-4fb4-b839-77c7eb6d976a', 'f05d7c49-8700-4191-9ffa-979bd8ec5c33', 'c692c3fc-ed88-470b-b019-a9dc2f4edd6d', 'ae1909fa-447b-4fcc-a264-3b9209c77dc5', '2026-02-19T19:05:14.22107+00:00', NULL);
INSERT INTO public.kanban_logs (id, item_id, from_stage_id, to_stage_id, changed_by, created_at, transition_label) VALUES ('9f4e2682-7d48-4448-9899-f1d717c48590', 'bb87b3b4-5f70-4fb4-b839-77c7eb6d976a', 'c692c3fc-ed88-470b-b019-a9dc2f4edd6d', '8fcec3ae-5932-43a7-975d-dfc470c091a3', 'ae1909fa-447b-4fcc-a264-3b9209c77dc5', '2026-02-19T19:05:19.097323+00:00', NULL);
INSERT INTO public.kanban_logs (id, item_id, from_stage_id, to_stage_id, changed_by, created_at, transition_label) VALUES ('983b43e5-b556-4f85-9fa1-8f690f0d37ab', 'bfd59a86-3b43-4de4-8ac2-b9f95d44c509', 'f05d7c49-8700-4191-9ffa-979bd8ec5c33', 'c692c3fc-ed88-470b-b019-a9dc2f4edd6d', 'ae1909fa-447b-4fcc-a264-3b9209c77dc5', '2026-03-06T10:26:18.84088+00:00', NULL);

-- TABLE: return_cases
-- Columns: id, supplier_id, warehouse_id, ddt_reference, expected_ndc_amount, notes, created_by, created_at, updated_at
-- 6 row(s)

INSERT INTO public.return_cases (id, supplier_id, warehouse_id, ddt_reference, expected_ndc_amount, notes, created_by, created_at, updated_at) VALUES ('ed689a41-89c5-4ca8-99d1-7b33f86e5808', '60b997f0-e605-413f-9c9f-f6418bd35834', 'f33dcf9e-12be-40b5-8c5a-845251248fba', NULL, 9.89, NULL, 'ae1909fa-447b-4fcc-a264-3b9209c77dc5', '2026-02-19T18:57:28.227156+00:00', '2026-02-19T18:57:28.227156+00:00');
INSERT INTO public.return_cases (id, supplier_id, warehouse_id, ddt_reference, expected_ndc_amount, notes, created_by, created_at, updated_at) VALUES ('c5579c35-b330-482c-88b4-4d96a141fbf9', '60b997f0-e605-413f-9c9f-f6418bd35834', 'f33dcf9e-12be-40b5-8c5a-845251248fba', NULL, 0, NULL, 'ae1909fa-447b-4fcc-a264-3b9209c77dc5', '2026-02-19T19:05:08.804695+00:00', '2026-02-19T19:05:08.804695+00:00');
INSERT INTO public.return_cases (id, supplier_id, warehouse_id, ddt_reference, expected_ndc_amount, notes, created_by, created_at, updated_at) VALUES ('4ce61c1c-d122-4c24-9050-b03f87a1e0f9', '60b997f0-e605-413f-9c9f-f6418bd35834', 'f33dcf9e-12be-40b5-8c5a-845251248fba', NULL, 150, 'Reso Gennaio', 'ae1909fa-447b-4fcc-a264-3b9209c77dc5', '2026-01-20T10:00:00+00:00', '2026-02-23T18:25:25.856466+00:00');
INSERT INTO public.return_cases (id, supplier_id, warehouse_id, ddt_reference, expected_ndc_amount, notes, created_by, created_at, updated_at) VALUES ('8f52fcf7-93d9-479d-bbbf-cfc68f997cf3', '60b997f0-e605-413f-9c9f-f6418bd35834', 'f33dcf9e-12be-40b5-8c5a-845251248fba', NULL, 225, 'Reso Febbraio (scaduto)', 'ae1909fa-447b-4fcc-a264-3b9209c77dc5', '2026-02-05T10:00:00+00:00', '2026-02-23T18:25:26.050277+00:00');
INSERT INTO public.return_cases (id, supplier_id, warehouse_id, ddt_reference, expected_ndc_amount, notes, created_by, created_at, updated_at) VALUES ('ca493d23-7faf-4c61-9b76-725854dc7b43', '60b997f0-e605-413f-9c9f-f6418bd35834', 'f33dcf9e-12be-40b5-8c5a-845251248fba', NULL, 300, 'Reso Marzo', 'ae1909fa-447b-4fcc-a264-3b9209c77dc5', '2026-03-01T10:00:00+00:00', '2026-02-23T18:25:26.222305+00:00');
INSERT INTO public.return_cases (id, supplier_id, warehouse_id, ddt_reference, expected_ndc_amount, notes, created_by, created_at, updated_at) VALUES ('c1ac8cbe-9a4b-4652-9d17-b924b5ac7872', '60b997f0-e605-413f-9c9f-f6418bd35834', '25d7a3e5-ca76-4c6f-991e-742e3549315a', 'Gara Sell-In Gen-Feb 2026', 0, 'entro il 27 Marzo - 27.638,13 € ', 'ae1909fa-447b-4fcc-a264-3b9209c77dc5', '2026-03-06T09:19:04.464549+00:00', '2026-03-06T09:19:04.464549+00:00');

-- TABLE: return_lines
-- Columns: id, return_case_id, sku_id, quantity, product_unit_id, created_at
-- 6 row(s)

INSERT INTO public.return_lines (id, return_case_id, sku_id, quantity, product_unit_id, created_at) VALUES ('068de0af-7ba3-40ca-86be-4f556e4cc82f', 'ed689a41-89c5-4ca8-99d1-7b33f86e5808', '08d1b1bb-4eef-407d-a475-af68c7e08a06', 1, '314189a5-1000-4fd6-b395-ab559eda72a3', '2026-02-19T18:57:28.438063+00:00');
INSERT INTO public.return_lines (id, return_case_id, sku_id, quantity, product_unit_id, created_at) VALUES ('2b09494a-4c18-4fdc-810d-35d89a664505', 'c5579c35-b330-482c-88b4-4d96a141fbf9', '25b1f76b-44aa-4a4f-a81d-9a5a90632084', 12, NULL, '2026-02-19T19:05:08.93395+00:00');
INSERT INTO public.return_lines (id, return_case_id, sku_id, quantity, product_unit_id, created_at) VALUES ('23b6a57a-549b-4a5c-8489-2d655082a2cc', '4ce61c1c-d122-4c24-9050-b03f87a1e0f9', '25b1f76b-44aa-4a4f-a81d-9a5a90632084', 2, NULL, '2026-02-23T18:25:25.922343+00:00');
INSERT INTO public.return_lines (id, return_case_id, sku_id, quantity, product_unit_id, created_at) VALUES ('7ba3638f-5d5c-43e5-abe2-ced8403bc8f6', '8f52fcf7-93d9-479d-bbbf-cfc68f997cf3', '25b1f76b-44aa-4a4f-a81d-9a5a90632084', 3, NULL, '2026-02-23T18:25:26.102663+00:00');
INSERT INTO public.return_lines (id, return_case_id, sku_id, quantity, product_unit_id, created_at) VALUES ('5498fbee-44ca-4950-a5e0-bdfd1117ec74', 'ca493d23-7faf-4c61-9b76-725854dc7b43', '25b1f76b-44aa-4a4f-a81d-9a5a90632084', 4, NULL, '2026-02-23T18:25:26.279956+00:00');
INSERT INTO public.return_lines (id, return_case_id, sku_id, quantity, product_unit_id, created_at) VALUES ('88f86f6c-64f5-4b03-8ffc-c173f7eb9b5a', 'c1ac8cbe-9a4b-4652-9d17-b924b5ac7872', '25b1f76b-44aa-4a4f-a81d-9a5a90632084', 1, NULL, '2026-03-06T09:19:04.624072+00:00');

-- TABLE: competitions
-- Columns: id, name, start_date, end_date, ndc_discount_pct, is_active, created_at, updated_at
-- 5 row(s)

INSERT INTO public.competitions (id, name, start_date, end_date, ndc_discount_pct, is_active, created_at, updated_at) VALUES ('8be1326f-9f77-4a95-8198-d7315f068bf2', 'Operazione Honor ', '2026-01-01', '2026-02-28', 0, false, '2026-02-23T18:40:51.427537+00:00', '2026-03-02T10:51:24.920058+00:00');
INSERT INTO public.competitions (id, name, start_date, end_date, ndc_discount_pct, is_active, created_at, updated_at) VALUES ('a909a8cc-4177-4af9-9ae9-2615b2aa29f6', 'Operazione Vivo', '2026-02-01', '2026-02-28', 0, false, '2026-02-19T19:31:29.221102+00:00', '2026-03-02T14:43:50.777462+00:00');
INSERT INTO public.competitions (id, name, start_date, end_date, ndc_discount_pct, is_active, created_at, updated_at) VALUES ('c9d3bc72-3e3e-4a4a-86dc-d5661b0c26ec', 'Sellin Bimestrale Gen-Feb', '2026-01-01', '2026-03-02', 0, false, '2026-02-24T14:48:06.160284+00:00', '2026-03-06T10:21:02.431833+00:00');
INSERT INTO public.competitions (id, name, start_date, end_date, ndc_discount_pct, is_active, created_at, updated_at) VALUES ('7a32f2b7-1612-471b-969c-70318b95ddc4', 'Sellin Bimestrale Marzo-Aprile', '2026-03-05', '2026-04-30', 0, true, '2026-03-06T09:48:33.009581+00:00', '2026-03-14T12:15:32.62659+00:00');
INSERT INTO public.competitions (id, name, start_date, end_date, ndc_discount_pct, is_active, created_at, updated_at) VALUES ('3b41b636-635d-4e3d-9b46-b73a6a98138a', 'Gara Motorola - Febbraio', '2026-02-01', '2026-03-31', 0, true, '2026-02-23T18:43:27.266727+00:00', '2026-03-17T16:19:26.270504+00:00');

-- TABLE: competition_exclusions
-- Columns: id, competition_id, sku_id, brand, created_at
-- 2 row(s)

INSERT INTO public.competition_exclusions (id, competition_id, sku_id, brand, created_at) VALUES ('315d481f-695e-4d73-81fb-0a1c067ff539', 'c9d3bc72-3e3e-4a4a-86dc-d5661b0c26ec', NULL, 'Apple', '2026-03-02T13:58:20.862485+00:00');
INSERT INTO public.competition_exclusions (id, competition_id, sku_id, brand, created_at) VALUES ('b2cbd8c4-5602-49fd-9510-bb7ea90ea707', '7a32f2b7-1612-471b-969c-70318b95ddc4', NULL, 'apple', '2026-03-23T14:31:59.826355+00:00');

-- TABLE: competition_snapshots
-- Columns: id, competition_id, store_id, total_purchase_value, total_units, ndc_discount_value, token_value, reward_value, total_discount_value, calculated_at, created_at
-- 18 row(s)

INSERT INTO public.competition_snapshots (id, competition_id, store_id, total_purchase_value, total_units, ndc_discount_value, token_value, reward_value, total_discount_value, calculated_at, created_at) VALUES ('2e949b55-3046-493b-95c5-e13753f879ad', '3b41b636-635d-4e3d-9b46-b73a6a98138a', 'ef4934b4-db06-4def-98e4-3a63110c2b4e', 51064.57, 189, 0, 126, 0, 126, '2026-03-17T16:19:34.071+00:00', '2026-03-17T16:19:34.18536+00:00');
INSERT INTO public.competition_snapshots (id, competition_id, store_id, total_purchase_value, total_units, ndc_discount_value, token_value, reward_value, total_discount_value, calculated_at, created_at) VALUES ('16dd77f2-58ce-4bd2-8527-fbcd491f1ba5', '3b41b636-635d-4e3d-9b46-b73a6a98138a', '6261582a-d13f-4ac6-bad5-b19b57a02bfc', 432225.39, 1614, 0, 180, 0, 180, '2026-03-17T16:19:34.071+00:00', '2026-03-17T16:19:34.18536+00:00');
INSERT INTO public.competition_snapshots (id, competition_id, store_id, total_purchase_value, total_units, ndc_discount_value, token_value, reward_value, total_discount_value, calculated_at, created_at) VALUES ('6a5634fe-171a-4b62-920e-55885db750b4', '3b41b636-635d-4e3d-9b46-b73a6a98138a', 'b9c2a011-0a7e-4f96-8b1a-7419c62c8aa0', 84962.79000000004, 99, 0, 363, 0, 363, '2026-03-17T16:19:34.071+00:00', '2026-03-17T16:19:34.18536+00:00');
INSERT INTO public.competition_snapshots (id, competition_id, store_id, total_purchase_value, total_units, ndc_discount_value, token_value, reward_value, total_discount_value, calculated_at, created_at) VALUES ('e946ebd1-7641-4ce0-84c6-6092b5d3bcf4', '3b41b636-635d-4e3d-9b46-b73a6a98138a', 'a0bc1be0-f615-4334-99fa-612b812babe9', 26056.52, 60, 0, 0, 0, 0, '2026-03-17T16:19:34.071+00:00', '2026-03-17T16:19:34.18536+00:00');
INSERT INTO public.competition_snapshots (id, competition_id, store_id, total_purchase_value, total_units, ndc_discount_value, token_value, reward_value, total_discount_value, calculated_at, created_at) VALUES ('be6fbd43-47d3-4f30-a66d-83f14e220bd6', '3b41b636-635d-4e3d-9b46-b73a6a98138a', 'b8260136-88a7-4bb5-bdcf-395575f4a692', 65874.18, 236, 0, 666, 0, 666, '2026-03-17T16:19:34.071+00:00', '2026-03-17T16:19:34.18536+00:00');
INSERT INTO public.competition_snapshots (id, competition_id, store_id, total_purchase_value, total_units, ndc_discount_value, token_value, reward_value, total_discount_value, calculated_at, created_at) VALUES ('8a78b4dc-f1a1-46da-8303-0a1e7bf3da6a', '7a32f2b7-1612-471b-969c-70318b95ddc4', 'b8260136-88a7-4bb5-bdcf-395575f4a692', 89456.28, 458, 0, 0, 0, 0, '2026-04-02T12:57:30.2+00:00', '2026-04-02T12:57:30.302977+00:00');
INSERT INTO public.competition_snapshots (id, competition_id, store_id, total_purchase_value, total_units, ndc_discount_value, token_value, reward_value, total_discount_value, calculated_at, created_at) VALUES ('e20dd0b7-db99-4a81-ba8f-81969052454d', '7a32f2b7-1612-471b-969c-70318b95ddc4', 'ef4934b4-db06-4def-98e4-3a63110c2b4e', 17167, 54, 0, 0, 0, 0, '2026-04-02T12:57:30.2+00:00', '2026-04-02T12:57:30.302977+00:00');
INSERT INTO public.competition_snapshots (id, competition_id, store_id, total_purchase_value, total_units, ndc_discount_value, token_value, reward_value, total_discount_value, calculated_at, created_at) VALUES ('f1aeabed-355c-4b6a-a52f-98178199add5', '7a32f2b7-1612-471b-969c-70318b95ddc4', 'b9c2a011-0a7e-4f96-8b1a-7419c62c8aa0', 20647.08, 48, 0, 0, 0, 0, '2026-04-02T12:57:30.2+00:00', '2026-04-02T12:57:30.302977+00:00');
INSERT INTO public.competition_snapshots (id, competition_id, store_id, total_purchase_value, total_units, ndc_discount_value, token_value, reward_value, total_discount_value, calculated_at, created_at) VALUES ('7eb5ff2e-757c-43fc-b9c2-196db852d44a', '8be1326f-9f77-4a95-8198-d7315f068bf2', 'ef4934b4-db06-4def-98e4-3a63110c2b4e', 41145.92, 130, 0, 360, 0, 360, '2026-03-02T10:58:55.43+00:00', '2026-03-02T10:58:55.515149+00:00');
INSERT INTO public.competition_snapshots (id, competition_id, store_id, total_purchase_value, total_units, ndc_discount_value, token_value, reward_value, total_discount_value, calculated_at, created_at) VALUES ('a2acc51b-d3fc-45e4-a7f3-ef25aa1391ea', '8be1326f-9f77-4a95-8198-d7315f068bf2', '6261582a-d13f-4ac6-bad5-b19b57a02bfc', 415366.01999999996, 1405, 0, 4620, 0, 4620, '2026-03-02T10:58:55.43+00:00', '2026-03-02T10:58:55.515149+00:00');
INSERT INTO public.competition_snapshots (id, competition_id, store_id, total_purchase_value, total_units, ndc_discount_value, token_value, reward_value, total_discount_value, calculated_at, created_at) VALUES ('91dbdf87-80c6-4615-8644-fd5863752ee3', '8be1326f-9f77-4a95-8198-d7315f068bf2', 'b9c2a011-0a7e-4f96-8b1a-7419c62c8aa0', 73516.85, 89, 0, 0, 0, 0, '2026-03-02T10:58:55.43+00:00', '2026-03-02T10:58:55.515149+00:00');
INSERT INTO public.competition_snapshots (id, competition_id, store_id, total_purchase_value, total_units, ndc_discount_value, token_value, reward_value, total_discount_value, calculated_at, created_at) VALUES ('1e3ae2fa-d5d8-4246-857b-25d923bea55c', 'a909a8cc-4177-4af9-9ae9-2615b2aa29f6', 'ef4934b4-db06-4def-98e4-3a63110c2b4e', 41145.92, 130, 0, 260, 0, 260, '2026-03-02T13:35:10.079+00:00', '2026-03-02T13:35:10.184818+00:00');
INSERT INTO public.competition_snapshots (id, competition_id, store_id, total_purchase_value, total_units, ndc_discount_value, token_value, reward_value, total_discount_value, calculated_at, created_at) VALUES ('c3d22dc6-e52e-4391-8850-8b5670453153', 'a909a8cc-4177-4af9-9ae9-2615b2aa29f6', '6261582a-d13f-4ac6-bad5-b19b57a02bfc', 415366.01999999996, 1405, 0, 4460, 0, 4460, '2026-03-02T13:35:10.079+00:00', '2026-03-02T13:35:10.184818+00:00');
INSERT INTO public.competition_snapshots (id, competition_id, store_id, total_purchase_value, total_units, ndc_discount_value, token_value, reward_value, total_discount_value, calculated_at, created_at) VALUES ('d1414e1d-633d-45f8-ad7b-5c60603951e9', 'a909a8cc-4177-4af9-9ae9-2615b2aa29f6', 'b9c2a011-0a7e-4f96-8b1a-7419c62c8aa0', 73516.85, 89, 0, 0, 0, 0, '2026-03-02T13:35:10.079+00:00', '2026-03-02T13:35:10.184818+00:00');
INSERT INTO public.competition_snapshots (id, competition_id, store_id, total_purchase_value, total_units, ndc_discount_value, token_value, reward_value, total_discount_value, calculated_at, created_at) VALUES ('0e0e3e17-95cd-49d9-8777-a93289f400de', 'c9d3bc72-3e3e-4a4a-86dc-d5661b0c26ec', 'ef4934b4-db06-4def-98e4-3a63110c2b4e', 43598.57, 160, 0, 0, 0, 0, '2026-03-06T10:20:56.723+00:00', '2026-03-06T10:20:56.813594+00:00');
INSERT INTO public.competition_snapshots (id, competition_id, store_id, total_purchase_value, total_units, ndc_discount_value, token_value, reward_value, total_discount_value, calculated_at, created_at) VALUES ('e2e3dc6c-9c7a-4b07-92f3-9fbc99369c05', 'c9d3bc72-3e3e-4a4a-86dc-d5661b0c26ec', '6261582a-d13f-4ac6-bad5-b19b57a02bfc', 432225.39, 1614, 0, 0, 12102.31092, 12102.31092, '2026-03-06T10:20:56.723+00:00', '2026-03-06T10:20:56.813594+00:00');
INSERT INTO public.competition_snapshots (id, competition_id, store_id, total_purchase_value, total_units, ndc_discount_value, token_value, reward_value, total_discount_value, calculated_at, created_at) VALUES ('90fcf1d5-4b56-4851-9ff6-44b74f8bc811', 'c9d3bc72-3e3e-4a4a-86dc-d5661b0c26ec', 'b9c2a011-0a7e-4f96-8b1a-7419c62c8aa0', 84962.79000000004, 99, 0, 0, 0, 0, '2026-03-06T10:20:56.723+00:00', '2026-03-06T10:20:56.813594+00:00');
INSERT INTO public.competition_snapshots (id, competition_id, store_id, total_purchase_value, total_units, ndc_discount_value, token_value, reward_value, total_discount_value, calculated_at, created_at) VALUES ('78b016c1-4092-4faf-ab3f-b75f3a6a66ef', 'c9d3bc72-3e3e-4a4a-86dc-d5661b0c26ec', 'a0bc1be0-f615-4334-99fa-612b812babe9', 26056.52, 60, 0, 0, 0, 0, '2026-03-06T10:20:56.723+00:00', '2026-03-06T10:20:56.813594+00:00');

-- TABLE: thresholds
-- Columns: id, competition_id, threshold_type, min_value, reward_type, reward_value, created_at
-- 6 row(s)

INSERT INTO public.thresholds (id, competition_id, threshold_type, min_value, reward_type, reward_value, created_at) VALUES ('90eccc59-3195-46a6-a5bc-7b2e60c35e92', 'c9d3bc72-3e3e-4a4a-86dc-d5661b0c26ec', 'units', 1620, 'percentage', 4.3, '2026-02-24T14:51:07.374149+00:00');
INSERT INTO public.thresholds (id, competition_id, threshold_type, min_value, reward_type, reward_value, created_at) VALUES ('5f4e5d8b-a1b1-486a-beb1-a1f64ac62498', 'c9d3bc72-3e3e-4a4a-86dc-d5661b0c26ec', 'units', 1860, 'percentage', 6.3, '2026-02-24T14:51:21.433256+00:00');
INSERT INTO public.thresholds (id, competition_id, threshold_type, min_value, reward_type, reward_value, created_at) VALUES ('05dff86c-0e0f-475c-aba4-27357435067e', 'c9d3bc72-3e3e-4a4a-86dc-d5661b0c26ec', 'units', 1200, 'percentage', 2.8, '2026-02-24T14:50:40.762354+00:00');
INSERT INTO public.thresholds (id, competition_id, threshold_type, min_value, reward_type, reward_value, created_at) VALUES ('16fcf16b-adfa-418b-9621-740f6295a70d', '7a32f2b7-1612-471b-969c-70318b95ddc4', 'units', 1080, 'percentage', 3.1, '2026-03-06T09:50:05.002702+00:00');
INSERT INTO public.thresholds (id, competition_id, threshold_type, min_value, reward_type, reward_value, created_at) VALUES ('20e711c8-451b-4952-85dd-d00bfdbec0c7', '7a32f2b7-1612-471b-969c-70318b95ddc4', 'units', 1440, 'percentage', 4.3, '2026-03-06T09:50:53.265528+00:00');
INSERT INTO public.thresholds (id, competition_id, threshold_type, min_value, reward_type, reward_value, created_at) VALUES ('3f052a2e-4942-4761-8e10-ebdb17c7c53a', '7a32f2b7-1612-471b-969c-70318b95ddc4', 'units', 1680, 'percentage', 6.3, '2026-03-06T09:51:18.119275+00:00');

-- TABLE: token_rules
-- Columns: id, competition_id, brand, sku_id, token_amount, created_at, qty_cap
-- 9 row(s)

INSERT INTO public.token_rules (id, competition_id, brand, sku_id, token_amount, created_at, qty_cap) VALUES ('f711f108-527d-4fd7-afc3-57532e4997e2', '3b41b636-635d-4e3d-9b46-b73a6a98138a', 'Motorola', '46b3f569-eb4a-4910-8294-3cb839781f22', 23, '2026-02-23T18:43:53.298263+00:00', NULL);
INSERT INTO public.token_rules (id, competition_id, brand, sku_id, token_amount, created_at, qty_cap) VALUES ('6cf45ac6-94ac-4ea8-8c91-779d9cd86570', '3b41b636-635d-4e3d-9b46-b73a6a98138a', 'Motorola', '5634d296-c35d-40f8-8593-0b579491cc18', 10, '2026-03-02T10:42:37.816529+00:00', NULL);
INSERT INTO public.token_rules (id, competition_id, brand, sku_id, token_amount, created_at, qty_cap) VALUES ('b9c9c152-f5f2-4914-9839-1e7ea8afc275', '3b41b636-635d-4e3d-9b46-b73a6a98138a', 'Motorola', '69a55ef6-530c-4364-85a9-a3a978d6bafc', 15, '2026-03-02T10:45:06.350619+00:00', NULL);
INSERT INTO public.token_rules (id, competition_id, brand, sku_id, token_amount, created_at, qty_cap) VALUES ('9a03731d-6aed-44db-a184-10b120eb4aeb', '3b41b636-635d-4e3d-9b46-b73a6a98138a', 'Motorola', 'f6e94d51-a9f4-45e2-8c50-ce9efdfac367', 15, '2026-03-02T10:45:23.366437+00:00', NULL);
INSERT INTO public.token_rules (id, competition_id, brand, sku_id, token_amount, created_at, qty_cap) VALUES ('4bff741d-e704-4cca-a88c-3df6a8b2fd97', '8be1326f-9f77-4a95-8198-d7315f068bf2', 'Honor', '76914c02-0a75-4880-879c-384b82e364b5', 30, '2026-03-02T10:50:58.27417+00:00', 170);
INSERT INTO public.token_rules (id, competition_id, brand, sku_id, token_amount, created_at, qty_cap) VALUES ('98fb5929-4c68-42d3-abed-5a5cb1928e2c', 'a909a8cc-4177-4af9-9ae9-2615b2aa29f6', 'Vivo', 'fbe2362c-c373-4747-a36a-b67ae10e74b0', 40, '2026-03-02T10:56:43.691055+00:00', NULL);
INSERT INTO public.token_rules (id, competition_id, brand, sku_id, token_amount, created_at, qty_cap) VALUES ('290f95b7-14d4-4530-9853-b1cf942b692d', 'a909a8cc-4177-4af9-9ae9-2615b2aa29f6', 'Vivo', '660cfd6c-9899-491e-a9a8-bb097570d930', 40, '2026-03-02T10:57:06.337803+00:00', NULL);
INSERT INTO public.token_rules (id, competition_id, brand, sku_id, token_amount, created_at, qty_cap) VALUES ('5bb0f7c2-a37e-4b95-b65b-55cccb14622d', 'a909a8cc-4177-4af9-9ae9-2615b2aa29f6', 'Vivo', '27f2a920-da58-447a-9999-f0dfca36cfa0', 20, '2026-03-02T10:57:29.081615+00:00', 200);
INSERT INTO public.token_rules (id, competition_id, brand, sku_id, token_amount, created_at, qty_cap) VALUES ('9e199e9a-a670-40ee-ab2a-ac7e9baa9ff1', '3b41b636-635d-4e3d-9b46-b73a6a98138a', 'Motorola ', '4174aeb3-4692-4095-b2bd-96b770d14b09', 23, '2026-03-02T10:47:51.181938+00:00', NULL);

-- TABLE: cash_flow_entries
-- Columns: id, direction, amount, total_paid, description, due_date, status, counterpart_name, category, store_id, external_source, external_id, notes, created_by, created_at, updated_at
-- 14 row(s)

INSERT INTO public.cash_flow_entries (id, direction, amount, total_paid, description, due_date, status, counterpart_name, category, store_id, external_source, external_id, notes, created_by, created_at, updated_at) VALUES ('c83b394a-8c60-44ae-b1df-f620eeee6492', 'in', 27638.13, 0, 'Gara Sell-In Gen-Feb- 2026', '2026-03-27', 'pending', 'Wind Tre', 'Incentivazione Sell-In', NULL, NULL, NULL, NULL, 'ae1909fa-447b-4fcc-a264-3b9209c77dc5', '2026-03-06T09:21:49.555122+00:00', '2026-03-06T09:21:49.555122+00:00');
INSERT INTO public.cash_flow_entries (id, direction, amount, total_paid, description, due_date, status, counterpart_name, category, store_id, external_source, external_id, notes, created_by, created_at, updated_at) VALUES ('21add565-3cb3-4acd-9812-dfb3baef17d5', 'in', 5057.43, 0, 'Promo Pack HONOR Capitan D+', '2026-03-07', 'pending', 'WindTre', 'Incentivazione Sell-In', NULL, NULL, NULL, NULL, 'ae1909fa-447b-4fcc-a264-3b9209c77dc5', '2026-03-06T09:33:22.197528+00:00', '2026-03-06T09:33:22.197528+00:00');
INSERT INTO public.cash_flow_entries (id, direction, amount, total_paid, description, due_date, status, counterpart_name, category, store_id, external_source, external_id, notes, created_by, created_at, updated_at) VALUES ('bc12e1ee-d668-4326-aca2-ffa0f10eee25', 'in', 5100, 0, 'Operazione HONOR', '2026-03-15', 'pending', 'Wind Tre', 'Incentivazione Sell-In', NULL, NULL, NULL, NULL, 'ae1909fa-447b-4fcc-a264-3b9209c77dc5', '2026-03-06T09:34:09.453327+00:00', '2026-03-06T09:34:09.453327+00:00');
INSERT INTO public.cash_flow_entries (id, direction, amount, total_paid, description, due_date, status, counterpart_name, category, store_id, external_source, external_id, notes, created_by, created_at, updated_at) VALUES ('bd51a42b-744d-435c-8122-d5176110aadb', 'in', 1075.2, 0, 'Promo Pack Febbraio 2026', '2026-03-28', 'pending', 'WindTre', 'Incentivazione Sell-In', NULL, NULL, NULL, NULL, 'ae1909fa-447b-4fcc-a264-3b9209c77dc5', '2026-03-06T09:34:59.772869+00:00', '2026-03-06T09:34:59.772869+00:00');
INSERT INTO public.cash_flow_entries (id, direction, amount, total_paid, description, due_date, status, counterpart_name, category, store_id, external_source, external_id, notes, created_by, created_at, updated_at) VALUES ('9d42e1d3-8a8b-4a09-a884-1012e3ca6280', 'in', 3745.29, 0, 'Promo Pack VIVO Capitan D+', '2026-03-28', 'pending', 'WindTre', 'Incentivazione Gara Sell-In', NULL, NULL, NULL, NULL, 'ae1909fa-447b-4fcc-a264-3b9209c77dc5', '2026-03-06T09:36:16.21794+00:00', '2026-03-06T09:36:16.21794+00:00');
INSERT INTO public.cash_flow_entries (id, direction, amount, total_paid, description, due_date, status, counterpart_name, category, store_id, external_source, external_id, notes, created_by, created_at, updated_at) VALUES ('b39ecf18-1ed6-4a06-bbda-cbf121545d88', 'in', 2060.28, 0, 'Extra Sconto pack lancio Samsung', '2026-04-05', 'pending', NULL, 'Incentevazione Sell-In', NULL, NULL, NULL, NULL, 'ae1909fa-447b-4fcc-a264-3b9209c77dc5', '2026-03-06T09:37:56.929205+00:00', '2026-03-06T09:37:56.929205+00:00');
INSERT INTO public.cash_flow_entries (id, direction, amount, total_paid, description, due_date, status, counterpart_name, category, store_id, external_source, external_id, notes, created_by, created_at, updated_at) VALUES ('c8d422ba-13de-42bb-af39-c450608cbdd5', 'in', 131.76, 0, 'Extra Sconto pack lancio Motorola', '2026-04-05', 'pending', 'WindTre', 'Incentivazione Sell-In', NULL, NULL, NULL, NULL, 'ae1909fa-447b-4fcc-a264-3b9209c77dc5', '2026-03-06T09:38:28.745259+00:00', '2026-03-06T09:38:28.745259+00:00');
INSERT INTO public.cash_flow_entries (id, direction, amount, total_paid, description, due_date, status, counterpart_name, category, store_id, external_source, external_id, notes, created_by, created_at, updated_at) VALUES ('9f2ac50a-f9e1-4f1c-acd9-b04623d029c0', 'in', 420.48, 0, 'Extra Sconto pack lancio Xiaomi', '2026-04-05', 'pending', 'WindTre', 'Incentivazione Sell-in', NULL, NULL, NULL, NULL, 'ae1909fa-447b-4fcc-a264-3b9209c77dc5', '2026-03-06T09:39:26.099368+00:00', '2026-03-06T09:39:26.099368+00:00');
INSERT INTO public.cash_flow_entries (id, direction, amount, total_paid, description, due_date, status, counterpart_name, category, store_id, external_source, external_id, notes, created_by, created_at, updated_at) VALUES ('ed81d646-4f62-45ae-ab0b-7ceea67b2ea2', 'in', 2900.59, 0, 'o	Incentivazione Sell-In ZTE VIP Club Feb-Mar 2026', '2026-04-05', 'pending', 'WindTre', 'Incentivazione Sell-In', NULL, NULL, NULL, NULL, 'ae1909fa-447b-4fcc-a264-3b9209c77dc5', '2026-03-06T09:40:07.254968+00:00', '2026-03-06T09:40:07.254968+00:00');
INSERT INTO public.cash_flow_entries (id, direction, amount, total_paid, description, due_date, status, counterpart_name, category, store_id, external_source, external_id, notes, created_by, created_at, updated_at) VALUES ('1240db0d-ff81-4a4c-84a1-e765c7e23123', 'in', 1297.2, 0, 'Promo Pack ZTE VIP Club', '2026-04-05', 'pending', 'WindTre', 'Incentivazione Sell-in', NULL, NULL, NULL, NULL, 'ae1909fa-447b-4fcc-a264-3b9209c77dc5', '2026-03-06T09:40:48.163362+00:00', '2026-03-06T09:40:48.163362+00:00');
INSERT INTO public.cash_flow_entries (id, direction, amount, total_paid, description, due_date, status, counterpart_name, category, store_id, external_source, external_id, notes, created_by, created_at, updated_at) VALUES ('78add380-0577-4393-9aca-ea35cc9bd105', 'in', 4500, 0, 'Operazione VIVO', '2026-04-05', 'pending', 'VIVO', 'Incentivazione smartphone', NULL, NULL, NULL, NULL, 'ae1909fa-447b-4fcc-a264-3b9209c77dc5', '2026-03-06T09:41:29.299349+00:00', '2026-03-06T09:41:29.299349+00:00');
INSERT INTO public.cash_flow_entries (id, direction, amount, total_paid, description, due_date, status, counterpart_name, category, store_id, external_source, external_id, notes, created_by, created_at, updated_at) VALUES ('98b955eb-efd2-4ca6-8f17-91dc1a62f2fe', 'in', 1078.85, 1078.85, 'Promo Pack Gennaio 2026', '2026-03-06', 'settled', 'Wind Tre', 'Incentivazione Sell-In', NULL, NULL, NULL, NULL, 'ae1909fa-447b-4fcc-a264-3b9209c77dc5', '2026-03-06T09:23:25.065675+00:00', '2026-03-13T09:16:40.596438+00:00');
INSERT INTO public.cash_flow_entries (id, direction, amount, total_paid, description, due_date, status, counterpart_name, category, store_id, external_source, external_id, notes, created_by, created_at, updated_at) VALUES ('6c05e1f8-bc17-45bb-acae-3cf784a80760', 'in', 7986.91, 7986.91, 'Incentivazione Sell-In XIAOMI VIP Club Gen-Feb 2026', '2026-03-25', 'settled', 'WindTre', 'Incentivazione Gen-Feb', NULL, NULL, NULL, NULL, 'ae1909fa-447b-4fcc-a264-3b9209c77dc5', '2026-03-06T09:32:01.680708+00:00', '2026-03-13T09:17:22.959435+00:00');
INSERT INTO public.cash_flow_entries (id, direction, amount, total_paid, description, due_date, status, counterpart_name, category, store_id, external_source, external_id, notes, created_by, created_at, updated_at) VALUES ('33331ce4-ea10-43f5-9e1f-2bdcf1039931', 'in', 731.79, 731.79, 'Promo Pack XIAOMI VIP CLUB', '2026-03-25', 'settled', NULL, 'Incentivazione Sell-In Gen-Feb', NULL, NULL, NULL, NULL, 'ae1909fa-447b-4fcc-a264-3b9209c77dc5', '2026-03-06T09:32:41.229338+00:00', '2026-03-13T09:17:29.803149+00:00');

-- TABLE: cash_flow_payments
-- Columns: id, cash_flow_id, amount, payment_date, notes, payment_method, bank_reference, created_by, created_at
-- 3 row(s)

INSERT INTO public.cash_flow_payments (id, cash_flow_id, amount, payment_date, notes, payment_method, bank_reference, created_by, created_at) VALUES ('edd7f989-91d7-41bb-b561-09600046c62f', '98b955eb-efd2-4ca6-8f17-91dc1a62f2fe', 1078.85, '2026-03-13', NULL, 'bonifico', NULL, 'ae1909fa-447b-4fcc-a264-3b9209c77dc5', '2026-03-13T09:16:40.596438+00:00');
INSERT INTO public.cash_flow_payments (id, cash_flow_id, amount, payment_date, notes, payment_method, bank_reference, created_by, created_at) VALUES ('ec0e56cf-4049-4147-adf9-a3a690df592f', '6c05e1f8-bc17-45bb-acae-3cf784a80760', 7986.91, '2026-03-13', NULL, 'bonifico', NULL, 'ae1909fa-447b-4fcc-a264-3b9209c77dc5', '2026-03-13T09:17:22.959435+00:00');
INSERT INTO public.cash_flow_payments (id, cash_flow_id, amount, payment_date, notes, payment_method, bank_reference, created_by, created_at) VALUES ('24c496b9-c837-44e9-bfac-804347d4c263', '33331ce4-ea10-43f5-9e1f-2bdcf1039931', 731.79, '2026-03-13', NULL, 'bonifico', NULL, 'ae1909fa-447b-4fcc-a264-3b9209c77dc5', '2026-03-13T09:17:29.803149+00:00');

-- TABLE: bank_accounts
-- Columns: id, name, iban, bank_name, external_id, is_active, created_at
-- (empty table)

-- TABLE: bank_transactions
-- Columns: id, bank_account_id, external_id, amount, direction, description, transaction_date, counterpart_name, counterpart_iban, reference, is_matched, created_at
-- (empty table)

-- TABLE: payment_matches
-- Columns: id, bank_tx_id, cash_flow_id, match_confidence, match_reason, status, confirmed_by, confirmed_at, created_at
-- (empty table)

-- TABLE: integration_configs
-- Columns: id, integration_name, is_enabled, config, last_sync_at, created_at, updated_at
-- 2 row(s)

INSERT INTO public.integration_configs (id, integration_name, is_enabled, config, last_sync_at, created_at, updated_at) VALUES ('4844db4f-b654-477b-865d-e5fb86f08111', 'fatture_in_cloud', false, '{"sync_interval_hours": 1}', NULL, '2026-02-23T19:08:37.366197+00:00', '2026-02-23T19:08:37.366197+00:00');
INSERT INTO public.integration_configs (id, integration_name, is_enabled, config, last_sync_at, created_at, updated_at) VALUES ('f59e6679-9e76-4a41-97de-d5f263613a8e', 'bank_tink', false, '{"sync_interval_hours": 6}', NULL, '2026-02-23T19:08:37.366197+00:00', '2026-02-23T19:08:37.366197+00:00');

-- TABLE: stage_transition_rules
-- Columns: id, pipeline_id, from_stage_id, to_stage_id, require_label, notify_roles, is_active, created_at, updated_at
-- (empty table)

-- TABLE: in_app_notifications
-- Columns: id, user_id, title, body, reference_type, reference_id, is_read, created_at
-- (empty table)

-- TABLE: permission_groups
-- Columns: id, name, description, created_at, updated_at
-- 1 row(s)

INSERT INTO public.permission_groups (id, name, description, created_at, updated_at) VALUES ('a0c9cfc6-7793-4b86-981e-4f476603ef7c', 'AMMINISTRAZIONE', NULL, '2026-02-24T14:57:35.978298+00:00', '2026-02-24T14:57:35.978298+00:00');

-- TABLE: group_permissions
-- Columns: id, group_id, module, level, created_at
-- 1 row(s)

INSERT INTO public.group_permissions (id, group_id, module, level, created_at) VALUES ('e050960e-1934-430a-b9b8-6f2513c09c00', 'a0c9cfc6-7793-4b86-981e-4f476603ef7c', 'cash_flow', 'write', '2026-02-24T14:57:36.108278+00:00');

-- TABLE: user_group_memberships
-- Columns: id, user_id, group_id, created_at
-- (empty table)

-- TABLE: user_profiles
-- Columns: id, email, full_name, store_id, warehouse_id, created_at, updated_at
-- 2 row(s)

INSERT INTO public.user_profiles (id, email, full_name, store_id, warehouse_id, created_at, updated_at) VALUES ('ae1909fa-447b-4fcc-a264-3b9209c77dc5', 'admin@test.it', 'Super Admin', NULL, NULL, '2026-02-14T12:01:56.324269+00:00', '2026-02-14T12:01:56.545073+00:00');
INSERT INTO public.user_profiles (id, email, full_name, store_id, warehouse_id, created_at, updated_at) VALUES ('0dedafed-e6b0-4043-83a9-74482ec9a56c', 'email@email.it', 'Amministratore', NULL, NULL, '2026-02-24T14:58:07.037895+00:00', '2026-02-24T14:58:07.246141+00:00');

-- TABLE: user_roles
-- Columns: id, user_id, role
-- 2 row(s)

INSERT INTO public.user_roles (id, user_id, role) VALUES ('15eff9d9-fafb-41cc-a97a-64b326c45b98', 'ae1909fa-447b-4fcc-a264-3b9209c77dc5', 'super_admin');
INSERT INTO public.user_roles (id, user_id, role) VALUES ('9990d2ff-b7f4-4262-9c21-0870274e9dd3', '0dedafed-e6b0-4043-83a9-74482ec9a56c', 'super_admin');
